jpn: フィルム	rel:etymology	eng: film
jpn: 梵天	rel:etymology	san: ब्रह्मा
jpn: 中耳炎	rel:etymology	jpn: -炎
jpn: 皮膚科学	rel:etymology	jpn: 皮膚
jpn: 狩猟者	rel:etymology	jpn: 者
jpn: ゴースト	rel:etymology	eng: ghost
jpn: 戦略的	rel:etymology	jpn: -的
jpn: ヨーロッパ	rel:etymology	por: Europa
jpn: 反転テクトニクス	rel:etymology	jpn: テクトニクス
jpn: ジェリー	rel:etymology	eng: Jerry
jpn: 薔薇	rel:etymology	jpn: 茨
jpn: 結婚式	rel:etymology	jpn: 結婚
jpn: 最高	rel:etymology	jpn: 最-
jpn: 玉葱	rel:etymology	jpn: 玉
jpn: ポーション	rel:etymology	eng: potion
jpn: カラフル	rel:etymology	eng: colorful
jpn: 御中	rel:etymology	jpn: 中
jpn: 不飽和	rel:etymology	jpn: 飽和
jpn: デンマーク	rel:etymology	eng: Denmark
jpn: 伝言板	rel:etymology	jpn: 板
jpn: 化学的	rel:etymology	jpn: -的
jpn: 圧力計	rel:etymology	jpn: 圧力
jpn: 旧居	rel:etymology	jpn: 居
jpn: 狩猟犬	rel:etymology	jpn: 狩猟
jpn: 炭酸飲料	rel:etymology	jpn: 炭酸
jpn: たばこ	rel:etymology	por: tabaco
jpn: スコットランド人	rel:etymology	jpn: -人
jpn: フリー	rel:etymology	eng: en
jpn: 無制限	rel:etymology	jpn: 無-
jpn: ゆとり教育	rel:etymology	jpn: 教育
jpn: ファンファーレ	rel:etymology	deu: Fanfare
jpn: フリウリ語	rel:etymology	jpn: フリウリ
jpn: エチケット	rel:etymology	fra: étiquette
jpn: 責任者	rel:etymology	jpn: 者
jpn: 計画停電	rel:etymology	jpn: 停電
jpn: 水瓶座	rel:etymology	jpn: 水瓶
jpn: 幾何学的	rel:etymology	jpn: 幾何学
jpn: 鶏舎	rel:etymology	jpn: 鶏
jpn: アフガニスタン語	rel:etymology	jpn: アフガニスタン
jpn: 山羊座	rel:etymology	jpn: 山羊
jpn: アストゥリア語	rel:etymology	jpn: -語
jpn: 国際単位系	rel:etymology	jpn: 国際
jpn: お休みなさい	rel:etymology	jpn: 休みなさい
jpn: 鮓	rel:etymology	jpn: 酸し
jpn: バスク語	rel:etymology	jpn: バスク
jpn: コンピュニケーション	rel:etymology	jpn: コンピュータ
jpn: munechira	rel:etymology	jpn: chira
jpn: ウール	rel:etymology	eng: wool
jpn: じしんがくしゃ	rel:etymology	jpn: -者
jpn: 旧株	rel:etymology	jpn: 旧-
jpn: すし	rel:etymology	jpn: 酸し
jpn: ケイ素樹脂	rel:etymology	jpn: ケイ素
jpn: ちゃう	rel:etymology	jpn: 違う
jpn: 壮大	rel:etymology	cmn: 壮大
jpn: 戦術的	rel:etymology	jpn: -的
jpn: 非人道的	rel:etymology	jpn: 人道的
jpn: 反響定位	rel:etymology	jpn: 反響
jpn: デュエル	rel:etymology	eng: duel
jpn: 卵黄	rel:etymology	cmn: 卵黄
jpn: フリジア語	rel:etymology	jpn: フリジア
jpn: 獅子座	rel:etymology	jpn: 獅子
jpn: テスト	rel:etymology	eng: test
jpn: チャクラ	rel:etymology	san: चक्र
jpn: ウィクショナリー	rel:etymology	eng: Wiktionary
jpn: 無力感	rel:etymology	jpn: 無力
jpn: 死亡率	rel:etymology	jpn: 死亡
jpn: デモーニッシュ	rel:etymology	deu: dämonisch
jpn: 不定	rel:etymology	jpn: 定
jpn: 電脳	rel:etymology	cmn: 電脳
jpn: 動物学者	rel:etymology	jpn: -者
jpn: お仕置き	rel:etymology	jpn: 御-
jpn: カラクン	rel:etymology	nld: kalkoen
jpn: レガート	rel:etymology	ita: legato
jpn: チャンス	rel:etymology	eng: chance
jpn: 帯状疱疹	rel:etymology	jpn: 疱疹
jpn: フェラチオ	rel:etymology	eng: fellatio
jpn: アラム語	rel:etymology	jpn: -語
jpn: ベラルーシ語	rel:etymology	jpn: ベラルーシ
jpn: 当駅	rel:etymology	jpn: 駅
jpn: お巡りさん	rel:etymology	jpn: お-
jpn: 快い	rel:etymology	jpn: 心
jpn: 委員長	rel:etymology	jpn: -長
jpn: 馬鹿野郎	rel:etymology	jpn: 野郎
jpn: 禁忌	rel:etymology	jpn: 忌
jpn: 煙草	rel:etymology	por: tabaco
jpn: デーモン	rel:etymology	eng: Damon
jpn: 反転テクトニクス	rel:etymology	jpn: 反転
jpn: キッズ	rel:etymology	eng: kids
jpn: 腸内細菌	rel:etymology	jpn: 腸内
jpn: 漫画家	rel:etymology	jpn: 漫画
jpn: 楽観主義	rel:etymology	jpn: -主義
jpn: スプートニク	rel:etymology	rus: спутник
jpn: 教誡	rel:etymology	cmn: 教誡
jpn: 音声記号	rel:etymology	jpn: 音声
jpn: 新世界	rel:etymology	jpn: 新-
jpn: 怠け者	rel:etymology	jpn: 怠ける
jpn: ユーフラテス川	rel:etymology	jpn: -川
jpn: 慢性的	rel:etymology	jpn: -的
jpn: 金	rel:etymology	ltc: 金
jpn: 実験場	rel:etymology	jpn: 実験
jpn: じしんがくしゃ	rel:etymology	jpn: 地震学
jpn: に代わって	rel:etymology	jpn: に
jpn: ドリアン	rel:etymology	eng: durian
jpn: 副作用	rel:etymology	jpn: 作用
jpn: 健康的	rel:etymology	jpn: 健康
jpn: 最上級	rel:etymology	jpn: 上級
jpn: ペスト	rel:etymology	fra: peste
jpn: 懐中電灯	rel:etymology	jpn: 懐中
jpn: エクステンション	rel:etymology	eng: hair extension
jpn: フィンランド語	rel:etymology	jpn: -語
jpn: サウンドトラック	rel:etymology	eng: soundtrack
jpn: ダイナマイト	rel:etymology	eng: dynamite
jpn: ウエート	rel:etymology	eng: weight
jpn: 旧約聖書	rel:etymology	jpn: 約聖書
jpn: チベット語	rel:etymology	jpn: -語
jpn: 大人ぶる	rel:etymology	jpn: -振る
jpn: 寿司	rel:etymology	jpn: 酸し
jpn: オック語	rel:etymology	jpn: -語
jpn: 八ヶ月	rel:etymology	jpn: -ヶ月
jpn: メス	rel:etymology	nld: mes
jpn: はてなマーク	rel:etymology	jpn: マーク
jpn: コメント	rel:etymology	eng: comment
jpn: ケチュア語	rel:etymology	jpn: -語
jpn: アメリカ	rel:etymology	eng: America
jpn: クェゼリン	rel:etymology	mah: Kuwajleen
jpn: お任せ	rel:etymology	jpn: 任せ
jpn: 工事中	rel:etymology	jpn: -中
jpn: 羅甸語	rel:etymology	jpn: 羅甸
jpn: 伝導帯	rel:etymology	jpn: -帯
jpn: 健康的	rel:etymology	jpn: -的
jpn: マーブル	rel:etymology	eng: marble
jpn: 序詞	rel:etymology	cmn: 序詞
jpn: 茉莉花	rel:etymology	jpn: 花
jpn: 盲腸炎	rel:etymology	jpn: 盲腸
jpn: 現実主義	rel:etymology	jpn: 主義
jpn: 華人	rel:etymology	jpn: 華
jpn: 犬ちゃん	rel:etymology	jpn: 犬
jpn: 音量	rel:etymology	jpn: 音
jpn: エコノミークラス症候群	rel:etymology	jpn: 症候群
jpn: 家庭料理	rel:etymology	jpn: 料理
jpn: 潜在的	rel:etymology	jpn: -的
jpn: 敵対的	rel:etymology	jpn: 敵対
jpn: 脱水	rel:etymology	jpn: 水
jpn: 食べ放題	rel:etymology	jpn: -放題
jpn: ハンドル	rel:etymology	eng: handle
jpn: 断食	rel:etymology	jpn: 食
jpn: 詠唱	rel:etymology	cmn: 詠唱
jpn: 歴史的仮名遣	rel:etymology	jpn: 歴史的な
jpn: 仙	rel:etymology	eng: cent
jpn: 新約聖書	rel:etymology	jpn: 約聖書
jpn: 不用	rel:etymology	jpn: 不-
jpn: プシューケー	rel:etymology	grc: Ψυχή
jpn: ジョックストラップ	rel:etymology	eng: jockstrap
jpn: 旧字体	rel:etymology	jpn: 旧-
jpn: 実質経済成長率	rel:etymology	jpn: 実質経済成長
jpn: 切紙	rel:etymology	jpn: 切り
jpn: 被害者	rel:etymology	jpn: -者
jpn: コンベックス	rel:etymology	eng: convex
jpn: トランク	rel:etymology	eng: trunk
jpn: 量子力学	rel:etymology	jpn: 量子
jpn: 脱分極	rel:etymology	jpn: 脱-
jpn: 解像度	rel:etymology	jpn: -度
jpn: ケースバイケース	rel:etymology	eng: case-by-case
jpn: アラゴン語	rel:etymology	jpn: アラゴン
jpn: ピチャンチャチャラ語	rel:etymology	jpn: ピチャンチャチャラ
jpn: ウェー	rel:etymology	eng: way
jpn: 不可能	rel:etymology	jpn: 可能
jpn: 見込み違い	rel:etymology	jpn: 見込み
jpn: 非人道的	rel:etymology	jpn: 非-
jpn: dorama	rel:etymology	eng: drama
jpn: マラソン	rel:etymology	eng: marathon
jpn: 受講生	rel:etymology	jpn: 生
jpn: SI単位系	rel:etymology	jpn: 単位系
jpn: セーラー服	rel:etymology	jpn: 服
jpn: ファスナー	rel:etymology	eng: fastener
jpn: カーラジオ	rel:etymology	eng: car radio
jpn: ヴァリエーション	rel:etymology	eng: variation
jpn: bye-Q	rel:etymology	jpn: サンキュー
jpn: フランス	rel:etymology	fra: France
jpn: 株主総会	rel:etymology	jpn: 株主
jpn: 超次元	rel:etymology	jpn: 次元
jpn: マント	rel:etymology	fra: manteau
jpn: 実験場	rel:etymology	jpn: -場
jpn: リップスティック	rel:etymology	eng: lipstick
jpn: キリバス語	rel:etymology	jpn: -語
jpn: ラスク	rel:etymology	eng: rusk
jpn: 東日本大震災	rel:etymology	jpn: 東日本
jpn: 公案	rel:etymology	cmn: 公案
jpn: janpu	rel:etymology	eng: jump
jpn: お任せ	rel:etymology	jpn: 御-
jpn: シチリア語	rel:etymology	jpn: シチリア
jpn: 著作権	rel:etymology	jpn: -権
jpn: エスペラント語	rel:etymology	jpn: エスペラント
jpn: 自然言語	rel:etymology	jpn: 自然
jpn: 人工的	rel:etymology	jpn: 人工
jpn: 著作権	rel:etymology	jpn: 著作
jpn: 観覧車	rel:etymology	jpn: 車
jpn: 超次元	rel:etymology	jpn: 超
jpn: 記者団	rel:etymology	jpn: 団
jpn: トタン	rel:etymology	por: tutanaga
jpn: セクシー	rel:etymology	eng: sexy
jpn: 音声記号	rel:etymology	jpn: 記号
jpn: 普遍的	rel:etymology	jpn: -的
jpn: jishingakusha	rel:etymology	jpn: -者
jpn: 衝動買い	rel:etymology	jpn: 買い
jpn: 爆発的	rel:etymology	jpn: -的
jpn: 慈姑	rel:etymology	cmn: 慈姑
jpn: 躁鬱病	rel:etymology	jpn: 病
jpn: フェローシップ	rel:etymology	eng: fellowship
jpn: モティーフ	rel:etymology	fra: motif
jpn: 実質経済成長率	rel:etymology	jpn: -率
jpn: オランダ語	rel:etymology	jpn: オランダ
jpn: 気鬱症	rel:etymology	jpn: -症
jpn: 抗生剤	rel:etymology	jpn: -剤
jpn: バッテリー	rel:etymology	eng: battery
jpn: パターン	rel:etymology	eng: pattern
jpn: マレー語	rel:etymology	jpn: マレー
jpn: ユーフォー	rel:etymology	eng: UFO
jpn: はてなマーク	rel:etymology	jpn: はてな
jpn: タジク語	rel:etymology	jpn: タジク
jpn: 狩猟者	rel:etymology	jpn: 狩猟
jpn: 禁じ得ない	rel:etymology	jpn: -得ない
jpn: マーズ	rel:etymology	eng: Mars
jpn: 津波警報	rel:etymology	jpn: 津波
jpn: ザーメン	rel:etymology	deu: Samen
jpn: スケール	rel:etymology	eng: scale
jpn: 故障中	rel:etymology	jpn: 故障
jpn: 生水	rel:etymology	jpn: 水
jpn: 被災者	rel:etymology	jpn: -者
jpn: パスワード	rel:etymology	eng: password
jpn: 働き者	rel:etymology	jpn: 働く
jpn: 海獺	rel:etymology	ain: ラッコ
jpn: キー	rel:etymology	eng: key
jpn: アメシスト	rel:etymology	eng: amethyst
jpn: ミス	rel:etymology	eng: mistake
jpn: 酪農家	rel:etymology	jpn: -家
jpn: 漉し器	rel:etymology	jpn: 漉す
jpn: レシート	rel:etymology	eng: receipt
jpn: 医院長	rel:etymology	jpn: -長
jpn: 税制調査会	rel:etymology	jpn: 税制
jpn: 超伝導	rel:etymology	jpn: 伝導
jpn: トランス	rel:etymology	eng: trance
jpn: バヤン	rel:etymology	rus: баян
jpn: フリジア語	rel:etymology	jpn: -語
jpn: パスタ	rel:etymology	ita: pasta
jpn: 旧制	rel:etymology	jpn: 旧-
jpn: ウェート	rel:etymology	eng: weight
jpn: モンゴル語	rel:etymology	jpn: モンゴル
jpn: 喜劇的	rel:etymology	jpn: -的
jpn: バンク	rel:etymology	eng: bank
jpn: マンスリー	rel:etymology	eng: monthly
jpn: 漂白剤	rel:etymology	jpn: 漂白
jpn: 淡水	rel:etymology	jpn: -水
jpn: 料理屋	rel:etymology	jpn: -屋
jpn: 不可	rel:etymology	jpn: 不-
jpn: ジャンプ	rel:etymology	eng: jump
jpn: 色欲	rel:etymology	jpn: 欲
jpn: フィンランド人	rel:etymology	jpn: -人
jpn: ブロック	rel:etymology	eng: block
jpn: 現実的	rel:etymology	jpn: -的
jpn: リチウム	rel:etymology	eng: lithium
jpn: 販売促進	rel:etymology	jpn: 促進
jpn: 穏健派	rel:etymology	jpn: -派
jpn: プレー	rel:etymology	eng: pray
jpn: 布告者	rel:etymology	jpn: -者
jpn: 禿頭病	rel:etymology	jpn: 禿頭
jpn: 大冒険	rel:etymology	jpn: 冒険
jpn: イタリア語	rel:etymology	jpn: イタリア
jpn: 宇宙飛行士	rel:etymology	jpn: 飛行士
jpn: 退会届	rel:etymology	jpn: 退会
jpn: 合理的	rel:etymology	jpn: 合理
jpn: グリーンランド人	rel:etymology	jpn: 人
jpn: レーダー	rel:etymology	eng: radar
jpn: 軍事攻撃	rel:etymology	jpn: 軍事
jpn: 難易度	rel:etymology	jpn: 難易
jpn: 告知者	rel:etymology	jpn: 告知
jpn: 故障中	rel:etymology	jpn: -中
jpn: 作曲者	rel:etymology	jpn: 作曲
jpn: アゼルバイジャン語	rel:etymology	jpn: -語
jpn: 鬱金色	rel:etymology	jpn: -色
jpn: シナモン	rel:etymology	eng: cinnamon
jpn: エチュード	rel:etymology	fra: étude
jpn: 月見	rel:etymology	jpn: 見
jpn: サテライト	rel:etymology	eng: satellite
jpn: 生徒会	rel:etymology	jpn: 生徒
jpn: モンゴル語	rel:etymology	jpn: -語
jpn: 名古屋弁	rel:etymology	jpn: -弁
jpn: 伝導帯	rel:etymology	jpn: 伝導
jpn: スペイン語	rel:etymology	jpn: -語
jpn: 川沿い	rel:etymology	jpn: -沿い
jpn: シチリア語	rel:etymology	jpn: -語
jpn: 超新星	rel:etymology	jpn: 超-
jpn: イギリス	rel:etymology	por: inglês
jpn: 糖尿病	rel:etymology	jpn: 糖尿
jpn: 彫刻家	rel:etymology	jpn: 彫刻
jpn: 療法	rel:etymology	cmn: 療法
jpn: 命名権	rel:etymology	jpn: -権
jpn: ヒレ	rel:etymology	fra: filet
jpn: パフォーマンス	rel:etymology	eng: performance
jpn: 消防署	rel:etymology	jpn: 消防
jpn: 確実度	rel:etymology	jpn: -度
jpn: パーク	rel:etymology	eng: park
jpn: 在来線	rel:etymology	jpn: 在来
jpn: お定まり	rel:etymology	jpn: 御-
jpn: ストラップ	rel:etymology	eng: strap
jpn: 牡羊座	rel:etymology	jpn: -座
jpn: bye-Q	rel:etymology	jpn: バイバイ
jpn: 地震学	rel:etymology	jpn: 学
jpn: 炊飯器	rel:etymology	jpn: 炊飯
jpn: 強制的	rel:etymology	jpn: -的
jpn: パンチラ	rel:etymology	jpn: パンツ
jpn: 食べ放題	rel:etymology	jpn: 食べる
jpn: 旧制	rel:etymology	jpn: 制
jpn: アンドロメダ座	rel:etymology	jpn: アンドロメダ
jpn: 新字体	rel:etymology	jpn: 字体
jpn: ツナ	rel:etymology	eng: tuna
jpn: 実利主義	rel:etymology	jpn: -主義
jpn: 彫刻家	rel:etymology	jpn: -家
jpn: ギリシア語	rel:etymology	jpn: -語
jpn: 何歳	rel:etymology	jpn: 歳
jpn: 遺伝的	rel:etymology	jpn: -的
jpn: タイトル	rel:etymology	eng: title
jpn: 作業員	rel:etymology	jpn: -員
jpn: ジャワ語	rel:etymology	jpn: ジャワ
jpn: 温暖前線	rel:etymology	jpn: 温暖
jpn: 意趣返し	rel:etymology	jpn: 返し
jpn: 再開	rel:etymology	jpn: 再-
jpn: 大規模	rel:etymology	jpn: 規模
jpn: 信号機	rel:etymology	jpn: 機
jpn: 無力感	rel:etymology	jpn: 感
jpn: センス	rel:etymology	eng: sense
jpn: ホルミウム	rel:etymology	eng: holmium
jpn: 憂鬱症	rel:etymology	jpn: 憂鬱
jpn: 殺人者	rel:etymology	jpn: -者
jpn: 労働組合	rel:etymology	jpn: 労働
jpn: 月見	rel:etymology	jpn: 月
jpn: パン	rel:etymology	por: pão
jpn: 郵便局	rel:etymology	jpn: 郵便
jpn: 未成年	rel:etymology	jpn: 成年
jpn: 華人	rel:etymology	jpn: -人
jpn: 委員会	rel:etymology	jpn: 委員
jpn: ヴィーナス	rel:etymology	eng: Venus
jpn: フィレ	rel:etymology	fra: filet
jpn: ロマンス	rel:etymology	eng: romance
jpn: ボウリング	rel:etymology	eng: bowling
jpn: 生徒会	rel:etymology	jpn: -会
jpn: フローチャート	rel:etymology	eng: flow chart
jpn: 手法	rel:etymology	cmn: 手法
jpn: 命名権	rel:etymology	jpn: 命名
jpn: 唐手	rel:etymology	ryu: 唐手
jpn: 領収書	rel:etymology	jpn: 領収
jpn: ベトナム語	rel:etymology	jpn: ベトナム
jpn: 津波警報	rel:etymology	jpn: 警報
jpn: 人道主義的	rel:etymology	jpn: -的
jpn: 蟹座	rel:etymology	jpn: -座
jpn: 哲学者	rel:etymology	jpn: 哲学
jpn: 無意識	rel:etymology	jpn: 無-
jpn: 死亡率	rel:etymology	jpn: -率
jpn: バイオリン	rel:etymology	eng: violin
jpn: 乙女座	rel:etymology	jpn: 乙女
jpn: セブアノ語	rel:etymology	jpn: -語
jpn: アナウンサー	rel:etymology	eng: announcer
jpn: 圧倒的	rel:etymology	jpn: 圧倒
jpn: ベラルーシ語	rel:etymology	jpn: -語
jpn: 被害者	rel:etymology	jpn: 被害
jpn: 折り紙	rel:etymology	jpn: 折り
jpn: マルタ語	rel:etymology	jpn: -語
jpn: 最初	rel:etymology	jpn: 初
jpn: コネリー	rel:etymology	eng: Connelly
jpn: 皮膚炎	rel:etymology	jpn: 皮膚
jpn: 旧式	rel:etymology	jpn: 旧-
jpn: 沈静化	rel:etymology	jpn: -化
jpn: 警察署	rel:etymology	jpn: 署
jpn: 送別会	rel:etymology	jpn: 送別
jpn: 時代劇	rel:etymology	jpn: 時代
jpn: 字体	rel:etymology	jpn: 字
jpn: 切除	rel:etymology	jpn: 除
jpn: 絶食	rel:etymology	jpn: 食
jpn: バナジウム	rel:etymology	eng: vanadium
jpn: 超時間	rel:etymology	jpn: 時間
jpn: ドラマ	rel:etymology	eng: drama
jpn: ūru	rel:etymology	eng: wool
jpn: 茉莉花	rel:etymology	jpn: 茉莉
jpn: 古代ギリシャ語	rel:etymology	jpn: -語
jpn: ポルトガル語	rel:etymology	jpn: ポルトガル
jpn: 効率化	rel:etymology	jpn: 効率
jpn: 試聴室	rel:etymology	jpn: 試聴
jpn: 温暖前線	rel:etymology	jpn: 前線
jpn: 基礎的	rel:etymology	jpn: 基礎
jpn: 軍事的	rel:etymology	jpn: 軍事
jpn: シャツ	rel:etymology	eng: shirt
jpn: 覚醒剤	rel:etymology	jpn: 覚醒
jpn: 裏切り者	rel:etymology	jpn: 裏切り
jpn: カタルシス	rel:etymology	ell: katharsis
jpn: スロベニア語	rel:etymology	jpn: スロベニア
jpn: 消防局	rel:etymology	jpn: -局
jpn: 海水浴	rel:etymology	jpn: 海水
jpn: ご降誕	rel:etymology	jpn: 御-
jpn: 人工的	rel:etymology	jpn: -的
jpn: 消火器	rel:etymology	jpn: 消火
jpn: 浬	rel:etymology	eng: knot
jpn: 大宇宙	rel:etymology	jpn: 大-
jpn: 小宇宙	rel:etymology	jpn: 宇宙
jpn: アーティキュレーション	rel:etymology	eng: articulation
jpn: パッチム	rel:etymology	kor: 받침
jpn: 受動的	rel:etymology	jpn: 受動
jpn: ラッコ	rel:etymology	ain: ラッコ
jpn: 告知者	rel:etymology	jpn: -者
jpn: 牧場鳥	rel:etymology	jpn: 鳥
jpn: 避難生活	rel:etymology	jpn: 生活
jpn: 体中	rel:etymology	jpn: 体
jpn: 調和平均	rel:etymology	jpn: 調和
jpn: 成人式	rel:etymology	jpn: -式
jpn: 調味料	rel:etymology	jpn: 調味
jpn: ラザニア	rel:etymology	ita: lasagna
jpn: 再確認	rel:etymology	jpn: 確認
jpn: 開始日	rel:etymology	jpn: 日
jpn: 日本語	rel:etymology	jpn: 日本
jpn: おさら	rel:etymology	jpn: お-
jpn: アストゥリア語	rel:etymology	jpn: アストゥリア
jpn: 福島	rel:etymology	jpn: 福
jpn: 共産主義	rel:etymology	jpn: 共産
jpn: 川沿い	rel:etymology	jpn: 川
jpn: アイオーン	rel:etymology	grc: αἰών
jpn: お新香	rel:etymology	jpn: 新香
jpn: セレン	rel:etymology	deu: Selen
jpn: イタリア語	rel:etymology	jpn: -語
jpn: 再臨派	rel:etymology	jpn: 再臨
jpn: 商務省	rel:etymology	jpn: -省
jpn: クレーム	rel:etymology	eng: claim
jpn: 玉葱	rel:etymology	jpn: ねぎ
jpn: 正面	rel:etymology	cmn: 正面
jpn: フォーク	rel:etymology	eng: fork
jpn: パワーバランス	rel:etymology	eng: power balance
jpn: 海水浴場	rel:etymology	jpn: 浴場
jpn: 現実主義者	rel:etymology	jpn: 現実主義
jpn: お手洗い	rel:etymology	jpn: 手洗い
jpn: 卒業試験	rel:etymology	jpn: 試験
jpn: 革命的	rel:etymology	jpn: -的
jpn: ウエイトレス	rel:etymology	eng: waitress
jpn: 依存症	rel:etymology	jpn: 依存
jpn: フェルミ-ディラック統計	rel:etymology	jpn: フェルミ-ディラック
jpn: アラビア語	rel:etymology	jpn: -語
jpn: プラットホーム	rel:etymology	eng: platform
jpn: 懐中電燈	rel:etymology	jpn: 電燈
jpn: 禁忌	rel:etymology	jpn: 禁
jpn: アルバニア語	rel:etymology	jpn: -語
jpn: ルガンダ語	rel:etymology	jpn: ルガンダ
jpn: 花柳病	rel:etymology	jpn: 花柳
jpn: 皮膚科学	rel:etymology	jpn: 科学
jpn: 古典派	rel:etymology	jpn: 古典
jpn: 高齢者	rel:etymology	jpn: 高齢
jpn: ケーキ	rel:etymology	eng: cake
jpn: キリル文字	rel:etymology	rus: кириллица
jpn: バーコード	rel:etymology	eng: bar code
jpn: インテリゲンチア	rel:etymology	rus: интеллигенция
jpn: 軍事攻撃	rel:etymology	jpn: 攻撃
jpn: フラン	rel:etymology	fra: flan
jpn: 情欲	rel:etymology	jpn: 情
jpn: エウェ語	rel:etymology	jpn: -語
jpn: 小火器	rel:etymology	jpn: 火器
jpn: 送別会	rel:etymology	jpn: -会
jpn: 茉莉花茶	rel:etymology	jpn: 茶
jpn: モチベーション	rel:etymology	eng: motivation
jpn: かたな	rel:etymology	jpn: 片
jpn: 地震学	rel:etymology	jpn: 地震
jpn: ビルディング	rel:etymology	eng: building
jpn: エール	rel:etymology	eng: yell
jpn: 受付中	rel:etymology	jpn: -中
jpn: ベンガル語	rel:etymology	jpn: ベンガル
jpn: グーグル	rel:etymology	eng: Google
jpn: ファイト	rel:etymology	eng: fight
jpn: ヨークシャー	rel:etymology	eng: Yorkshire
jpn: 税制調査会	rel:etymology	jpn: 調査会
jpn: ゴジラ	rel:etymology	jpn: ゴリラ
jpn: マールス	rel:etymology	lat: Mars
jpn: 何歳	rel:etymology	jpn: 何
jpn: 警察署	rel:etymology	jpn: 警察
jpn: 面倒臭い	rel:etymology	jpn: -臭い
jpn: アイスランド語	rel:etymology	jpn: -語
jpn: ホール	rel:etymology	eng: hall
jpn: 鼻炎	rel:etymology	jpn: 鼻
jpn: ダース	rel:etymology	eng: dozen
jpn: 御札	rel:etymology	jpn: 札
jpn: 空中ブランコ	rel:etymology	jpn: ブランコ
jpn: 懐中電燈	rel:etymology	jpn: 懐中
jpn: お弁当	rel:etymology	jpn: 御-
jpn: 仏蘭西	rel:etymology	fra: France
jpn: 容疑者	rel:etymology	jpn: -者
jpn: 気象庁	rel:etymology	jpn: 気象
jpn: ブログ	rel:etymology	eng: blog
jpn: 学者振る	rel:etymology	jpn: -振る
jpn: コンリー	rel:etymology	eng: Conley
jpn: 満足感	rel:etymology	jpn: 満足
jpn: サボる	rel:etymology	fra: sabotage
jpn: オナニー	rel:etymology	deu: Onanie
jpn: ファンタスティック	rel:etymology	eng: fantastic
jpn: ユーフラテス川	rel:etymology	jpn: ユーフラテス
jpn: 阿頼耶識	rel:etymology	san: आलयविज्ञान
jpn: 理想的	rel:etymology	jpn: 理想
jpn: basu	rel:etymology	eng: bath
jpn: 株式会社	rel:etymology	jpn: 株式
jpn: 病臥中	rel:etymology	jpn: -中
jpn: コセカント	rel:etymology	eng: cosecant
jpn: 専門的	rel:etymology	jpn: 専門
jpn: シェーバー	rel:etymology	eng: shaver
jpn: 卵白	rel:etymology	cmn: 卵白
jpn: その場限り	rel:etymology	jpn: -限り
jpn: 演奏会	rel:etymology	jpn: 演奏
jpn: 実行権	rel:etymology	jpn: 実行
jpn: オランダ	rel:etymology	por: Holanda
jpn: オック語	rel:etymology	jpn: オック
jpn: 虫垂炎	rel:etymology	jpn: 虫垂
jpn: ジャスミン	rel:etymology	eng: jasmine
jpn: 超伝導	rel:etymology	jpn: 超-
jpn: シチュー	rel:etymology	eng: stew
jpn: 警察署長	rel:etymology	jpn: -長
jpn: 懸念材料	rel:etymology	jpn: 懸念
jpn: 現実的	rel:etymology	jpn: 現実
jpn: アウトバーン	rel:etymology	deu: Autobahn
jpn: プレー	rel:etymology	eng: play
jpn: ヒンディー語	rel:etymology	jpn: ヒンディー
jpn: 普遍的	rel:etymology	jpn: 普遍
jpn: ホモ・サピエンス	rel:etymology	lat: homo sapiens
jpn: マンション	rel:etymology	eng: mansion
jpn: būbī torappu	rel:etymology	eng: booby trap
jpn: ソフトテニス	rel:etymology	eng: soft tennis
jpn: アラム語	rel:etymology	jpn: アラム
jpn: ネック	rel:etymology	eng: neck
jpn: ポンプ	rel:etymology	nld: nl
jpn: 依頼書	rel:etymology	jpn: -書
jpn: 救護班	rel:etymology	jpn: -班
jpn: 無邪気	rel:etymology	jpn: 無-
jpn: 脚本	rel:etymology	cmn: 脚本
jpn: ikura	rel:etymology	rus: икра
jpn: お酒	rel:etymology	jpn: 酒
jpn: チーズケーキ	rel:etymology	eng: cheesecake
jpn: ベルトコンベア	rel:etymology	eng: belt conveyor
jpn: 忠実度	rel:etymology	jpn: -度
jpn: カラン	rel:etymology	nld: kraan
jpn: ファックス	rel:etymology	eng: fax
jpn: 営業中	rel:etymology	jpn: 営業
jpn: 脱毛症	rel:etymology	jpn: -症
jpn: 中國語	rel:etymology	jpn: -語
jpn: 軽蔑的	rel:etymology	jpn: 軽蔑
jpn: 同社	rel:etymology	jpn: 同-
jpn: レジュメ	rel:etymology	fra: résumé
jpn: 抗体	rel:etymology	jpn: -体
jpn: イディッシュ語	rel:etymology	jpn: -語
jpn: 販売促進	rel:etymology	jpn: 販売
jpn: バッグ	rel:etymology	eng: bag
jpn: 哲学者	rel:etymology	jpn: -者
jpn: 利用者	rel:etymology	jpn: 利用
jpn: ボリシェヴィキ	rel:etymology	rus: большевик
jpn: 安全網	rel:etymology	jpn: -網
jpn: ホール	rel:etymology	eng: hole
jpn: 飲み放題	rel:etymology	jpn: -放題
jpn: アイスランド語	rel:etymology	jpn: アイスランド
jpn: 無防備	rel:etymology	jpn: 無-
jpn: ピロティ	rel:etymology	fra: pilotis
jpn: スペイン語	rel:etymology	jpn: スペイン
jpn: フォックス	rel:etymology	eng: en
jpn: リトアニア語	rel:etymology	jpn: -語
jpn: 警備犬	rel:etymology	jpn: 警備
jpn: 授業中	rel:etymology	jpn: 授業
jpn: 佛	rel:etymology	cmn: 佛陀
jpn: 史料	rel:etymology	jpn: -料
jpn: 原子炉	rel:etymology	jpn: 炉
jpn: お辞儀	rel:etymology	jpn: 御-
jpn: アイスクリーム	rel:etymology	eng: ice cream
jpn: 充電器	rel:etymology	jpn: -器
jpn: 慢性的	rel:etymology	jpn: 慢性
jpn: 元交際相手	rel:etymology	jpn: 交際相手
jpn: 校舎	rel:etymology	jpn: -舎
jpn: 不信実	rel:etymology	jpn: 信実
jpn: 合法性	rel:etymology	jpn: 合法
jpn: 草食動物	rel:etymology	jpn: 草食
jpn: ポルトガル語	rel:etymology	jpn: -語
jpn: フリウリ語	rel:etymology	jpn: -語
jpn: 敵対的	rel:etymology	jpn: -的
jpn: チェス	rel:etymology	eng: chess
jpn: 言いたい放題	rel:etymology	jpn: 言いたい
jpn: エスペラント語	rel:etymology	jpn: -語
jpn: 地下線	rel:etymology	jpn: 地下
jpn: 連日	rel:etymology	jpn: 連
jpn: ケイ素鋼	rel:etymology	jpn: ケイ素
jpn: お弁当箱	rel:etymology	jpn: 弁当箱
jpn: ラッシュ	rel:etymology	eng: rush
jpn: 在来線	rel:etymology	jpn: 線
jpn: ギルバート語	rel:etymology	jpn: -語
jpn: 不動産屋	rel:etymology	jpn: 不動産
jpn: 委員長	rel:etymology	jpn: 委員
jpn: 体系的	rel:etymology	jpn: 体系
jpn: ゲルマニウム	rel:etymology	deu: Germanium
jpn: おうし座	rel:etymology	jpn: おうし
jpn: 料理屋	rel:etymology	jpn: 料理
jpn: チェコ語	rel:etymology	jpn: チェコ
jpn: フェリーボート	rel:etymology	eng: ferryboat
jpn: purezento	rel:etymology	eng: present
jpn: パイプライン	rel:etymology	eng: pipeline
jpn: 飛行場	rel:etymology	jpn: 飛行
jpn: 脳炎	rel:etymology	jpn: 脳
jpn: コルセット	rel:etymology	eng: corset
jpn: 原子炉	rel:etymology	jpn: 原子
jpn: 球体	rel:etymology	jpn: -体
jpn: カルタ	rel:etymology	por: carta
jpn: コーヒー	rel:etymology	nld: koffie
jpn: スコットランド人	rel:etymology	jpn: スコットランド
jpn: 北京語	rel:etymology	jpn: 北京
jpn: ラトヴィア語	rel:etymology	jpn: ラトヴィア
jpn: シェフ	rel:etymology	fra: chef
jpn: 拘る	rel:etymology	jpn: たわる
jpn: 版権	rel:etymology	jpn: -権
jpn: 相互作用	rel:etymology	jpn: 相互
jpn: ポケット	rel:etymology	eng: pocket
jpn: テキストファイル	rel:etymology	eng: text file
jpn: 遺伝的	rel:etymology	jpn: 遺伝
jpn: 材料費	rel:etymology	jpn: -費
jpn: 万年筆	rel:etymology	jpn: 筆
jpn: 小宇宙	rel:etymology	jpn: 小-
jpn: イド語	rel:etymology	jpn: -語
jpn: 羅甸語	rel:etymology	jpn: -語
jpn: ラテン語	rel:etymology	jpn: -語
jpn: 御中	rel:etymology	jpn: 御-
jpn: スキンヘッド	rel:etymology	eng: skinhead
jpn: 原子力発電所	rel:etymology	jpn: -所
jpn: 駐車場	rel:etymology	jpn: -場
jpn: アラスカン・マラミュート	rel:etymology	eng: Alaskan Malamute
jpn: 日本語	rel:etymology	jpn: -語
jpn: ホッチキス	rel:etymology	eng: Hotchkiss
jpn: 旧軍人	rel:etymology	jpn: 軍人
jpn: エアコンディショナー	rel:etymology	eng: air conditioner
jpn: 救護班	rel:etymology	jpn: 救護
jpn: デーモン	rel:etymology	eng: demon
jpn: ベトナム語	rel:etymology	jpn: -語
jpn: 花便り	rel:etymology	jpn: -便り
jpn: ゼミナール	rel:etymology	deu: Seminar
jpn: ドイツ語	rel:etymology	jpn: ドイツ
jpn: 再生	rel:etymology	jpn: 再-
jpn: プライヤー	rel:etymology	eng: pliers
jpn: 天下り	rel:etymology	jpn: 天
jpn: 出版社	rel:etymology	jpn: 社
jpn: 議長	rel:etymology	jpn: 議
jpn: ガムラン	rel:etymology	msa: gamelan
jpn: ナワトル語	rel:etymology	jpn: -語
jpn: ビデオテープ	rel:etymology	eng: videotape
jpn: ジョギング	rel:etymology	eng: jogging
jpn: 追跡者	rel:etymology	jpn: 追跡
jpn: 副社長	rel:etymology	jpn: 副-
jpn: 曼荼羅	rel:etymology	san: मण्डल
jpn: リトアニア語	rel:etymology	jpn: リトアニア
jpn: ヴァイラス	rel:etymology	eng: virus
jpn: 酪農製品	rel:etymology	jpn: 製品
jpn: おおいぬ座	rel:etymology	jpn: -座
jpn: ブランケット	rel:etymology	eng: blanket
jpn: 出生率	rel:etymology	jpn: -率
jpn: フランス語	rel:etymology	jpn: フランス
jpn: コック	rel:etymology	eng: cock
jpn: 未成年	rel:etymology	jpn: 未-
jpn: サターン	rel:etymology	eng: Saturn
jpn: 大出血	rel:etymology	jpn: 出血
jpn: 宿舎	rel:etymology	jpn: -舎
jpn: panchira	rel:etymology	jpn: pantsu
jpn: 小売	rel:etymology	jpn: 小-
jpn: スペクトル	rel:etymology	fra: spectre
jpn: ヴォジャノーイ	rel:etymology	rus: водяной
jpn: 旧字体	rel:etymology	jpn: 字体
jpn: 一	rel:etymology	jpn: 始め
jpn: 禅	rel:etymology	ltc: 禅那
jpn: 被災地	rel:etymology	jpn: 被災
jpn: 肺炎	rel:etymology	jpn: 肺
jpn: コーンウォール語	rel:etymology	jpn: -語
jpn: アニメーション	rel:etymology	eng: animation
jpn: 蜜月	rel:etymology	jpn: 蜜
jpn: かわいそう	rel:etymology	jpn: かわいい
jpn: 歴史的	rel:etymology	jpn: 歴史
jpn: 温度計	rel:etymology	jpn: -計
jpn: ステップ	rel:etymology	rus: степь
jpn: 洋鬼子	rel:etymology	cmn: 洋鬼子
jpn: マトリョーシカ	rel:etymology	rus: матрёшка
jpn: 再輸入	rel:etymology	jpn: 再-
jpn: 目撃者	rel:etymology	jpn: 目撃
jpn: 白魔術	rel:etymology	jpn: 白
jpn: 小火器	rel:etymology	jpn: 小-
jpn: イクラ	rel:etymology	rus: икра
jpn: 宇宙飛行士	rel:etymology	jpn: 宇宙
jpn: 無制限	rel:etymology	jpn: 制限
jpn: ジュース	rel:etymology	eng: juice
jpn: ペニス	rel:etymology	lat: penis
jpn: 実勢価格	rel:etymology	jpn: 価格
jpn: 古代ギリシャ語	rel:etymology	jpn: 古代ギリシャ
jpn: 放射線量	rel:etymology	jpn: 放射線
jpn: 最小	rel:etymology	jpn: 最-
jpn: 旧世界	rel:etymology	jpn: 旧-
jpn: フォロー	rel:etymology	eng: follow
jpn: 衝動買い	rel:etymology	jpn: 衝動
jpn: 掃除機	rel:etymology	jpn: 掃除
jpn: オクローシカ	rel:etymology	rus: окрошка
jpn: ブービートラップ	rel:etymology	eng: booby trap
jpn: 仙女	rel:etymology	cmn: 仙女
jpn: ヘブライ語	rel:etymology	jpn: ヘブライ
jpn: ギリシャ語	rel:etymology	jpn: -語
jpn: パンク	rel:etymology	eng: punk
jpn: エスカレーター	rel:etymology	eng: escalator
jpn: ベーコン	rel:etymology	eng: bacon
jpn: 営業中	rel:etymology	jpn: -中
jpn: 地下鉄道	rel:etymology	jpn: 地下
jpn: 新約聖書	rel:etymology	jpn: 新-
jpn: 同性愛者	rel:etymology	jpn: -者
jpn: 薬缶頭	rel:etymology	jpn: 頭
jpn: マンガン	rel:etymology	deu: Mangan
jpn: お仕置き	rel:etymology	jpn: 仕置き
jpn: 悲観主義	rel:etymology	jpn: -主義
jpn: 解像度	rel:etymology	jpn: 解像
jpn: コンビナート	rel:etymology	rus: комбинат
jpn: アンドロメダ座	rel:etymology	jpn: -座
jpn: ガリシア語	rel:etymology	jpn: -語
jpn: チャレンジ	rel:etymology	eng: challenge
jpn: 音楽家	rel:etymology	jpn: 音楽
jpn: 天体	rel:etymology	jpn: 天
jpn: ローヤルゼリー	rel:etymology	eng: royal jelly
jpn: 責任者	rel:etymology	jpn: 責任
jpn: ブルトン語	rel:etymology	jpn: -語
jpn: 帝王切開	rel:etymology	jpn: 切開
jpn: 運搬中	rel:etymology	jpn: 運搬
jpn: 憂鬱症	rel:etymology	jpn: -症
jpn: 圧倒的	rel:etymology	jpn: -的
jpn: 胸チラ	rel:etymology	jpn: チラッと
jpn: 不用	rel:etymology	jpn: 用
jpn: スタッフ	rel:etymology	eng: staff
jpn: 酪農家	rel:etymology	jpn: 酪農
jpn: アーク	rel:etymology	eng: arc
jpn: イディッシュ語	rel:etymology	jpn: イディッシュ
jpn: 総務省	rel:etymology	jpn: -省
jpn: 卒業式	rel:etymology	jpn: 卒業
jpn: ハリストス	rel:etymology	rus: Khristos
jpn: コンピュニケーション	rel:etymology	jpn: コミュニケーション
jpn: ステップ	rel:etymology	eng: step
jpn: グレー	rel:etymology	eng: grey
jpn: デンマーク語	rel:etymology	jpn: デンマーク
jpn: 柳葉魚	rel:etymology	ain: susam
jpn: 投票所	rel:etymology	jpn: -所
jpn: バイト	rel:etymology	nld: beitel
jpn: ピーマン	rel:etymology	fra: piment
jpn: 働き者	rel:etymology	jpn: 者
jpn: 実質的	rel:etymology	jpn: 実質
jpn: アレース	rel:etymology	grc: Ἄρης
jpn: 現代ギリシャ語	rel:etymology	jpn: -語
jpn: 愚公山を移す	rel:etymology	cmn: 愚公移山
jpn: マグロ女	rel:etymology	jpn: 女
jpn: 独語	rel:etymology	jpn: 独
jpn: ボトル	rel:etymology	eng: bottle
jpn: 拒否権	rel:etymology	jpn: -権
jpn: アンテナ	rel:etymology	eng: antenna
jpn: グリコーゲン	rel:etymology	eng: glycogen
jpn: 定礎式	rel:etymology	jpn: -式
jpn: 原子力発電	rel:etymology	jpn: 発電
jpn: 黒魔術	rel:etymology	jpn: 魔術
jpn: ジャンル	rel:etymology	fra: genre
jpn: ホイップ	rel:etymology	eng: whip
jpn: お菓子	rel:etymology	jpn: 菓子
jpn: ネクタイ	rel:etymology	eng: necktie
jpn: 手洗い	rel:etymology	jpn: 洗い
jpn: コゼー	rel:etymology	eng: cosy
jpn: 担当者	rel:etymology	jpn: 担当
jpn: タイガ	rel:etymology	rus: тайга
jpn: 放射線量	rel:etymology	jpn: -量
jpn: 蠍座	rel:etymology	jpn: -座
jpn: 国際的	rel:etymology	jpn: 国際
jpn: プログラム	rel:etymology	eng: program
jpn: shatsu	rel:etymology	eng: shirt
jpn: グルジア	rel:etymology	rus: Грузия
jpn: 放射線量計	rel:etymology	jpn: 放射線量
jpn: テーゼ	rel:etymology	deu: de
jpn: 古典派	rel:etymology	jpn: -派
jpn: シリーズ	rel:etymology	eng: series
jpn: サイクリング	rel:etymology	eng: cycling
jpn: メカニズム	rel:etymology	eng: mechanism
jpn: エンジン	rel:etymology	eng: engine
jpn: 天下り	rel:etymology	jpn: 下り
jpn: 被災地	rel:etymology	jpn: -地
jpn: 定礎式	rel:etymology	jpn: 定礎
jpn: アパートメントハウス	rel:etymology	eng: apartment house
jpn: 最新	rel:etymology	jpn: 最-
jpn: 計画的	rel:etymology	jpn: 計画
jpn: 御降誕	rel:etymology	jpn: 降誕
jpn: ユーレカ	rel:etymology	ell: heureka
jpn: イングリッシュマフィン	rel:etymology	eng: English muffin
jpn: 寿司屋	rel:etymology	jpn: -屋
jpn: 土砂崩れ	rel:etymology	jpn: 土砂
jpn: ターミナル	rel:etymology	eng: terminal
jpn: 不完全	rel:etymology	jpn: 完全
jpn: ベンガル語	rel:etymology	jpn: -語
jpn: 痛み止め	rel:etymology	jpn: -止め
jpn: チャクラム	rel:etymology	san: चक्र
jpn: 授業中	rel:etymology	jpn: -中
jpn: 禁制帯	rel:etymology	jpn: 禁制
jpn: オークション	rel:etymology	eng: auction
jpn: チベット語	rel:etymology	jpn: チベット
jpn: 再開	rel:etymology	jpn: 開
jpn: 週末	rel:etymology	jpn: 末
jpn: 旧世界	rel:etymology	jpn: 世界
jpn: ヒーリング・ミュージック	rel:etymology	eng: healing music
jpn: ブラックホール	rel:etymology	eng: black hole
jpn: 草食動物	rel:etymology	jpn: 動物
jpn: ポイント	rel:etymology	eng: point
jpn: クラス図	rel:etymology	jpn: クラス
jpn: 牛舎	rel:etymology	jpn: 牛
jpn: ドル	rel:etymology	nld: dollar
jpn: 展覧会	rel:etymology	jpn: -会
jpn: ハンガリー語	rel:etymology	jpn: -語
jpn: 鮨	rel:etymology	jpn: 酸し
jpn: パーキング	rel:etymology	eng: parking
jpn: パン	rel:etymology	eng: pan
jpn: アイヌ語	rel:etymology	jpn: -語
jpn: バケツ	rel:etymology	eng: bucket
jpn: 事実上	rel:etymology	jpn: 事実
jpn: 北京語	rel:etymology	jpn: -語
jpn: お手洗い	rel:etymology	jpn: 御-
jpn: アイルランド語	rel:etymology	jpn: アイルランド
jpn: 漂白剤	rel:etymology	jpn: -剤
jpn: 追跡犬	rel:etymology	jpn: 犬
jpn: 結婚式	rel:etymology	jpn: -式
jpn: 商品券	rel:etymology	jpn: 商品
jpn: ドゥーマ	rel:etymology	rus: дума
jpn: 本格的	rel:etymology	jpn: -的
jpn: 獅子座	rel:etymology	jpn: -座
jpn: 不定	rel:etymology	jpn: 不-
jpn: 消防署	rel:etymology	jpn: 署
jpn: 発売禁止	rel:etymology	jpn: 禁止
jpn: 警備犬	rel:etymology	jpn: 犬
jpn: ジャワ語	rel:etymology	jpn: -語
jpn: 地下線	rel:etymology	jpn: 線
jpn: 伝言板	rel:etymology	jpn: 伝言
jpn: 事実上	rel:etymology	jpn: -上
jpn: デンマーク語	rel:etymology	jpn: -語
jpn: 爆発的	rel:etymology	jpn: 爆発
jpn: アレルギー	rel:etymology	deu: Allergie
jpn: 乗り換える	rel:etymology	jpn: 乗り
jpn: アイヌ語	rel:etymology	jpn: アイヌ
jpn: 御飯	rel:etymology	jpn: 飯
jpn: ロシア語	rel:etymology	jpn: ロシア
jpn: 海水魚	rel:etymology	jpn: 海水
jpn: 内務省	rel:etymology	jpn: 内務
jpn: 温度	rel:etymology	jpn: -度
jpn: フェルミ-ディラック統計	rel:etymology	jpn: 統計
jpn: ピチャンチャチャラ語	rel:etymology	jpn: -語
jpn: ウェア	rel:etymology	eng: wear
jpn: 拍子木	rel:etymology	jpn: 木
jpn: お世辞	rel:etymology	jpn: 御-
jpn: ロマン	rel:etymology	fra: roman
jpn: バルブ	rel:etymology	eng: valve
jpn: 犬ちゃん	rel:etymology	jpn: -ちゃん
jpn: ラグビー	rel:etymology	eng: rugby
jpn: デザイン	rel:etymology	eng: design
jpn: 水仕事	rel:etymology	jpn: 水
jpn: グリフォン	rel:etymology	eng: griffon
jpn: ローマ字	rel:etymology	jpn: ローマ
jpn: お茶	rel:etymology	jpn: 茶
jpn: ピンセット	rel:etymology	nld: pincet
jpn: ビルマ語	rel:etymology	jpn: -語
jpn: ブザー	rel:etymology	eng: buzzer
jpn: コイル	rel:etymology	eng: coil
jpn: オーラ	rel:etymology	eng: aura
jpn: 耳炎	rel:etymology	jpn: 耳
jpn: オールスター	rel:etymology	eng: all-star
jpn: マーキュリー	rel:etymology	eng: Mercury
jpn: コミュニティー	rel:etymology	eng: community
jpn: 海水着	rel:etymology	jpn: 海水
jpn: 料理人	rel:etymology	jpn: 人
jpn: 効果的	rel:etymology	jpn: -的
jpn: 超時間	rel:etymology	jpn: 超
jpn: 降水量	rel:etymology	jpn: -量
jpn: 白魔術	rel:etymology	jpn: 魔術
jpn: アルメニア語	rel:etymology	jpn: アルメニア
jpn: アバター	rel:etymology	eng: avatar
jpn: Ōsutoraria	rel:etymology	eng: Australia
jpn: 虫垂炎	rel:etymology	jpn: -炎
jpn: ビッグマック	rel:etymology	eng: Big Mac
jpn: アロハシャツ	rel:etymology	eng: aloha shirt
jpn: 天体	rel:etymology	jpn: -体
jpn: 大冒険	rel:etymology	jpn: 大-
jpn: 温度計	rel:etymology	jpn: 温度
jpn: 胡麻磨り	rel:etymology	jpn: 胡麻
jpn: ウクレレ	rel:etymology	haw: ʻukulele
jpn: ピーク	rel:etymology	eng: peak
jpn: 雪合戦	rel:etymology	jpn: 合戦
jpn: 新字体	rel:etymology	jpn: 新-
jpn: サファイア	rel:etymology	eng: sapphire
jpn: 依存症	rel:etymology	jpn: -症
jpn: 準備中	rel:etymology	jpn: 準備
jpn: 人道主義的	rel:etymology	jpn: 人道主義
jpn: ベッド	rel:etymology	eng: bed
jpn: 小量	rel:etymology	jpn: 量
jpn: フェニックス	rel:etymology	eng: phoenix
jpn: マネー	rel:etymology	eng: money
jpn: 民主的	rel:etymology	jpn: -的
jpn: ズボン	rel:etymology	fra: jupon
jpn: ソーダ	rel:etymology	nld: soda
jpn: ノルウェー語	rel:etymology	jpn: ノルウェー
jpn: ピンク	rel:etymology	eng: pink
jpn: 芸能界	rel:etymology	jpn: -界
jpn: カリウム	rel:etymology	deu: Kalium
jpn: ゴム	rel:etymology	nld: gom
jpn: 初	rel:etymology	jpn: 始め
jpn: フィンランド人	rel:etymology	jpn: フィンランド
jpn: ウェブサイト	rel:etymology	eng: website
jpn: 生水	rel:etymology	jpn: 生
jpn: 最終的	rel:etymology	jpn: 最終
jpn: 雑音	rel:etymology	jpn: 音
jpn: コミュニティ	rel:etymology	eng: community
jpn: 単純機械	rel:etymology	jpn: 単純
jpn: -san	rel:etymology	jpn: 様
jpn: エネルギッシュ	rel:etymology	deu: energisch
jpn: アーレ川	rel:etymology	jpn: -川
jpn: ツァイトガイスト	rel:etymology	deu: Zeitgeist
jpn: 気鬱症	rel:etymology	jpn: 気鬱
jpn: アルミニウム	rel:etymology	eng: aluminium
jpn: 覚醒剤	rel:etymology	jpn: -剤
jpn: マグロ女	rel:etymology	jpn: マグロ
jpn: コバルト	rel:etymology	eng: cobalt
jpn: 発音記号	rel:etymology	jpn: 記号
jpn: 上品振る	rel:etymology	jpn: 上品
jpn: インクレジブル	rel:etymology	eng: incredible
jpn: バニャ	rel:etymology	rus: баня
jpn: 砂糖屋	rel:etymology	jpn: -屋
jpn: 労働者	rel:etymology	jpn: -者
jpn: 準備中	rel:etymology	jpn: -中
jpn: 電気風呂	rel:etymology	jpn: 風呂
jpn: 茉莉	rel:etymology	eng: Marie
jpn: エアロゾル	rel:etymology	eng: aerosol
jpn: 脱毛症	rel:etymology	jpn: 脱毛
jpn: クワス	rel:etymology	rus: квас
jpn: マナー	rel:etymology	eng: manners
jpn: 通信網	rel:etymology	jpn: 通信
jpn: アルゴン	rel:etymology	eng: argon
jpn: ノーコメント	rel:etymology	eng: no comment
jpn: その場限り	rel:etymology	jpn: その場
jpn: ユニコード	rel:etymology	eng: Unicode
jpn: 無理心中	rel:etymology	jpn: 心中
jpn: 気象庁	rel:etymology	jpn: -庁
jpn: 豚舎	rel:etymology	jpn: -舎
jpn: バイト	rel:etymology	eng: byte
jpn: 地下鉄道	rel:etymology	jpn: 鉄道
jpn: お辞儀	rel:etymology	jpn: 辞儀
jpn: 実利主義	rel:etymology	jpn: 実利
jpn: 必然的	rel:etymology	jpn: 必然
jpn: サルーキ	rel:etymology	eng: Saluki
jpn: 基礎的	rel:etymology	jpn: -的
jpn: マケドニア語	rel:etymology	jpn: マケドニア
jpn: 懸念材料	rel:etymology	jpn: 材料
jpn: 無意識	rel:etymology	jpn: 意識
jpn: 会長	rel:etymology	jpn: 会
jpn: munechira	rel:etymology	jpn: mune
jpn: クリスマス	rel:etymology	eng: Christmas
jpn: ガード	rel:etymology	eng: girder
jpn: メリット	rel:etymology	eng: merit
jpn: PS	rel:etymology	deu: Pferdestärke
jpn: くし形	rel:etymology	jpn: 形
jpn: コンサート	rel:etymology	eng: concert
jpn: ハイキング	rel:etymology	eng: en
jpn: 海水魚	rel:etymology	jpn: 魚
jpn: 声帯	rel:etymology	jpn: 声
jpn: ポルトガル人	rel:etymology	jpn: -人
jpn: スロベニア語	rel:etymology	jpn: -語
jpn: ナイター	rel:etymology	eng: nighter
jpn: ペルシア語	rel:etymology	jpn: ペルシア
jpn: 構成中	rel:etymology	jpn: -中
jpn: 拒否権	rel:etymology	jpn: 拒否
jpn: デブリ	rel:etymology	fra: débris
jpn: ディエゴ	rel:etymology	spa: Diego
jpn: 所有権	rel:etymology	jpn: 所有
jpn: 上品振る	rel:etymology	jpn: -振る
jpn: ケース	rel:etymology	eng: case
jpn: 裏切り	rel:etymology	jpn: 裏
jpn: カプセル	rel:etymology	deu: Kapsel
jpn: アムハラ語	rel:etymology	jpn: アムハラ
jpn: 冷却機能	rel:etymology	jpn: 冷却
jpn: アーレ川	rel:etymology	jpn: アーレ
jpn: 森林公園	rel:etymology	jpn: 森林
jpn: 性衝動	rel:etymology	jpn: 衝動
jpn: タバコ	rel:etymology	por: tabaco
jpn: ご臨終	rel:etymology	jpn: 御-
jpn: 意趣返し	rel:etymology	jpn: 意趣
jpn: メガジュール	rel:etymology	eng: megajoule
jpn: アパートメント	rel:etymology	eng: apartment
jpn: マニフェスト	rel:etymology	eng: manifesto
jpn: 商品券	rel:etymology	jpn: -券
jpn: 満足感	rel:etymology	jpn: 感
jpn: 株式会社	rel:etymology	jpn: 会社
jpn: 特許権	rel:etymology	jpn: 特許
jpn: プレス	rel:etymology	eng: press
jpn: 空中ブランコ	rel:etymology	jpn: 空中
jpn: 演奏会	rel:etymology	jpn: -会
jpn: 牧場鳥	rel:etymology	jpn: 牧場
jpn: お釣り	rel:etymology	jpn: 釣り
jpn: 懐中電灯	rel:etymology	jpn: 電灯
jpn: 炭酸飲料	rel:etymology	jpn: 飲料
jpn: 御降誕	rel:etymology	jpn: 御-
jpn: イデア	rel:etymology	grc: ἰδέα
jpn: 外信部	rel:etymology	jpn: -部
jpn: ライフライン	rel:etymology	eng: lifeline
jpn: コンピュータリゼーション	rel:etymology	eng: computerization
jpn: 無防備	rel:etymology	jpn: 防備
jpn: 脱毛	rel:etymology	jpn: 毛
jpn: 符号化	rel:etymology	jpn: 符号
jpn: 反響定位	rel:etymology	jpn: -定位
jpn: 放射線量計	rel:etymology	jpn: -計
jpn: トロイカ	rel:etymology	rus: тройка
jpn: もやしっ子	rel:etymology	jpn: 萌やし
jpn: 関西弁	rel:etymology	jpn: 関西
jpn: かみ	rel:etymology	jpn: 加
jpn: シンガー	rel:etymology	eng: singer
jpn: ピン	rel:etymology	por: pinta
jpn: 海獺	rel:etymology	cmn: 海獺
jpn: チェコ語	rel:etymology	jpn: -語
jpn: bukkake	rel:etymology	jpn: ぶっかけ
jpn: パンヤ	rel:etymology	por: paina
jpn: ボビン	rel:etymology	eng: bobbin
jpn: ユウロピウム	rel:etymology	eng: europium
jpn: 退会届	rel:etymology	jpn: -届
jpn: 速度計	rel:etymology	jpn: -計
jpn: インドネシア語	rel:etymology	jpn: -語
jpn: 水道水	rel:etymology	jpn: 水
jpn: リモート	rel:etymology	eng: remote
jpn: トルコ語	rel:etymology	jpn: トルコ
jpn: 母ちゃん	rel:etymology	jpn: 母
jpn: 帯状疱疹	rel:etymology	jpn: 帯状
jpn: 専門的	rel:etymology	jpn: -的
jpn: 再利用	rel:etymology	jpn: 利用
jpn: 不完全	rel:etymology	jpn: 不-
jpn: 関東大震災	rel:etymology	jpn: 大震災
jpn: クラーク	rel:etymology	rus: кулак
jpn: 花柳病	rel:etymology	jpn: -病
jpn: お尻	rel:etymology	jpn: 御-
jpn: スイミング	rel:etymology	eng: swimming
jpn: アップル	rel:etymology	eng: apple
jpn: 帰化人	rel:etymology	jpn: -人
jpn: 腹話術	rel:etymology	jpn: 話
jpn: 理想的	rel:etymology	jpn: -的
jpn: スマートフォン	rel:etymology	eng: smartphone
jpn: 学者振る	rel:etymology	jpn: 学者
jpn: 麋鹿	rel:etymology	cmn: 麋鹿
jpn: ナレーション	rel:etymology	eng: narration
jpn: カップ	rel:etymology	eng: cup
jpn: 特許権	rel:etymology	jpn: -権
jpn: 小売	rel:etymology	jpn: 売
jpn: チーム	rel:etymology	eng: team
jpn: ケチュア語	rel:etymology	jpn: ケチュア
jpn: ドールハウス	rel:etymology	eng: dollhouse
jpn: 降水量	rel:etymology	jpn: 降水
jpn: 大震災	rel:etymology	jpn: 震災
jpn: 不明瞭	rel:etymology	jpn: 不-
jpn: 旧式	rel:etymology	jpn: 式
jpn: おさら	rel:etymology	jpn: 皿
jpn: 再利用	rel:etymology	jpn: 再-
jpn: お母さん	rel:etymology	jpn: お-
jpn: 新車	rel:etymology	jpn: 新-
jpn: 鶏舎	rel:etymology	jpn: -舎
jpn: 歓送会	rel:etymology	jpn: 歓送
jpn: 日射病	rel:etymology	jpn: -病
jpn: 旧株	rel:etymology	jpn: 株
jpn: ルーチン	rel:etymology	eng: routine
jpn: 露語	rel:etymology	jpn: 露
jpn: 再会	rel:etymology	jpn: 会
jpn: 言いたい放題	rel:etymology	jpn: -放題
jpn: 芸能界	rel:etymology	jpn: 芸能
jpn: ケルベロス	rel:etymology	grc: Κέρβερος
jpn: 生体学	rel:etymology	jpn: 生体
jpn: ミルク	rel:etymology	eng: milk
jpn: 中国語	rel:etymology	jpn: 中国
jpn: お定まり	rel:etymology	jpn: 定まり
jpn: 風速計	rel:etymology	jpn: -計
jpn: 鹸化	rel:etymology	jpn: 石鹸
jpn: スクリプト	rel:etymology	eng: script
jpn: 共産主義	rel:etymology	jpn: -主義
jpn: 朝鮮語	rel:etymology	jpn: -語
jpn: 郵便局	rel:etymology	jpn: -局
jpn: 人魚	rel:etymology	jpn: 人
jpn: 水素爆弾	rel:etymology	jpn: 爆弾
jpn: 支配的	rel:etymology	jpn: 支配
jpn: 左側通行	rel:etymology	jpn: 左側
jpn: ケフィア	rel:etymology	rus: кефир
jpn: 委員会	rel:etymology	jpn: -会
jpn: bodīchekku	rel:etymology	eng: ''[[body]] [[check]]''
jpn: メッセージ	rel:etymology	eng: message
jpn: 脱塩	rel:etymology	jpn: 塩
jpn: 大宇宙	rel:etymology	jpn: 宇宙
jpn: マーカー	rel:etymology	eng: marker
jpn: トイレット	rel:etymology	eng: toilet
jpn: パスポート	rel:etymology	eng: passport
jpn: タイ語	rel:etymology	jpn: -語
jpn: 博士論文	rel:etymology	jpn: 論文
jpn: 無用	rel:etymology	jpn: 用
jpn: 校舎	rel:etymology	jpn: 校
jpn: 蜜月	rel:etymology	jpn: 月
jpn: 絶食	rel:etymology	jpn: 絶
jpn: ケイ素樹脂	rel:etymology	jpn: 樹脂
jpn: 宿舎	rel:etymology	jpn: 宿
jpn: クラブ	rel:etymology	eng: club
jpn: 市民権	rel:etymology	jpn: 市民
jpn: ブランチ	rel:etymology	eng: brunch
jpn: ブラックベリー	rel:etymology	eng: blackberry
jpn: 漫画家	rel:etymology	jpn: 家
jpn: アイデア	rel:etymology	eng: idea
jpn: ピアノ	rel:etymology	ita: piano
jpn: 支配者	rel:etymology	jpn: -者
jpn: 鎮静剤	rel:etymology	jpn: -剤
jpn: ご神木	rel:etymology	jpn: 御-
jpn: ナトリウム	rel:etymology	deu: Natrium
jpn: 反粒子	rel:etymology	jpn: 粒子
jpn: 効率化	rel:etymology	jpn: -化
jpn: 肺炎	rel:etymology	jpn: -炎
jpn: 広東語	rel:etymology	jpn: 広東
jpn: マシン	rel:etymology	eng: machine
jpn: ご神木	rel:etymology	jpn: 神木
jpn: 卒業式	rel:etymology	jpn: -式
jpn: ベルベル語	rel:etymology	jpn: -語
jpn: 最大	rel:etymology	jpn: 大
jpn: 黒魔術	rel:etymology	jpn: 黒
jpn: ベルベル語	rel:etymology	jpn: ベルベル
jpn: 一日中	rel:etymology	jpn: 一日
jpn: 最後	rel:etymology	jpn: 最-
jpn: ガーゴイル	rel:etymology	eng: gargoyle
jpn: ストップ	rel:etymology	eng: stop
jpn: ペンキ	rel:etymology	nld: pek
jpn: 最終的	rel:etymology	jpn: -的
jpn: トグル	rel:etymology	eng: toggle
jpn: 反発力	rel:etymology	jpn: 反発
jpn: 関西弁	rel:etymology	jpn: -弁
jpn: ギプス	rel:etymology	deu: Gips
jpn: かみ	rel:etymology	jpn: 味
jpn: ウムラウト	rel:etymology	deu: Umlaut
jpn: 符号化	rel:etymology	jpn: -化
jpn: 台湾人	rel:etymology	jpn: -人
jpn: ナポリ語	rel:etymology	jpn: ナポリ
jpn: 圧力計	rel:etymology	jpn: -計
jpn: コード	rel:etymology	eng: chord
jpn: 受講生	rel:etymology	jpn: 受講
jpn: ペンネ	rel:etymology	ita: penne
jpn: 同社	rel:etymology	jpn: 社
jpn: 寒帯	rel:etymology	jpn: -帯
jpn: プラン	rel:etymology	eng: plan
jpn: 政治的	rel:etymology	jpn: 政治
jpn: トランス	rel:etymology	eng: transformer
jpn: 最上級	rel:etymology	jpn: 最-
jpn: チタン	rel:etymology	deu: Titan
jpn: ダイアナ	rel:etymology	eng: Diana
jpn: 見送る	rel:etymology	jpn: 送る
jpn: 輸入量	rel:etymology	jpn: 輸入
jpn: 迷路	rel:etymology	cmn: 迷路
jpn: 新古典主義	rel:etymology	jpn: 古典主義
jpn: ヨーク家	rel:etymology	jpn: -家
jpn: ホモサピエンス	rel:etymology	lat: homo sapiens
jpn: 相互作用	rel:etymology	jpn: 作用
jpn: ジャバスクリプト	rel:etymology	eng: JavaScript
jpn: 観覧者	rel:etymology	jpn: 観覧
jpn: 初誕生	rel:etymology	jpn: 初
jpn: 生体学	rel:etymology	jpn: 学
jpn: メートル	rel:etymology	fra: mètre
jpn: 発電所	rel:etymology	jpn: 発電
jpn: 安心	rel:etymology	cmn: 安心
jpn: お弁当箱	rel:etymology	jpn: 御-
jpn: 死体犬	rel:etymology	jpn: 死体
jpn: ステルス	rel:etymology	eng: stealth
jpn: 豚舎	rel:etymology	jpn: 豚
jpn: 無邪気	rel:etymology	jpn: 邪気
jpn: ゼッケン	rel:etymology	deu: Decken
jpn: ルーマニア語	rel:etymology	jpn: -語
jpn: テーマ	rel:etymology	deu: Thema
jpn: 脱分極	rel:etymology	jpn: 分極
jpn: ファンネル	rel:etymology	eng: funnel
jpn: 感染力	rel:etymology	jpn: 感染
jpn: 中継放送	rel:etymology	jpn: 中継
jpn: SI単位系	rel:etymology	jpn: SI
jpn: ツンドラ	rel:etymology	rus: тундра
jpn: 合羽	rel:etymology	por: capa
jpn: ボーカリスト	rel:etymology	eng: vocalist
jpn: ピッコロ	rel:etymology	eng: piccolo
jpn: 麻酔剤	rel:etymology	jpn: -剤
jpn: アフリカーンス語	rel:etymology	jpn: アフリカーンス
jpn: キャップ	rel:etymology	eng: cap
jpn: コント	rel:etymology	fra: conte
jpn: 異性愛者	rel:etymology	jpn: -者
jpn: パンク	rel:etymology	eng: puncture
jpn: ビタミン剤	rel:etymology	jpn: ビタミン
jpn: 精神的	rel:etymology	jpn: 精神
jpn: テキスト	rel:etymology	eng: text
jpn: ジエンド	rel:etymology	eng: the end
jpn: 卒業証書	rel:etymology	jpn: 証書
jpn: プライド	rel:etymology	eng: pride
jpn: 昆虫学	rel:etymology	jpn: 昆虫
jpn: お尻	rel:etymology	jpn: 尻
jpn: 飛び越える	rel:etymology	jpn: 飛ぶ
jpn: ドア	rel:etymology	eng: door
jpn: ガード	rel:etymology	eng: guard
jpn: 実行権	rel:etymology	jpn: -権
jpn: 警察庁	rel:etymology	jpn: 警察
jpn: 身体中	rel:etymology	jpn: 身体
jpn: マケドニア語	rel:etymology	jpn: -語
jpn: 発電所	rel:etymology	jpn: -所
jpn: 同性愛者	rel:etymology	jpn: 同性愛
jpn: モンテネグロ語	rel:etymology	jpn: -語
jpn: 帰化人	rel:etymology	jpn: 帰化
jpn: マンゴー	rel:etymology	eng: mango
jpn: 再臨	rel:etymology	jpn: 再-
jpn: マルタ語	rel:etymology	jpn: マルタ
jpn: ロシア語	rel:etymology	jpn: -語
jpn: エルジャ語	rel:etymology	jpn: -語
jpn: 反粒子	rel:etymology	jpn: 反
jpn: 巻き	rel:etymology	jpn: 巻く
jpn: 面倒臭い	rel:etymology	jpn: 面倒
jpn: トラスト	rel:etymology	eng: trust
jpn: 化学的	rel:etymology	jpn: 化学
jpn: 電気風呂	rel:etymology	jpn: 電気
jpn: メタン	rel:etymology	deu: Methan
jpn: 露語	rel:etymology	jpn: -語
jpn: アイディア	rel:etymology	eng: idea
jpn: ウィークリー	rel:etymology	eng: weekly
jpn: 色欲	rel:etymology	jpn: 色
jpn: 炊飯器	rel:etymology	jpn: -器
jpn: クーヴァーズ	rel:etymology	hun: kuvasz
jpn: 作曲者	rel:etymology	jpn: -者
jpn: 生放送	rel:etymology	jpn: 放送
jpn: 漉し器	rel:etymology	jpn: -器
jpn: 調和平均	rel:etymology	jpn: 平均
jpn: ラトヴィア語	rel:etymology	jpn: -語
jpn: ドイツ語	rel:etymology	jpn: -語
jpn: 胡麻磨り	rel:etymology	jpn: 磨る
jpn: アンチョビ	rel:etymology	eng: anchovy
jpn: マフラー	rel:etymology	eng: muffler
jpn: 再起動	rel:etymology	jpn: 起動
jpn: 無用	rel:etymology	jpn: 無-
jpn: うさぎ座	rel:etymology	jpn: -座
jpn: ボディーチェック	rel:etymology	eng: ''[[body]] [[check]]''
jpn: 腹話術	rel:etymology	jpn: 術
jpn: 大天使	rel:etymology	jpn: 大-
jpn: お茶	rel:etymology	jpn: 御-
jpn: サマータイム	rel:etymology	eng: summer time
jpn: スクープ	rel:etymology	eng: scoop
jpn: カナダ人	rel:etymology	jpn: カナダ
jpn: 悲観主義	rel:etymology	jpn: 悲観
jpn: 信号機	rel:etymology	jpn: 信号
jpn: 不能	rel:etymology	jpn: 能
jpn: テクノロジー	rel:etymology	eng: technology
jpn: 成人式	rel:etymology	jpn: 成人
jpn: ティー	rel:etymology	eng: tea
jpn: jishingakusha	rel:etymology	jpn: 地震学
jpn: 沈静化	rel:etymology	jpn: 沈静
jpn: バイバイ	rel:etymology	eng: bye-bye
jpn: 幾何学的	rel:etymology	jpn: -的
jpn: 被災者	rel:etymology	jpn: 被災
jpn: 胸チラ	rel:etymology	jpn: 胸
jpn: 再確認	rel:etymology	jpn: 再-
jpn: じゃんぷ	rel:etymology	eng: jump
jpn: ピコメートル	rel:etymology	jpn: ピコ-
jpn: 脱水症	rel:etymology	jpn: 脱水
jpn: 体系的	rel:etymology	jpn: -的
jpn: ラジオカセ	rel:etymology	jpn: ラジオ
jpn: ホバークラフト	rel:etymology	eng: hovercraft
jpn: ビジネス	rel:etymology	eng: business
jpn: エピゴーネン	rel:etymology	deu: Epigonen
jpn: ポグロム	rel:etymology	rus: погром
jpn: 超自然	rel:etymology	jpn: 自然
jpn: 切り紙	rel:etymology	jpn: 切り
jpn: クーラー	rel:etymology	eng: cooler
jpn: 線形動物	rel:etymology	jpn: 動物
jpn: カクテル	rel:etymology	eng: cocktail
jpn: 不信実	rel:etymology	jpn: 不-
jpn: 民主的	rel:etymology	jpn: 民主
jpn: カナダ人	rel:etymology	jpn: -人
jpn: チーズバーガー	rel:etymology	eng: cheeseburger
jpn: 省エネルギー	rel:etymology	jpn: 省-
jpn: シャボン	rel:etymology	por: sabão
jpn: 原子力発電所	rel:etymology	jpn: 原子力発電
jpn: 腸内細菌	rel:etymology	jpn: 細菌
jpn: ドロテア	rel:etymology	eng: Dorothea
jpn: 超自然	rel:etymology	jpn: 超
jpn: キャンペーン	rel:etymology	eng: campaign
jpn: 玉ねぎ	rel:etymology	jpn: 玉葱
jpn: ナポリ語	rel:etymology	jpn: -語
jpn: ポーランド語	rel:etymology	jpn: ポーランド
jpn: オーナー	rel:etymology	eng: owner
jpn: 食事中	rel:etymology	jpn: 食事
jpn: 実勢価格	rel:etymology	jpn: 実勢
jpn: 学舎	rel:etymology	jpn: 学
jpn: 射手座	rel:etymology	jpn: -座
jpn: 海水帽	rel:etymology	jpn: 帽
jpn: アフガニスタン語	rel:etymology	jpn: -語
jpn: マラーティーご	rel:etymology	jpn: マラーティー
jpn: 拍子木	rel:etymology	jpn: 拍子
jpn: アバンチュール	rel:etymology	fra: aventure
jpn: ペレストロイカ	rel:etymology	rus: перестройка
jpn: ファッションモデル	rel:etymology	eng: fashion model
jpn: ダイモーン	rel:etymology	grc: δαίμων
jpn: デーモン	rel:etymology	eng: daemon
jpn: ココア	rel:etymology	eng: cocoa
jpn: リュックサック	rel:etymology	deu: Rucksack
jpn: 音量	rel:etymology	jpn: -量
jpn: お皿	rel:etymology	jpn: お-
jpn: ラテン語	rel:etymology	jpn: ラテン
jpn: セルビア語	rel:etymology	jpn: -語
jpn: 怠け者	rel:etymology	jpn: 者
jpn: panchira	rel:etymology	jpn: chira
jpn: マティーニ	rel:etymology	eng: martini
jpn: キャッチ	rel:etymology	eng: catch
jpn: 実験台	rel:etymology	jpn: -台
jpn: 反発力	rel:etymology	jpn: 力
jpn: ノギス	rel:etymology	deu: Nonius
jpn: 海水浴	rel:etymology	jpn: 浴
jpn: 海水帽	rel:etymology	jpn: 海水
jpn: ダブルミーニング	rel:etymology	eng: double meaning
jpn: 脱窒	rel:etymology	jpn: 窒
jpn: 薬缶頭	rel:etymology	jpn: 薬缶
jpn: アーカンソー	rel:etymology	eng: Arkansas
jpn: ほんと	rel:etymology	jpn: 本当
jpn: 義訓	rel:etymology	jpn: 訓
jpn: クラクション	rel:etymology	eng: Klaxon
jpn: メール	rel:etymology	eng: mail
jpn: 飲み放題	rel:etymology	jpn: 飲む
jpn: 生存権	rel:etymology	jpn: 生存
jpn: 開始日	rel:etymology	jpn: 開始
jpn: 東北弁	rel:etymology	jpn: -弁
jpn: 不能	rel:etymology	jpn: 不-
jpn: 気圧計	rel:etymology	jpn: 気圧
jpn: ハーケンクロイツ	rel:etymology	deu: Hakenkreuz
jpn: マスチフ	rel:etymology	eng: mastiff
jpn: トリガー	rel:etymology	eng: trigger
jpn: 受付中	rel:etymology	jpn: 受付
jpn: お弁当	rel:etymology	jpn: 弁当
jpn: 警察庁	rel:etymology	jpn: -庁
jpn: 壊滅的	rel:etymology	jpn: -的
jpn: 御神木	rel:etymology	jpn: 御-
jpn: 材料費	rel:etymology	jpn: 材料
jpn: トランス	rel:etymology	eng: trans-
jpn: 弁才天	rel:etymology	san: सरस्वती
jpn: 鹿	rel:etymology	jpn: 肉
jpn: 不可	rel:etymology	jpn: 可
jpn: 性衝動	rel:etymology	jpn: 性
jpn: マラーティー語	rel:etymology	jpn: -語
jpn: 球体	rel:etymology	jpn: 球
jpn: ハングル	rel:etymology	kor: 한글
jpn: ロシア	rel:etymology	rus: Россия
jpn: シャシリク	rel:etymology	rus: шашлык
jpn: ファック	rel:etymology	eng: fuck
jpn: 殺人者	rel:etymology	jpn: 殺人
jpn: 海水温	rel:etymology	jpn: 温
jpn: お風呂	rel:etymology	jpn: 風呂
jpn: 母国語	rel:etymology	jpn: 母国
jpn: 海水浴場	rel:etymology	jpn: 海水
jpn: 最低	rel:etymology	jpn: 最-
jpn: シンガーソングライター	rel:etymology	eng: singer-songwriter
jpn: 本格的	rel:etymology	jpn: 本格
jpn: 鍛冶屋	rel:etymology	jpn: 鍛冶
jpn: 飲みニケーション	rel:etymology	jpn: 飲み
jpn: コンピュータ	rel:etymology	eng: computer
jpn: アリストテレス	rel:etymology	grc: Ἀριστοτέλης
jpn: オランウータン	rel:etymology	eng: orangutan
jpn: 謝る	rel:etymology	jpn: 誤る
jpn: 外信部	rel:etymology	jpn: 外信
jpn: 避難生活	rel:etymology	jpn: 避難
jpn: 茉莉	rel:etymology	eng: Jasmine
jpn: 土砂崩れ	rel:etymology	jpn: 崩れ
jpn: 福島	rel:etymology	jpn: 島
jpn: 再生	rel:etymology	jpn: 生
jpn: 抗生物質	rel:etymology	jpn: 物質
jpn: エコノミークラス症候群	rel:etymology	jpn: エコノミークラス
jpn: 単複同形	rel:etymology	jpn: 同形
jpn: お酒	rel:etymology	jpn: お-
jpn: 総務省	rel:etymology	jpn: 総務
jpn: ホテル	rel:etymology	eng: hotel
jpn: ベクトル	rel:etymology	deu: Vektor
jpn: 再輸入	rel:etymology	jpn: 輸入
jpn: 副社長	rel:etymology	jpn: 社長
jpn: 連日	rel:etymology	jpn: 日
jpn: ステータス	rel:etymology	eng: status
jpn: メッセ	rel:etymology	deu: Messe
jpn: タイツ	rel:etymology	eng: tights
jpn: ジラフ	rel:etymology	eng: giraffe
jpn: 再臨	rel:etymology	jpn: 臨
jpn: 大震災	rel:etymology	jpn: 大-
jpn: パンチ	rel:etymology	eng: punch
jpn: 商務省	rel:etymology	jpn: 商務
jpn: セブアノ語	rel:etymology	jpn: セブアノ
jpn: 裏切り者	rel:etymology	jpn: 者
jpn: 海水着	rel:etymology	jpn: -着
jpn: 戦術的	rel:etymology	jpn: 戦術
jpn: airon	rel:etymology	eng: iron
jpn: 独語	rel:etymology	jpn: -語
jpn: お菓子	rel:etymology	jpn: 御-
jpn: キーボード	rel:etymology	eng: keyboard
jpn: 不飽和	rel:etymology	jpn: 不-
jpn: 強制的	rel:etymology	jpn: 強制
jpn: 輸入量	rel:etymology	jpn: -量
jpn: ウィザード	rel:etymology	eng: wizard
jpn: 禁制帯	rel:etymology	jpn: -帯
jpn: メンバー	rel:etymology	eng: member
jpn: 地震学者	rel:etymology	jpn: 地震学
jpn: 軽蔑的	rel:etymology	jpn: -的
jpn: フランス語	rel:etymology	jpn: -語
jpn: 市民権	rel:etymology	jpn: -権
jpn: 旧人	rel:etymology	jpn: 人
jpn: クアラルンプール	rel:etymology	msa: Kuala Lumpur
jpn: エスカレート	rel:etymology	eng: escalate
jpn: ウィルス	rel:etymology	lat: virus
jpn: 御菓子	rel:etymology	jpn: 御-
jpn: 不動産屋	rel:etymology	jpn: -屋
jpn: 政治的	rel:etymology	jpn: -的
jpn: 禹域	rel:etymology	cmn: 禹域
jpn: 水仕事	rel:etymology	jpn: 仕事
jpn: 白酒	rel:etymology	cmn: 白酒
jpn: 特殊性	rel:etymology	jpn: -性
jpn: メヌエット	rel:etymology	deu: Menuett
jpn: コーチ	rel:etymology	eng: coach
jpn: 調味料	rel:etymology	jpn: -料
jpn: ウイザード	rel:etymology	eng: wizard
jpn: 観覧車	rel:etymology	jpn: 観覧
jpn: 寿司屋	rel:etymology	jpn: 寿司
jpn: 教戒	rel:etymology	cmn: 教戒
jpn: つちぶえ	rel:etymology	jpn: ふえ
jpn: 台本	rel:etymology	cmn: 台本
jpn: 急進派	rel:etymology	jpn: 急進
jpn: サウンドエフェクト	rel:etymology	eng: sound effect
jpn: 上陸班	rel:etymology	jpn: 上陸
jpn: 愛弟子	rel:etymology	jpn: 愛-
jpn: 上陸班	rel:etymology	jpn: -班
jpn: マレー語	rel:etymology	jpn: -語
jpn: 日射病	rel:etymology	jpn: 日射
jpn: ウォッカ	rel:etymology	rus: водка
jpn: アイルランド語	rel:etymology	jpn: -語
jpn: アゼルバイジャン語	rel:etymology	jpn: アゼルバイジャン
jpn: ご降誕	rel:etymology	jpn: 降誕
jpn: 緑青色	rel:etymology	jpn: 緑青
jpn: 解剖学	rel:etymology	jpn: 学
jpn: 反発係数	rel:etymology	jpn: 反発
jpn: インドネシア語	rel:etymology	jpn: インドネシア
jpn: 御札	rel:etymology	jpn: 御-
jpn: 新型	rel:etymology	jpn: 新-
jpn: チャールダーシュ	rel:etymology	hun: csárdás
jpn: 飛行場	rel:etymology	jpn: -場
jpn: 不明	rel:etymology	jpn: 不-
jpn: 安全網	rel:etymology	jpn: 安全
jpn: タクシー	rel:etymology	eng: taxi
jpn: 具体的	rel:etymology	jpn: -的
jpn: 最小	rel:etymology	jpn: 小
jpn: 風速計	rel:etymology	jpn: 風速
jpn: 不明	rel:etymology	jpn: 明
jpn: 量子力学	rel:etymology	jpn: 力学
jpn: 病原体	rel:etymology	jpn: 病原
jpn: ヘリコプター	rel:etymology	eng: helicopter
jpn: ヘリウム	rel:etymology	eng: helium
jpn: 高速道路	rel:etymology	jpn: 道路
jpn: コンクール	rel:etymology	fra: concours
jpn: 新幹線	rel:etymology	jpn: 新-
jpn: 大人ぶる	rel:etymology	jpn: 大人
jpn: 有職者	rel:etymology	jpn: -者
jpn: 糞	rel:etymology	cmn: 糞
jpn: ソネット	rel:etymology	ita: sonetto
jpn: 死体犬	rel:etymology	jpn: 犬
jpn: くし形	rel:etymology	jpn: 櫛
jpn: カッパ	rel:etymology	por: capa
jpn: 義訓	rel:etymology	jpn: 義
jpn: 試聴室	rel:etymology	jpn: -室
jpn: ティー	rel:etymology	eng: tee
jpn: 切れ切れ	rel:etymology	jpn: 切れ
jpn: 発禁本	rel:etymology	jpn: 発禁
jpn: 脱水症	rel:etymology	jpn: -症
jpn: 現実主義	rel:etymology	jpn: 現実
jpn: クーポン	rel:etymology	fra: coupon
jpn: トナカイ	rel:etymology	ain: tunakkay
jpn: グラスノスチ	rel:etymology	rus: гласность
jpn: 大規模	rel:etymology	jpn: 大-
jpn: 盲腸炎	rel:etymology	jpn: -炎
jpn: 現代ギリシャ語	rel:etymology	jpn: 現代ギリシャ
jpn: モンテネグロ語	rel:etymology	jpn: モンテネグロ
jpn: 発音記号	rel:etymology	jpn: 発音
jpn: 線形性	rel:etymology	jpn: 線形
jpn: 最大	rel:etymology	jpn: 最-
jpn: ロゼ	rel:etymology	fra: rosé
jpn: オーケー	rel:etymology	eng: OK
jpn: 魔導師	rel:etymology	jpn: -師
jpn: つちぶえ	rel:etymology	jpn: つち
jpn: コード	rel:etymology	eng: cord
jpn: 煙突掃除夫	rel:etymology	jpn: 掃除夫
jpn: ルガンダ語	rel:etymology	jpn: -語
jpn: ガルソン	rel:etymology	fra: garçon
jpn: 財務省	rel:etymology	jpn: 財務
jpn: 支配的	rel:etymology	jpn: -的
jpn: ファクション	rel:etymology	eng: faction
jpn: 医院長	rel:etymology	jpn: 医院
jpn: グレート・デーン	rel:etymology	eng: Great Dane
jpn: 病臥中	rel:etymology	jpn: 病臥
jpn: パラレル	rel:etymology	eng: parallel
jpn: インテリ	rel:etymology	rus: интеллигенция
jpn: 副作用	rel:etymology	jpn: 副-
jpn: 旧約聖書	rel:etymology	jpn: 旧-
jpn: 小量	rel:etymology	jpn: 小
jpn: 版権	rel:etymology	jpn: 版
jpn: 飲みニケーション	rel:etymology	jpn: コミュニケーション
jpn: ウルドゥー語	rel:etymology	jpn: ウルドゥー
jpn: バスク語	rel:etymology	jpn: -語
jpn: 異性愛者	rel:etymology	jpn: 異性愛
jpn: 労働者	rel:etymology	jpn: 労働
jpn: メジャー	rel:etymology	eng: measure
jpn: コンセント	rel:etymology	eng: concentric plug
jpn: コンパニオン	rel:etymology	fra: compagnon
jpn: 御飯	rel:etymology	jpn: 御-
jpn: 森林公園	rel:etymology	jpn: 公園
jpn: ウルドゥー語	rel:etymology	jpn: -語
jpn: 最高	rel:etymology	jpn: 高
jpn: エイプリルフール	rel:etymology	eng: April fool
jpn: もやしっ子	rel:etymology	jpn: 子
jpn: 検査中	rel:etymology	jpn: 検査
jpn: ポンチ	rel:etymology	eng: punch
jpn: グルメ	rel:etymology	fra: gourmet
jpn: フィクション	rel:etymology	eng: fiction
jpn: 原子力発電	rel:etymology	jpn: 原子力
jpn: アルファベット	rel:etymology	eng: alphabet
jpn: トイレ	rel:etymology	jpn: トイレット
jpn: ギリシア語	rel:etymology	jpn: ギリシア
jpn: スウェーデン	rel:etymology	eng: Sweden
jpn: ウエイ	rel:etymology	eng: way
jpn: 不可能	rel:etymology	jpn: 不-
jpn: ステーション	rel:etymology	eng: station
jpn: ルーマニア語	rel:etymology	jpn: ルーマニア
jpn: ヌードル	rel:etymology	eng: noodle
jpn: 目撃者	rel:etymology	jpn: -者
jpn: レンジ	rel:etymology	eng: range
jpn: エネルギー	rel:etymology	deu: Energie
jpn: ダフ屋	rel:etymology	jpn: 札
jpn: 新世界	rel:etymology	jpn: 世界
jpn: 愛弟子	rel:etymology	jpn: 弟子
jpn: 最初	rel:etymology	jpn: 最-
jpn: 大出血	rel:etymology	jpn: 大-
jpn: 当駅	rel:etymology	jpn: 当-
jpn: ウインク	rel:etymology	eng: wink
jpn: お風呂	rel:etymology	jpn: 御-
jpn: 麻酔剤	rel:etymology	jpn: 麻酔
jpn: ありえない	rel:etymology	jpn: 有る
jpn: 無理心中	rel:etymology	jpn: 無理
jpn: 東日本大震災	rel:etymology	jpn: 大震災
jpn: 一日中	rel:etymology	jpn: -中
jpn: ピン	rel:etymology	eng: pin
jpn: 八ヶ月	rel:etymology	jpn: 八
jpn: マラーティー語	rel:etymology	jpn: マラーティー
jpn: 双子座	rel:etymology	jpn: 双子
jpn: ラメ	rel:etymology	fra: lamé
jpn: チェーン	rel:etymology	eng: chain
jpn: 省エネルギー	rel:etymology	jpn: エネルギー
jpn: 難易度	rel:etymology	jpn: -度
jpn: 検査中	rel:etymology	jpn: -中
jpn: 雑音	rel:etymology	jpn: 雑
jpn: アムハラ語	rel:etymology	jpn: -語
jpn: 中國語	rel:etymology	jpn: 中國
jpn: ボルシチ	rel:etymology	rus: борщ
jpn: インスペクター	rel:etymology	eng: inspector
jpn: イベント	rel:etymology	eng: event
jpn: 容疑者	rel:etymology	jpn: 容疑
jpn: 旧態	rel:etymology	jpn: 旧-
jpn: 快い	rel:etymology	jpn: 良い
jpn: 花便り	rel:etymology	jpn: 花
jpn: 切除	rel:etymology	jpn: 切
jpn: 最後	rel:etymology	jpn: 後
jpn: リサイクル	rel:etymology	eng: recycle
jpn: ヴァンパイア	rel:etymology	eng: vampire
jpn: ギリシャ語	rel:etymology	jpn: ギリシャ
jpn: トルコ語	rel:etymology	jpn: -語
jpn: 脱毛	rel:etymology	jpn: 脱-
jpn: 忠実度	rel:etymology	jpn: 忠実
jpn: 硝子	rel:etymology	nld: glas
jpn: 最近	rel:etymology	jpn: 近
jpn: 人魚	rel:etymology	jpn: 魚
jpn: セックス	rel:etymology	eng: sex
jpn: マヨネーズ	rel:etymology	fra: mayonnaise
jpn: 左側通行	rel:etymology	jpn: 通行
jpn: ピコメートル	rel:etymology	jpn: メートル
jpn: フィンランド語	rel:etymology	jpn: フィンランド
jpn: 字体	rel:etymology	jpn: -体
jpn: ビーチ	rel:etymology	eng: beach
jpn: イマジネーション	rel:etymology	eng: imagination
jpn: 再臨派	rel:etymology	jpn: -派
jpn: リセット	rel:etymology	eng: reset
jpn: 路線図	rel:etymology	jpn: -図
jpn: クロワッサン	rel:etymology	fra: croissant
jpn: 充電器	rel:etymology	jpn: 充電
jpn: ウェイトレス	rel:etymology	eng: waitress
jpn: コック	rel:etymology	nld: kok
jpn: 財務省	rel:etymology	jpn: -省
jpn: 昆虫学	rel:etymology	jpn: 学
jpn: 最低	rel:etymology	jpn: 低
jpn: ガリシア語	rel:etymology	jpn: ガリシア
jpn: 労働組合	rel:etymology	jpn: 組合
jpn: 作業員	rel:etymology	jpn: 作業
jpn: ソビエト	rel:etymology	rus: совет
jpn: 広東語	rel:etymology	jpn: -語
jpn: アンケート	rel:etymology	fra: enquête
jpn: 裁判員	rel:etymology	jpn: 裁判
jpn: 父ちゃん	rel:etymology	jpn: -ちゃん
jpn: 知性	rel:etymology	cmn: 知性
jpn: zuboshi	rel:etymology	jpn: 図星
jpn: 大便	rel:etymology	jpn: 便
jpn: 再構成	rel:etymology	jpn: 再-
jpn: 情欲	rel:etymology	jpn: 欲
jpn: コーンウォール語	rel:etymology	jpn: コーンウォール
jpn: 耳炎	rel:etymology	jpn: -炎
jpn: 砂糖屋	rel:etymology	jpn: 砂糖
jpn: 高齢者	rel:etymology	jpn: -者
jpn: 潜在的	rel:etymology	jpn: 潜在
jpn: ネック	rel:etymology	eng: bottleneck
jpn: 靖	rel:etymology	jpn: 休み
jpn: 副大統領	rel:etymology	jpn: 大統領
jpn: jokkusutorappu	rel:etymology	eng: jockstrap
jpn: 海水パンツ	rel:etymology	jpn: パンツ
jpn: 史料	rel:etymology	jpn: 史
jpn: 運搬中	rel:etymology	jpn: -中
jpn: 新型	rel:etymology	jpn: 型
jpn: 動物学者	rel:etymology	jpn: 動物学
jpn: トルクメン語	rel:etymology	jpn: -語
jpn: ビタミン剤	rel:etymology	jpn: -剤
jpn: テースト	rel:etymology	eng: taste
jpn: フェロー語	rel:etymology	jpn: -語
jpn: 所有権	rel:etymology	jpn: -権
jpn: コミュニケーション	rel:etymology	eng: communication
jpn: 東北弁	rel:etymology	jpn: 東北
jpn: 喜劇的	rel:etymology	jpn: 喜劇
jpn: 裏切り	rel:etymology	jpn: 切る
jpn: クラス図	rel:etymology	jpn: -図
jpn: 万年筆	rel:etymology	jpn: 万年
jpn: かたな	rel:etymology	jpn: 刃
jpn: ノート	rel:etymology	eng: note
jpn: 誇示	rel:etymology	cmn: 誇示
jpn: 解剖学	rel:etymology	jpn: 解剖
jpn: 急進派	rel:etymology	jpn: -派
jpn: セレナ	rel:etymology	eng: Selena
jpn: ムーン	rel:etymology	eng: moon
jpn: 週末	rel:etymology	jpn: 週
jpn: 脱塩	rel:etymology	jpn: 脱-
jpn: タイ語	rel:etymology	jpn: タイ
jpn: モチーフ	rel:etymology	fra: motif
jpn: 御菓子	rel:etymology	jpn: 菓子
jpn: 生存権	rel:etymology	jpn: -権
jpn: ハンガリアン・クーヴァーズ	rel:etymology	eng: Hungarian Kuvasz
jpn: 御神木	rel:etymology	jpn: 神木
jpn: むねチラ	rel:etymology	jpn: チラッと
jpn: 必然的	rel:etymology	jpn: -的
jpn: 国際単位系	rel:etymology	jpn: 単位系
jpn: 奈落	rel:etymology	san: नरक
jpn: ファサード	rel:etymology	fra: façade
jpn: ウェイ	rel:etymology	eng: way
jpn: ポーランド語	rel:etymology	jpn: -語
jpn: チェンジ	rel:etymology	eng: change
jpn: 天麩羅	rel:etymology	por: tempero
jpn: 高速道路	rel:etymology	jpn: 高速
jpn: 効果的	rel:etymology	jpn: 効果
jpn: 体中	rel:etymology	jpn: -中
jpn: 単複同形	rel:etymology	jpn: 単複
jpn: ケルン	rel:etymology	deu: Köln
jpn: 病原体	rel:etymology	jpn: -体
jpn: 楽観主義	rel:etymology	jpn: 楽観
jpn: パンチラ	rel:etymology	jpn: チラッと
jpn: 裁判員	rel:etymology	jpn: -員
jpn: むねチラ	rel:etymology	jpn: むね
jpn: スリル	rel:etymology	eng: thrill
jpn: アラゴン語	rel:etymology	jpn: -語
jpn: スプール	rel:etymology	eng: spool
jpn: ハート	rel:etymology	eng: heart
jpn: 再構成	rel:etymology	jpn: 構成
jpn: 布告者	rel:etymology	jpn: 布告
jpn: セーラー服	rel:etymology	jpn: セーラー
jpn: サラブレッド	rel:etymology	eng: thoroughbred
jpn: エクスタシー	rel:etymology	eng: ecstasy
jpn: おおいぬ座	rel:etymology	jpn: おおいぬ
jpn: 緑青色	rel:etymology	jpn: 色
jpn: うさぎ座	rel:etymology	jpn: うさぎ
jpn: ポルトガル人	rel:etymology	jpn: ポルトガル
jpn: 構成中	rel:etymology	jpn: 構成
jpn: オランダ語	rel:etymology	jpn: -語
jpn: 大天使	rel:etymology	jpn: 天使
jpn: ウェートレス	rel:etymology	eng: waitress
jpn: 見込み違い	rel:etymology	jpn: -違い
jpn: スーパーカリフラジリスティックエクスピアリドーシャス	rel:etymology	eng: supercalifragilisticexpialidocious
jpn: 元交際相手	rel:etymology	jpn: 元-
jpn: 中継放送	rel:etymology	jpn: 放送
jpn: スポーツ	rel:etymology	eng: sports
jpn: 工事中	rel:etymology	jpn: 工事
jpn: ビルマ語	rel:etymology	jpn: ビルマ
jpn: ペン	rel:etymology	nld: pen
jpn: アルバニア語	rel:etymology	jpn: アルバニア
jpn: ウルフ	rel:etymology	eng: en
jpn: お新香	rel:etymology	jpn: 御-
jpn: ベリリウム	rel:etymology	eng: beryllium
jpn: エビゼ	rel:etymology	mah: Epjā
jpn: 壊滅的	rel:etymology	jpn: 壊滅
jpn: グラビア	rel:etymology	eng: gravure
jpn: アルバイト	rel:etymology	deu: Arbeit
jpn: 歓送会	rel:etymology	jpn: -会
jpn: 革命的	rel:etymology	jpn: 革命
jpn: 太子党	rel:etymology	cmn: 太子党
jpn: フラン	rel:etymology	fra: franc
jpn: 台湾人	rel:etymology	jpn: 台湾
jpn: ペルシア語	rel:etymology	jpn: -語
jpn: イド語	rel:etymology	jpn: イド
jpn: 総務相	rel:etymology	jpn: -相
jpn: 現実主義者	rel:etymology	jpn: -者
jpn: 鬱金色	rel:etymology	jpn: 鬱金
jpn: ご臨終	rel:etymology	jpn: 臨終
jpn: 食事中	rel:etymology	jpn: -中
jpn: 水素爆弾	rel:etymology	jpn: 水素
jpn: 地震学者	rel:etymology	jpn: -者
jpn: トレーラー	rel:etymology	eng: trailer
jpn: 禁じ得ない	rel:etymology	jpn: 禁じる
jpn: 自然言語	rel:etymology	jpn: 言語
jpn: エウェ語	rel:etymology	jpn: エウェ
jpn: トルクメン語	rel:etymology	jpn: トルクメン
jpn: マスティフ	rel:etymology	eng: mastiff
jpn: 抗生剤	rel:etymology	jpn: 抗生
jpn: アフリカーンス語	rel:etymology	jpn: -語
jpn: 原子核分裂	rel:etymology	jpn: 分裂
jpn: テンプラ	rel:etymology	por: tempero
jpn: ポヂュギース・ウォーター・ドッグ	rel:etymology	eng: Portuguese Water Dog
jpn: 温度	rel:etymology	jpn: 温
jpn: 記者団	rel:etymology	jpn: 記者
jpn: 計画停電	rel:etymology	jpn: 計画
jpn: ウエー	rel:etymology	eng: way
jpn: 新古典主義	rel:etymology	jpn: 新-
jpn: 断食	rel:etymology	jpn: 断
jpn: 再起動	rel:etymology	jpn: 再-
jpn: チキンナゲット	rel:etymology	eng: chicken nugget
jpn: 拘る	rel:etymology	jpn: こ-
jpn: マルス	rel:etymology	lat: Mars
jpn: 禿頭病	rel:etymology	jpn: -病
jpn: 農家	rel:etymology	cmn: 農家
jpn: 仏	rel:etymology	cmn: 佛陀
jpn: システム	rel:etymology	eng: system
jpn: 朝鮮語	rel:etymology	jpn: 朝鮮
jpn: フェロー語	rel:etymology	jpn: フェロー
jpn: 牡羊座	rel:etymology	jpn: 牡羊
jpn: 時代劇	rel:etymology	jpn: 劇
jpn: 茉莉花茶	rel:etymology	jpn: 茉莉花
jpn: パニック	rel:etymology	eng: panic
jpn: キャンディ	rel:etymology	eng: candy
jpn: オセロ	rel:etymology	eng: Othello
jpn: ブルトン語	rel:etymology	jpn: ブルトン
jpn: 消火器	rel:etymology	jpn: -器
jpn: 肝炎	rel:etymology	jpn: 肝
jpn: タジク語	rel:etymology	jpn: -語
jpn: 饅頭	rel:etymology	cmn: 饅頭
jpn: スノッブ	rel:etymology	eng: snob
jpn: パウダー	rel:etymology	eng: powder
jpn: 精神的	rel:etymology	jpn: -的
jpn: 依頼書	rel:etymology	jpn: 依頼
jpn: ショッピングセンター	rel:etymology	eng: shopping center
jpn: 受動的	rel:etymology	jpn: -的
jpn: 芥子色	rel:etymology	jpn: 芥子
jpn: 教育界	rel:etymology	jpn: -界
jpn: 議長	rel:etymology	jpn: -長
jpn: 中国語	rel:etymology	jpn: -語
jpn: 発売禁止	rel:etymology	jpn: 発売
jpn: ベルト	rel:etymology	eng: belt
jpn: 旧人	rel:etymology	jpn: 旧-
jpn: 領収書	rel:etymology	jpn: -書
jpn: 海水温	rel:etymology	jpn: 海水
jpn: 鎮静剤	rel:etymology	jpn: 鎮静
jpn: 計画的	rel:etymology	jpn: -的
jpn: 副大統領	rel:etymology	jpn: 副-
jpn: 総務相	rel:etymology	jpn: 総務
jpn: 榴弾砲	rel:etymology	jpn: 砲
jpn: イタリア	rel:etymology	ita: Italia
jpn: フル	rel:etymology	eng: full
jpn: 残暑	rel:etymology	jpn: 残
jpn: 腹膜炎	rel:etymology	jpn: 腹膜
jpn: 飛び越える	rel:etymology	jpn: 越える
jpn: ダフ屋	rel:etymology	jpn: -屋
jpn: 原子核分裂	rel:etymology	jpn: 原子核
jpn: アメジスト	rel:etymology	eng: amethyst
jpn: ファクタリング	rel:etymology	eng: factoring
jpn: ウエイト	rel:etymology	eng: weight
jpn: 不明瞭	rel:etymology	jpn: 明瞭
jpn: サンドイッチ	rel:etymology	eng: sandwich
jpn: 具体的	rel:etymology	jpn: 具体
jpn: おうし座	rel:etymology	jpn: -座
jpn: ナワトル語	rel:etymology	jpn: ナワトル
jpn: アラビア語	rel:etymology	jpn: アラビア
jpn: 牛舎	rel:etymology	jpn: -舎
jpn: 脱水	rel:etymology	jpn: 脱-
jpn: ブックマーク	rel:etymology	eng: bookmark
jpn: お皿	rel:etymology	jpn: 皿
jpn: ニットキャップ	rel:etymology	eng: knit cap
jpn: インターネット	rel:etymology	eng: Internet
jpn: 監視網	rel:etymology	jpn: -網
jpn: マラヤーラム語	rel:etymology	jpn: -語
jpn: 出生率	rel:etymology	jpn: 出生
jpn: 新車	rel:etymology	jpn: 車
jpn: 防腐剤	rel:etymology	jpn: -剤
jpn: 確実度	rel:etymology	jpn: 確実
jpn: ビロード	rel:etymology	por: veludo
jpn: コングラ	rel:etymology	eng: congratulations
jpn: トランプ	rel:etymology	eng: trump
jpn: ラジオカセ	rel:etymology	jpn: カセット
jpn: グリーンランド人	rel:etymology	jpn: グリーンランド
jpn: 再編成	rel:etymology	jpn: 編成
jpn: 淡水	rel:etymology	jpn: 淡
jpn: シートベルト	rel:etymology	eng: seat belt
jpn: クリプトン	rel:etymology	eng: krypton
jpn: 皮膚炎	rel:etymology	jpn: -炎
jpn: 脳炎	rel:etymology	jpn: -炎
jpn: インフラストラクチャー	rel:etymology	eng: infrastructure
jpn: カー	rel:etymology	eng: car
jpn: 最新	rel:etymology	jpn: 新
jpn: ゲイ	rel:etymology	eng: gay
jpn: 芝居小屋	rel:etymology	jpn: 芝居
jpn: てんぷら	rel:etymology	por: tempero
jpn: ノルウェー語	rel:etymology	jpn: -語
jpn: エキセントリック	rel:etymology	eng: eccentric
jpn: 化身	rel:etymology	cmn: 化身
jpn: ネオン	rel:etymology	eng: neon
jpn: 脱窒	rel:etymology	jpn: 脱-
jpn: 気圧計	rel:etymology	jpn: -計
jpn: アーガイル	rel:etymology	eng: Argyll
jpn: ガリウム	rel:etymology	eng: gallium
jpn: ギャルソン	rel:etymology	fra: garçon
jpn: 実質的	rel:etymology	jpn: -的
jpn: 再会	rel:etymology	jpn: 再-
jpn: 合理的	rel:etymology	jpn: -的
jpn: 声帯	rel:etymology	jpn: -帯
jpn: 空手	rel:etymology	jpn: 唐手
jpn: 腹話術	rel:etymology	jpn: 腹
jpn: トマト	rel:etymology	eng: tomato
jpn: スカンジウム	rel:etymology	eng: scandium
jpn: 警察署長	rel:etymology	jpn: 警察署
jpn: ヘブライ語	rel:etymology	jpn: -語
jpn: 追跡犬	rel:etymology	jpn: 追跡
jpn: 反発係数	rel:etymology	jpn: 係数
jpn: エンターテインメント	rel:etymology	eng: entertainment
jpn: 関東大震災	rel:etymology	jpn: 関東
jpn: 行方不明者	rel:etymology	jpn: 行方不明
jpn: ルナ	rel:etymology	lat: luna
jpn: 内務省	rel:etymology	jpn: -省
jpn: ビーバー	rel:etymology	eng: beaver
jpn: 乙女座	rel:etymology	jpn: -座
jpn: 会長	rel:etymology	jpn: -長
jpn: 山羊座	rel:etymology	jpn: -座
jpn: 博士論文	rel:etymology	jpn: 博士
jpn: 抗生物質	rel:etymology	jpn: 抗生
jpn: 合法性	rel:etymology	jpn: -性
jpn: 戦略的	rel:etymology	jpn: 戦略
jpn: ゴジラ	rel:etymology	jpn: クジラ
jpn: 芝居小屋	rel:etymology	jpn: 小屋
jpn: 投票所	rel:etymology	jpn: 投票
jpn: ブランコ	rel:etymology	por: balanço
jpn: シナ	rel:etymology	lat: cina
jpn: 実験台	rel:etymology	jpn: 実験
jpn: かわいそう	rel:etymology	jpn: -そう
jpn: 展覧会	rel:etymology	jpn: 展覧
jpn: フットボール	rel:etymology	eng: football
jpn: 初誕生	rel:etymology	jpn: 誕生
jpn: ヒンディー語	rel:etymology	jpn: -語
jpn: ATM	rel:etymology	eng: ATM
jpn: オレンジジュース	rel:etymology	eng: orange juice
jpn: マラーティーご	rel:etymology	jpn: -語
jpn: 軍事的	rel:etymology	jpn: -的
jpn: ファン	rel:etymology	eng: fan
jpn: パップテスト	rel:etymology	eng: Pap smear
jpn: エール	rel:etymology	eng: ale
jpn: エルジャ語	rel:etymology	jpn: エルジャ
jpn: 再編成	rel:etymology	jpn: 再-
jpn: basu	rel:etymology	eng: bus
jpn: パイ	rel:etymology	eng: pie
jpn: 国際的	rel:etymology	jpn: -的
jpn: 書店	rel:etymology	jpn: 書
jpn: 歴史的	rel:etymology	jpn: -的
jpn: 消防局	rel:etymology	jpn: 消防
jpn: 芥子色	rel:etymology	jpn: 色
jpn: オイル	rel:etymology	eng: oil
jpn: 榴弾砲	rel:etymology	jpn: 榴弾
jpn: 痛み止め	rel:etymology	jpn: 痛み
jpn: ウェイト	rel:etymology	eng: weight
jpn: ゆとり教育	rel:etymology	jpn: ゆとり
jpn: ツァーリ	rel:etymology	rus: царь
jpn: ニッケル	rel:etymology	eng: nickel
jpn: ビール	rel:etymology	nld: bier
jpn: オーストラリア	rel:etymology	eng: Australia
jpn: 生放送	rel:etymology	jpn: 生-
jpn: ホーム	rel:etymology	eng: home
jpn: ポピー	rel:etymology	eng: poppy
jpn: ステージ	rel:etymology	eng: stage
jpn: 大便	rel:etymology	jpn: 大
jpn: 卒業試験	rel:etymology	jpn: 卒業
jpn: 利用者	rel:etymology	jpn: -者
jpn: 雪合戦	rel:etymology	jpn: 雪
jpn: 蟹座	rel:etymology	jpn: 蟹
jpn: 金剛	rel:etymology	san: वज्र
jpn: ハンガリー語	rel:etymology	jpn: ハンガリー
jpn: 座薬	rel:etymology	ltc: 座藥
jpn: ジェームス	rel:etymology	eng: James
jpn: チャルメラ	rel:etymology	por: charamela
jpn: 魔導師	rel:etymology	jpn: 魔導
jpn: 旧居	rel:etymology	jpn: 旧-
jpn: 抗体	rel:etymology	jpn: 抗
jpn: 家庭料理	rel:etymology	jpn: 家庭
jpn: コンピューター	rel:etymology	eng: computer
jpn: シャンプー	rel:etymology	eng: shampoo
jpn: 酪農製品	rel:etymology	jpn: 酪農
jpn: 名古屋弁	rel:etymology	jpn: 名古屋
jpn: 寒天	rel:etymology	cmn: 寒天
jpn: プチ	rel:etymology	fra: petit
jpn: 狩猟犬	rel:etymology	jpn: 犬
jpn: バラライカ	rel:etymology	rus: балалайка
jpn: 線形性	rel:etymology	jpn: -性
jpn: トラブルメーカー	rel:etymology	eng: troublemaker
jpn: 蠍座	rel:etymology	jpn: 蠍
jpn: 速度計	rel:etymology	jpn: 速度
jpn: ヨーク家	rel:etymology	jpn: ヨーク
jpn: ブルマー	rel:etymology	eng: bloomers
jpn: 肝炎	rel:etymology	jpn: -炎
jpn: オンエア	rel:etymology	eng: on air
jpn: 最近	rel:etymology	jpn: 最-
jpn: 追跡者	rel:etymology	jpn: -者
jpn: 帝王切開	rel:etymology	jpn: 帝王
jpn: 水道水	rel:etymology	jpn: 水道
jpn: 射手座	rel:etymology	jpn: 射手
jpn: 母ちゃん	rel:etymology	jpn: -ちゃん
jpn: 腹膜炎	rel:etymology	jpn: -炎
jpn: インテリゲンチャ	rel:etymology	rus: интеллигенция
jpn: 残暑	rel:etymology	jpn: 暑
jpn: 書店	rel:etymology	jpn: -店
jpn: パフェ	rel:etymology	fra: parfait
jpn: ニンフ	rel:etymology	eng: nymph
jpn: 通信網	rel:etymology	jpn: -網
jpn: アコースティックギター	rel:etymology	eng: acoustic guitar
jpn: 特殊性	rel:etymology	jpn: 特殊
jpn: サモワール	rel:etymology	rus: самовар
jpn: 観覧者	rel:etymology	jpn: -者
jpn: ガラス	rel:etymology	nld: glas
jpn: 株主総会	rel:etymology	jpn: 総会
jpn: テイスト	rel:etymology	eng: taste
jpn: 双子座	rel:etymology	jpn: -座
jpn: 水瓶座	rel:etymology	jpn: -座
jpn: セルビア語	rel:etymology	jpn: セルビア
jpn: ラッピング	rel:etymology	eng: wrapping
jpn: ニート	rel:etymology	eng: NEET
jpn: 防腐剤	rel:etymology	jpn: 防腐
jpn: ヘラルド	rel:etymology	eng: herald
jpn: マラヤーラム語	rel:etymology	jpn: マラヤーラム
jpn: 線形動物	rel:etymology	jpn: 線形
jpn: お釣り	rel:etymology	jpn: 御-
jpn: 料理人	rel:etymology	jpn: 料理
jpn: 父ちゃん	rel:etymology	jpn: 父
jpn: ギルバート語	rel:etymology	jpn: ギルバート
jpn: コルホーズ	rel:etymology	rus: колхоз
jpn: 旧態	rel:etymology	jpn: 態
jpn: 感染力	rel:etymology	jpn: -力
jpn: インキ	rel:etymology	nld: inkt
jpn: ありえない	rel:etymology	jpn: -得ない
jpn: トラブル	rel:etymology	eng: trouble
jpn: 中耳炎	rel:etymology	jpn: 中耳
jpn: ブラシ	rel:etymology	eng: brush
jpn: 見送る	rel:etymology	jpn: 見
jpn: 力量	rel:etymology	jpn: 力
jpn: ルポルタージュ	rel:etymology	fra: reportage
jpn: ユーロピウム	rel:etymology	eng: europium
jpn: 出版社	rel:etymology	jpn: 出版
jpn: に代えて	rel:etymology	jpn: に
jpn: 超新星	rel:etymology	jpn: 新星
jpn: 新幹線	rel:etymology	jpn: 幹線
jpn: 駐車場	rel:etymology	jpn: 駐車
jpn: アップ	rel:etymology	eng: up
jpn: 監視網	rel:etymology	jpn: 監視
jpn: タレント	rel:etymology	eng: talent
jpn: イデー	rel:etymology	deu: Idee
jpn: 鍛冶屋	rel:etymology	jpn: -屋
jpn: 鼻炎	rel:etymology	jpn: -炎
jpn: 力量	rel:etymology	jpn: -量
jpn: メルクリウス	rel:etymology	lat: Mercurius
jpn: 音楽家	rel:etymology	jpn: -家
jpn: 旧軍人	rel:etymology	jpn: 旧-
jpn: ニュース	rel:etymology	eng: news
jpn: ファミリーレストラン	rel:etymology	eng: family restaurant
jpn: カバー	rel:etymology	eng: cover
jpn: 単純機械	rel:etymology	jpn: 機械
jpn: 母国語	rel:etymology	jpn: -語
jpn: 行方不明者	rel:etymology	jpn: -者
jpn: 糖尿病	rel:etymology	jpn: -病
jpn: オーディション	rel:etymology	eng: audition
jpn: 冷却機能	rel:etymology	jpn: 機能
jpn: 化繊	rel:etymology	jpn: 化
jpn: お休みなさい	rel:etymology	jpn: 御-
jpn: 支配者	rel:etymology	jpn: 支配
jpn: スタイル	rel:etymology	eng: style
jpn: 穏健派	rel:etymology	jpn: 穏健
jpn: 卒業証書	rel:etymology	jpn: 卒業
jpn: 煙突掃除夫	rel:etymology	jpn: 煙突
jpn: 教育界	rel:etymology	jpn: 教育
jpn: ローマ字	rel:etymology	jpn: 字
jpn: ケイ素鋼	rel:etymology	jpn: 鋼
jpn: 大福	rel:etymology	jpn: 大腹餅
jpn: バリエーション	rel:etymology	eng: variation
jpn: 寒帯	rel:etymology	jpn: 寒
jpn: 手洗い	rel:etymology	jpn: 手
jpn: 担当者	rel:etymology	jpn: -者
