swe: lagarbete	rel:etymology	swe: arbete
swe: extenta	rel:etymology	swe: ex-
swe: webbsida	rel:etymology	swe: webb
swe: musikgrupp	rel:etymology	swe: musik
swe: säkerhetsbälte	rel:etymology	swe: säkerhet
swe: motsvara	rel:etymology	swe: svara
swe: regeringsuppdrag	rel:etymology	swe: regering
swe: stiftelse	rel:etymology	swe: stifta
swe: oansvarig	rel:etymology	swe: o-
swe: prövning	rel:etymology	swe: -ning
swe: nertid	rel:etymology	swe: nere
swe: misskreditera	rel:etymology	swe: miss-
swe: hotellrum	rel:etymology	swe: hotell
swe: behållare	rel:etymology	swe: -are
swe: sömnlöshet	rel:etymology	swe: sömnlös
swe: webbsajt	rel:etymology	swe: sajt
swe: där	rel:etymology	non: þar
swe: orätt	rel:etymology	non: óréttr
swe: huvudsak	rel:etymology	swe: sak
swe: handelskammare	rel:etymology	swe: handel
swe: tillgodogöra	rel:etymology	swe: göra
swe: generallöjtnant	rel:etymology	swe: general
swe: kokosmjölk	rel:etymology	swe: mjölk
swe: förtjänst	rel:etymology	swe: för-
swe: kraftig	rel:etymology	swe: -ig
swe: vattentät	rel:etymology	swe: tät
swe: vinylutgåva	rel:etymology	swe: vinyl
swe: postmodern	rel:etymology	swe: modern
swe: grannskap	rel:etymology	swe: grann
swe: uttagningsprov	rel:etymology	swe: uttagning
swe: riksbanksdirektör	rel:etymology	swe: riksbank
swe: ansträngning	rel:etymology	swe: -ning
swe: moralisk	rel:etymology	swe: -isk
swe: pekare	rel:etymology	swe: peka
swe: användning	rel:etymology	swe: använda
swe: förtrycka	rel:etymology	swe: för-
swe: addition	rel:etymology	lat: additionem
swe: duga	rel:etymology	non: duga
swe: statsisbrytare	rel:etymology	swe: stat
swe: medurs	rel:etymology	swe: med
swe: översvämning	rel:etymology	swe: svämma över
swe: acceleration	rel:etymology	swe: accelerera
swe: gurkburk	rel:etymology	swe: burk
swe: befordra	rel:etymology	swe: fordra
swe: kryptologi	rel:etymology	swe: krypto-
swe: månadsvis	rel:etymology	swe: -vis
swe: fjortis	rel:etymology	swe: fjorton
swe: brunbjörn	rel:etymology	swe: brun
swe: Mamsell	rel:etymology	fra: Mademoiselle
swe: körledare	rel:etymology	swe: kör
swe: roddare	rel:etymology	swe: rodd
swe: skivbolag	rel:etymology	swe: skiva
swe: kärnvapen	rel:etymology	swe: vapen
swe: förutsättning	rel:etymology	swe: -ning
swe: stark	rel:etymology	non: sterkr
swe: realskola	rel:etymology	swe: skola
swe: indisk	rel:etymology	swe: Indien
swe: lärarexamen	rel:etymology	swe: examen
swe: granatäpple	rel:etymology	swe: granat
swe: termosfär	rel:etymology	swe: termo-
swe: guldfisk	rel:etymology	swe: guld
swe: betjäna	rel:etymology	swe: be-
swe: regeringsförklaring	rel:etymology	swe: regering
swe: dotterdotter	rel:etymology	swe: dotter
swe: obebodd	rel:etymology	swe: bebodd
swe: i-landsproblem	rel:etymology	swe: problem
swe: rustning	rel:etymology	swe: rusta
swe: högljudd	rel:etymology	swe: ljud
swe: fodra	rel:etymology	swe: -a
swe: substrateffekt	rel:etymology	swe: substrat
swe: Hötorget	rel:etymology	swe: torg
swe: betyda	rel:etymology	swe: be-
swe: dansa	rel:etymology	swe: -a
swe: integrations- och jämställdhetsminister	rel:etymology	swe: jämställdhet
swe: febrig	rel:etymology	swe: -ig
swe: lingonsylt	rel:etymology	swe: sylt
swe: inmatning	rel:etymology	swe: mata in
swe: specificera	rel:etymology	swe: -era
swe: tittarsiffra	rel:etymology	swe: siffra
swe: och	rel:etymology	non: ok
swe: visare	rel:etymology	swe: vis
swe: legitimera	rel:etymology	swe: -era
swe: tillförlitlig	rel:etymology	swe: förlita
swe: tillåtelse	rel:etymology	swe: tillåta
swe: driva	rel:etymology	non: drífa
swe: textdokument	rel:etymology	swe: text
swe: tjänstgöring	rel:etymology	swe: tjänstgöra
swe: geoteknik	rel:etymology	swe: geo-
swe: upptäcka	rel:etymology	swe: täcka
swe: rösträtt	rel:etymology	swe: rösta
swe: åhöra	rel:etymology	swe: å
swe: organist	rel:etymology	swe: orgel
swe: bidra	rel:etymology	swe: dra
swe: ordningsföljd	rel:etymology	swe: ordning
swe: katedralskola	rel:etymology	swe: skola
swe: grå	rel:etymology	non: grár
swe: gräsmatta	rel:etymology	swe: matta
swe: handläggning	rel:etymology	swe: -ning
swe: fläckvis	rel:etymology	swe: olycklig
swe: vecka	rel:etymology	non: vika
swe: specialstyrka	rel:etymology	swe: special
swe: rymma	rel:etymology	swe: rum
swe: Alvar	rel:etymology	non: Alfarr
swe: redigeringskrig	rel:etymology	swe: redigering
swe: votering	rel:etymology	swe: votera
swe: lasta	rel:etymology	swe: last
swe: folkrätt	rel:etymology	swe: rätt
swe: påvisa	rel:etymology	swe: på
swe: överväga	rel:etymology	swe: över
swe: upphovsrätt	rel:etymology	swe: upphov
swe: tuggummi	rel:etymology	swe: tugga
swe: manhål	rel:etymology	swe: hål
swe: kattuggla	rel:etymology	swe: uggla
swe: fortfara	rel:etymology	swe: fort
swe: belöna	rel:etymology	swe: löna
swe: spindelnät	rel:etymology	swe: spindel
swe: svanskota	rel:etymology	swe: kota
swe: tv-programledare	rel:etymology	swe: tv
swe: expertis	rel:etymology	swe: expert
swe: respektive	rel:etymology	swe: -iv
swe: motvilja	rel:etymology	swe: mot
swe: betydelse	rel:etymology	swe: -else
swe: jurist	rel:etymology	swe: juridik
swe: sysselsätta	rel:etymology	swe: sätta
swe: rättshaverist	rel:etymology	swe: -ist
swe: unionsrätt	rel:etymology	swe: rätt
swe: teknofobi	rel:etymology	swe: fobi
swe: ärkebiskop	rel:etymology	swe: ärke-
swe: utvärdering	rel:etymology	swe: utvärdera
swe: lätt	rel:etymology	non: léttr
swe: företagsledare	rel:etymology	swe: ledare
swe: massvis	rel:etymology	swe: -vis
swe: plantera	rel:etymology	swe: planta
swe: tillgänglighet	rel:etymology	swe: -het
swe: rederi	rel:etymology	swe: reda
swe: motorvägssträcka	rel:etymology	swe: motorväg
swe: abnormitet	rel:etymology	swe: abnorm
swe: trumslagare	rel:etymology	swe: slagare
swe: tennisbana	rel:etymology	swe: tennis
swe: lilltå	rel:etymology	swe: tå
swe: hat	rel:etymology	non: hatr
swe: nötkreatur	rel:etymology	swe: kreatur
swe: tekniker	rel:etymology	swe: teknik
swe: klockslag	rel:etymology	swe: slag
swe: översättningsordbok	rel:etymology	swe: översättning
swe: redskap	rel:etymology	swe: -skap
swe: hjälpa	rel:etymology	non: hjalpa
swe: ut	rel:etymology	non: út
swe: antikaffär	rel:etymology	swe: affär
swe: kommittébetänkande	rel:etymology	swe: kommitté
swe: arrestera	rel:etymology	swe: arrest
swe: riksantikvarie	rel:etymology	swe: rike
swe: finansmarknad	rel:etymology	swe: marknad
swe: klagomål	rel:etymology	swe: klaga
swe: tusental	rel:etymology	swe: tusen
swe: tryckfrihetsförordning	rel:etymology	swe: tryckfrihet
swe: anbudsinfordran	rel:etymology	swe: anbud
swe: Amanda	rel:etymology	lat: Amanda
swe: paketcykel	rel:etymology	swe: cykel
swe: redaktion	rel:etymology	swe: redigera
swe: ekonomi	rel:etymology	swe: -nomi
swe: offentlighetsprincip	rel:etymology	swe: princip
swe: uppfatta	rel:etymology	swe: upp
swe: dödssiffra	rel:etymology	swe: siffra
swe: tack	rel:etymology	non: þǫkk
swe: stämpelur	rel:etymology	swe: stämpel
swe: pensionat	rel:etymology	swe: pension
swe: föreskriva	rel:etymology	swe: före
swe: topologi	rel:etymology	swe: topo-
swe: radergummi	rel:etymology	swe: radera
swe: inverterbar	rel:etymology	swe: invertera
swe: tyngdlöshet	rel:etymology	swe: tyngdlös
swe: härledning	rel:etymology	swe: -ning
swe: salt	rel:etymology	non: saltr
swe: veckoberedning	rel:etymology	swe: beredning
swe: världssamfund	rel:etymology	swe: samfund
swe: skönhet	rel:etymology	swe: -het
swe: jämställa	rel:etymology	swe: jämn
swe: befria	rel:etymology	swe: be-
swe: uppskattning	rel:etymology	swe: uppskatta
swe: bistånd	rel:etymology	swe: bi
swe: stelna	rel:etymology	swe: -na
swe: falla	rel:etymology	non: falla
swe: informationsbärare	rel:etymology	swe: bärare
swe: trygg	rel:etymology	non: tryggr
swe: ulv	rel:etymology	non: úlfr
swe: vapenstilleståndsförhandling	rel:etymology	swe: vapenstillestånd
swe: lördagsgodis	rel:etymology	swe: godis
swe: halväten	rel:etymology	swe: äten
swe: limonad	rel:etymology	fra: limonade
swe: Tryggve	rel:etymology	non: Tryggvi
swe: öppna	rel:etymology	swe: -a
swe: cerise	rel:etymology	fra: cerise
swe: Ragnvald	rel:etymology	non: Ragnvaldr
swe: förordning	rel:etymology	swe: förordna
swe: färgblind	rel:etymology	swe: blind
swe: typsnitt	rel:etymology	swe: typ
swe: patentera	rel:etymology	swe: patent
swe: möblera	rel:etymology	swe: -era
swe: Andreas	rel:etymology	lat: Andreas
swe: vräka	rel:etymology	non: vreka
swe: undervisningsanstalt	rel:etymology	swe: anstalt
swe: utgå	rel:etymology	swe: ut
swe: övernatta	rel:etymology	swe: över
swe: FN-styrka	rel:etymology	swe: FN
swe: elsäkerhet	rel:etymology	swe: säkerhet
swe: forskare	rel:etymology	swe: forska
swe: högskoleutbildning	rel:etymology	swe: högskola
swe: varaktig	rel:etymology	swe: -aktig
swe: malajiska	rel:etymology	eng: Malay
swe: övertygelse	rel:etymology	swe: -else
swe: årstid	rel:etymology	swe: år
swe: adressat	rel:etymology	swe: -at
swe: diarieföra	rel:etymology	swe: föra
swe: halsduk	rel:etymology	swe: duk
swe: Emil	rel:etymology	fra: Émile
swe: besätta	rel:etymology	swe: sätta
swe: fästelement	rel:etymology	swe: fästa
swe: rävsax	rel:etymology	swe: räv
swe: framföra	rel:etymology	swe: fram
swe: nyårsafton	rel:etymology	swe: afton
swe: alf	rel:etymology	non: alfr
swe: kontinentalplatta	rel:etymology	swe: kontinental
swe: efterföljande	rel:etymology	swe: efter
swe: rulltårta	rel:etymology	swe: rulle
swe: frihetsvärdering	rel:etymology	swe: frihet
swe: tår	rel:etymology	non: tár
swe: förlägga	rel:etymology	swe: lägga
swe: minderårig	rel:etymology	swe: mindre
swe: tävlingsbana	rel:etymology	swe: bana
swe: pärluggla	rel:etymology	swe: pärla
swe: artbestämma	rel:etymology	swe: bestämma
swe: lagman	rel:etymology	swe: lag
swe: tillhörighet	rel:etymology	swe: -het
swe: avbilda	rel:etymology	swe: av
swe: återanvända	rel:etymology	swe: åter
swe: överblicka	rel:etymology	swe: blicka
swe: blodtryck	rel:etymology	swe: blod
swe: utrikesminister	rel:etymology	swe: minister
swe: bisyssla	rel:etymology	swe: syssla
swe: tränare	rel:etymology	swe: -are
swe: drösvis	rel:etymology	swe: -vis
swe: ost	rel:etymology	non: ostr
swe: upplåta	rel:etymology	swe: upp
swe: äktenskapsbryterska	rel:etymology	swe: äktenskap
swe: femte	rel:etymology	non: fimmti
swe: tillämpning	rel:etymology	swe: tillämpa
swe: sovjetisk	rel:etymology	swe: -isk
swe: vattenmelon	rel:etymology	swe: melon
swe: socialminister	rel:etymology	swe: minister
swe: geofysik	rel:etymology	swe: fysik
swe: genomförbar	rel:etymology	swe: -bar
swe: månförmörkelse	rel:etymology	swe: förmörkelse
swe: så	rel:etymology	non: sá
swe: Svartån	rel:etymology	swe: å
swe: ombryta	rel:etymology	swe: bryta
swe: vilddjur	rel:etymology	swe: djur
swe: positionera	rel:etymology	swe: position
swe: analogi	rel:etymology	swe: -logi
swe: länka	rel:etymology	swe: länk
swe: hovrättslagman	rel:etymology	swe: lagman
swe: näringslivsfrämjande	rel:etymology	swe: främjande
swe: oljekälla	rel:etymology	swe: källa
swe: broder	rel:etymology	non: bróðir
swe: artbestämma	rel:etymology	swe: art
swe: obehag	rel:etymology	swe: o-
swe: svavelsticka	rel:etymology	swe: sticka
swe: lösningsmedel	rel:etymology	swe: lösning
swe: betydelselån	rel:etymology	swe: betydelse
swe: Marianergraven	rel:etymology	swe: grav
swe: trädgård	rel:etymology	swe: gård
swe: differentialkalkyl	rel:etymology	swe: kalkyl
swe: funktionsnedsättning	rel:etymology	swe: funktion
swe: invasionsstyrka	rel:etymology	swe: styrka
swe: avstå	rel:etymology	swe: stå
swe: personregister	rel:etymology	swe: register
swe: gnagare	rel:etymology	swe: gnaga
swe: glittra	rel:etymology	swe: -a
swe: äppeljuice	rel:etymology	swe: äpple
swe: tryckeri	rel:etymology	swe: -eri
swe: kansliskrivare	rel:etymology	swe: kansli
swe: väva	rel:etymology	non: vefa
swe: tunn	rel:etymology	non: þunnr
swe: utomjording	rel:etymology	swe: utomjordisk
swe: påverka	rel:etymology	swe: verka
swe: skymning	rel:etymology	swe: -ning
swe: onormal	rel:etymology	swe: o-
swe: matsal	rel:etymology	swe: mat
swe: subventionera	rel:etymology	swe: -era
swe: ekonomistyrning	rel:etymology	swe: ekonomi
swe: omnämna	rel:etymology	swe: nämna
swe: flykting	rel:etymology	swe: flykt
swe: Nicole	rel:etymology	fra: Nicole
swe: massvis	rel:etymology	swe: massa
swe: engelsklärare	rel:etymology	swe: engelska
swe: frigöra	rel:etymology	swe: fri
swe: traktör	rel:etymology	swe: -ör
swe: rum	rel:etymology	non: rúm
swe: imperium	rel:etymology	lat: imperium
swe: republikansk	rel:etymology	swe: republikan
swe: pythagoreisk	rel:etymology	swe: Pythagoras
swe: reseledare	rel:etymology	swe: ledare
swe: ändamål	rel:etymology	swe: mål
swe: bekräftelse	rel:etymology	swe: -else
swe: samexistera	rel:etymology	swe: existera
swe: litteraturvetenskap	rel:etymology	swe: vetenskap
swe: infogning	rel:etymology	swe: -ning
swe: omtanke	rel:etymology	swe: tanke
swe: surströmming	rel:etymology	swe: sur
swe: bokstavlig	rel:etymology	swe: -lig
swe: bearbeta	rel:etymology	swe: be-
swe: brukare	rel:etymology	swe: -are
swe: mellanöl	rel:etymology	swe: mellan
swe: LP-skiva	rel:etymology	swe: skiva
swe: försvar	rel:etymology	swe: för-
swe: malström	rel:etymology	swe: ström
swe: tideräkning	rel:etymology	swe: räkning
swe: interinstitutionell	rel:etymology	swe: institutionell
swe: periodare	rel:etymology	swe: -are
swe: lycklig	rel:etymology	swe: lycka
swe: skapa	rel:etymology	non: skapa
swe: dubblera	rel:etymology	swe: -era
swe: publicering	rel:etymology	swe: -ing
swe: tillsätta	rel:etymology	swe: till
swe: kriminologisk	rel:etymology	swe: -isk
swe: samlingsdokument	rel:etymology	swe: dokument
swe: expertis	rel:etymology	swe: -is
swe: hackspett	rel:etymology	swe: spett
swe: samordnare	rel:etymology	swe: samordna
swe: färggradient	rel:etymology	swe: färg
swe: rannsakan	rel:etymology	swe: -an
swe: sommarstuga	rel:etymology	swe: stuga
swe: unionsrättsakt	rel:etymology	swe: rättsakt
swe: ritning	rel:etymology	swe: rita
swe: dalkarl	rel:etymology	swe: karl
swe: länsvis	rel:etymology	swe: -vis
swe: man	rel:etymology	non: mǫn
swe: cerebrospinalvätska	rel:etymology	swe: vätska
swe: annorstädes	rel:etymology	swe: annan
swe: röding	rel:etymology	swe: -ing
swe: massförstörelsevapen	rel:etymology	swe: massförstörelse
swe: dotterbarn	rel:etymology	swe: barn
swe: dagsvers	rel:etymology	swe: dag
swe: underskrift	rel:etymology	swe: under
swe: hanblomma	rel:etymology	swe: blomma
swe: skratta	rel:etymology	swe: -a
swe: byggnad	rel:etymology	swe: -nad
swe: objektspråk	rel:etymology	swe: språk
swe: substratfaktor	rel:etymology	swe: faktor
swe: skolväsen	rel:etymology	swe: skola
swe: husmus	rel:etymology	swe: hus
swe: examensbevis	rel:etymology	swe: bevis
swe: proaktivitet	rel:etymology	swe: -itet
swe: styre	rel:etymology	non: stýri
swe: snabbkaffe	rel:etymology	swe: kaffe
swe: tätort	rel:etymology	swe: tät
swe: rikshemvärnschef	rel:etymology	swe: hemvärn
swe: kontextuell	rel:etymology	swe: -ell
swe: befrielse	rel:etymology	swe: befria
swe: brunaktig	rel:etymology	swe: -aktig
swe: äta	rel:etymology	non: eta
swe: möjligen	rel:etymology	swe: möjlig
swe: ansökan	rel:etymology	swe: -an
swe: mönsterkort	rel:etymology	swe: mönster
swe: sjö	rel:etymology	non: sær
swe: förhållandevis	rel:etymology	swe: förhållande
swe: ände	rel:etymology	non: endir
swe: fängelse	rel:etymology	swe: fånga
swe: likformighet	rel:etymology	swe: -het
swe: styvsyster	rel:etymology	swe: syster
swe: prisbasbelopp	rel:etymology	swe: basbelopp
swe: grundlag	rel:etymology	swe: lag
swe: förstärkning	rel:etymology	swe: -ning
swe: monoteism	rel:etymology	swe: teism
swe: skrinlägga	rel:etymology	swe: skrin
swe: insexnyckel	rel:etymology	swe: sex
swe: pansarstyrka	rel:etymology	swe: styrka
swe: stödmacka	rel:etymology	swe: macka
swe: fabrikat	rel:etymology	swe: fabrik
swe: övervakningsmyndighet	rel:etymology	swe: myndighet
swe: ärkebiskop	rel:etymology	swe: biskop
swe: kvark	rel:etymology	eng: quark
swe: skrivtavla	rel:etymology	swe: skriva
swe: exponentialfördelning	rel:etymology	swe: exponentiell
swe: astrofysik	rel:etymology	swe: fysik
swe: regeringssammanträde	rel:etymology	swe: sammanträde
swe: rabarberkompott	rel:etymology	swe: rabarber
swe: satsa	rel:etymology	swe: sats
swe: järnvägsförvaltning	rel:etymology	swe: järnväg
swe: handtag	rel:etymology	swe: hand
swe: likaledes	rel:etymology	swe: -ledes
swe: skarva	rel:etymology	swe: skarv
swe: föreslå	rel:etymology	swe: före
swe: matrum	rel:etymology	swe: mat
swe: hopprep	rel:etymology	swe: rep
swe: neurotoxikologi	rel:etymology	swe: neuro-
swe: inta	rel:etymology	swe: in
swe: tidstecken	rel:etymology	swe: tid
swe: skruva	rel:etymology	swe: -a
swe: allemansrätt	rel:etymology	swe: alla
swe: kombinationsfält	rel:etymology	swe: kombination
swe: kartskåp	rel:etymology	swe: skåp
swe: fjärde	rel:etymology	non: fjórði
swe: orgasm	rel:etymology	grc: οργασμός
swe: oförtövad	rel:etymology	swe: o-
swe: laotier	rel:etymology	swe: -er
swe: tetrahydrocannabinol	rel:etymology	swe: tetra-
swe: folk	rel:etymology	non: fólk
swe: återbesök	rel:etymology	swe: åter
swe: adoptivbarn	rel:etymology	swe: barn
swe: jordbruksdepartement	rel:etymology	swe: jordbruk
swe: alfanumerisk	rel:etymology	swe: numerisk
swe: avsättning	rel:etymology	swe: -ning
swe: telefem	rel:etymology	swe: tele-
swe: utgångspunkt	rel:etymology	swe: utgång
swe: agenda	rel:etymology	lat: agendus
swe: trävara	rel:etymology	swe: trä
swe: munkorg	rel:etymology	swe: mun
swe: e-post	rel:etymology	swe: post
swe: framgångssaga	rel:etymology	swe: framgång
swe: rådhus	rel:etymology	swe: råd
swe: Ann	rel:etymology	eng: Ann
swe: jordbruksminister	rel:etymology	swe: minister
swe: vinranka	rel:etymology	swe: vin
swe: meddela	rel:etymology	swe: med
swe: läppstift	rel:etymology	swe: läpp
swe: mänsklig	rel:etymology	swe: -lig
swe: belägga	rel:etymology	swe: be-
swe: utsträckning	rel:etymology	swe: utsträcka
swe: bestå	rel:etymology	swe: stå
swe: hitlista	rel:etymology	swe: hit
swe: veterinärmedicin	rel:etymology	swe: veterinär
swe: försäkringskassa	rel:etymology	swe: kassa
swe: formalisera	rel:etymology	swe: formell
swe: platonisk	rel:etymology	swe: Platon
swe: fjällvråk	rel:etymology	swe: vråk
swe: begrepp	rel:etymology	swe: begripa
swe: tupplur	rel:etymology	swe: tupp
swe: bokstavlig	rel:etymology	swe: bokstav
swe: prisjägare	rel:etymology	swe: jägare
swe: husfolk	rel:etymology	swe: hus
swe: moderkort	rel:etymology	swe: moder
swe: arkeologi	rel:etymology	swe: -logi
swe: förneka	rel:etymology	swe: för-
swe: basist	rel:etymology	swe: -ist
swe: nymåne	rel:etymology	swe: ny
swe: älskvärd	rel:etymology	swe: älska
swe: läsa	rel:etymology	non: lesa
swe: sjutton	rel:etymology	dan: sjaután
swe: kaffebuske	rel:etymology	swe: buske
swe: underrättelsetjänst	rel:etymology	swe: underrättelse
swe: lokalisera	rel:etymology	swe: lokal
swe: inslag	rel:etymology	swe: in
swe: företagare	rel:etymology	swe: företag
swe: moder	rel:etymology	non: móðir
swe: talformat	rel:etymology	swe: format
swe: mätning	rel:etymology	swe: mäta
swe: bågfil	rel:etymology	swe: fil
swe: reparation	rel:etymology	swe: reparera
swe: skattkammare	rel:etymology	swe: kammare
swe: moderkort	rel:etymology	swe: kort
swe: folkbildning	rel:etymology	swe: folk
swe: legitimera	rel:etymology	swe: legitim
swe: pocketbok	rel:etymology	swe: pocket
swe: besitta	rel:etymology	swe: sitta
swe: butik	rel:etymology	fra: boutique
swe: väderleka	rel:etymology	swe: leka
swe: synvinkel	rel:etymology	swe: syn
swe: anspelning	rel:etymology	swe: -ning
swe: världsherravälde	rel:etymology	swe: värld
swe: kines	rel:etymology	swe: -es
swe: magnetism	rel:etymology	swe: magnet
swe: efterhand	rel:etymology	swe: efter
swe: kaleidoskopisk	rel:etymology	swe: -isk
swe: specialtecken	rel:etymology	swe: special
swe: kall	rel:etymology	non: kaldr
swe: budgetunderlag	rel:etymology	swe: budget
swe: vingpenna	rel:etymology	swe: vinge
swe: medellågtyska	rel:etymology	swe: medel
swe: inställa	rel:etymology	swe: in
swe: arbetsbok	rel:etymology	swe: bok
swe: regeringsform	rel:etymology	swe: regering
swe: sparka	rel:etymology	swe: -a
swe: programkontor	rel:etymology	swe: kontor
swe: ritteknik	rel:etymology	swe: rita
swe: läsfrämjande	rel:etymology	swe: främjande
swe: etsning	rel:etymology	swe: -ning
swe: flagellera	rel:etymology	lat: flagellare
swe: tumnagel	rel:etymology	swe: tumme
swe: självständig	rel:etymology	swe: själv
swe: skötsel	rel:etymology	swe: sköta
swe: dansa	rel:etymology	swe: dans
swe: företrädare	rel:etymology	swe: -are
swe: trygga	rel:etymology	swe: -a
swe: gruvarbetare	rel:etymology	swe: gruva
swe: pedagogisk	rel:etymology	swe: pedagog
swe: hajmal	rel:etymology	swe: haj
swe: underminera	rel:etymology	swe: minera
swe: tillkommelse	rel:etymology	swe: -else
swe: givetvis	rel:etymology	swe: givet
swe: analysera	rel:etymology	swe: analys
swe: handelssekreterare	rel:etymology	swe: sekreterare
swe: slutspurt	rel:etymology	swe: slut
swe: N.N.	rel:etymology	lat: nomen nescio
swe: starköl	rel:etymology	swe: stark
swe: hägring	rel:etymology	swe: -ing
swe: ställning	rel:etymology	swe: ställa
swe: problematisera	rel:etymology	swe: problematisk
swe: kristallkula	rel:etymology	swe: kula
swe: kvinnlig	rel:etymology	swe: kvinna
swe: förehålla	rel:etymology	swe: före
swe: hem	rel:etymology	non: heim
swe: störtkruka	rel:etymology	swe: kruka
swe: manövrera	rel:etymology	swe: manöver
swe: fasettera	rel:etymology	swe: fasett
swe: farmarliga	rel:etymology	swe: farmare
swe: vederstygglig	rel:etymology	swe: -lig
swe: bedömningsgrund	rel:etymology	swe: grund
swe: skådespelare	rel:etymology	swe: -are
swe: fotbollsspelare	rel:etymology	swe: spelare
swe: kassaskåp	rel:etymology	swe: kassa
swe: rensning	rel:etymology	swe: rensa
swe: varning	rel:etymology	swe: varna
swe: sjöman	rel:etymology	swe: man
swe: sakfråga	rel:etymology	swe: fråga
swe: förkläde	rel:etymology	swe: för
swe: återvinning	rel:etymology	swe: -ing
swe: musikliv	rel:etymology	swe: liv
swe: färd	rel:etymology	non: ferð
swe: påfallande	rel:etymology	swe: på
swe: dagbok	rel:etymology	swe: dag
swe: tubaist	rel:etymology	swe: tuba
swe: jordägare	rel:etymology	swe: ägare
swe: kontrollfält	rel:etymology	swe: kontroll
swe: snabbgenomgång	rel:etymology	swe: snabb
swe: infordran	rel:etymology	swe: -an
swe: delegation	rel:etymology	swe: -ation
swe: närvara	rel:etymology	swe: vara
swe: brevduva	rel:etymology	swe: duva
swe: upphovsrättslig	rel:etymology	swe: -lig
swe: dammlucka	rel:etymology	swe: damm
swe: fastlagsbulle	rel:etymology	swe: fastlag
swe: persikoträd	rel:etymology	swe: träd
swe: tålmodig	rel:etymology	swe: -ig
swe: receptionsordbok	rel:etymology	swe: ordbok
swe: miljö- och jordbruksutskott	rel:etymology	swe: miljö
swe: olämplig	rel:etymology	swe: lämplig
swe: programvara	rel:etymology	swe: program
swe: omvärdera	rel:etymology	swe: värdera
swe: budgetproposition	rel:etymology	swe: proposition
swe: sova	rel:etymology	non: sofa
swe: värdig	rel:etymology	swe: -ig
swe: manifestera	rel:etymology	swe: -era
swe: härbärgera	rel:etymology	swe: härbärge
swe: förfara	rel:etymology	swe: fara
swe: skyddsängel	rel:etymology	swe: skydd
swe: årligen	rel:etymology	swe: årlig
swe: arbetsgivare	rel:etymology	swe: arbete
swe: kaffebuske	rel:etymology	swe: kaffe
swe: kommerskollegium	rel:etymology	swe: kollegium
swe: irländare	rel:etymology	swe: -are
swe: bostadsförhållande	rel:etymology	swe: bostad
swe: jordbrukskommitté	rel:etymology	swe: kommitté
swe: aktiebolag	rel:etymology	swe: bolag
swe: anisomorfi	rel:etymology	swe: isomorfi
swe: vårdagjämning	rel:etymology	swe: dagjämning
swe: termonukleär	rel:etymology	swe: termo-
swe: ladusvala	rel:etymology	swe: svala
swe: oljekälla	rel:etymology	swe: olja
swe: beroendeframkallande	rel:etymology	swe: beroende
swe: kolmonoxid	rel:etymology	swe: mono
swe: konteramiral	rel:etymology	swe: konter
swe: bojkotta	rel:etymology	swe: -a
swe: överträdelse	rel:etymology	swe: överträda
swe: företagsledning	rel:etymology	swe: företag
swe: statsbidrag	rel:etymology	swe: bidrag
swe: empatisk	rel:etymology	swe: -isk
swe: hård	rel:etymology	non: harðr
swe: segla	rel:etymology	swe: segel
swe: övervinna	rel:etymology	swe: över
swe: nord	rel:etymology	non: norðr
swe: biograf	rel:etymology	swe: -graf
swe: babylonisk	rel:etymology	swe: Babylon
swe: överbrygga	rel:etymology	swe: brygga
swe: brunaktig	rel:etymology	swe: brun
swe: bandledare	rel:etymology	swe: band
swe: suddgummi	rel:etymology	swe: gummi
swe: tillbringa	rel:etymology	swe: till
swe: dagjämning	rel:etymology	swe: jämning
swe: industriland	rel:etymology	swe: industri
swe: cellområde	rel:etymology	swe: område
swe: säsongsvis	rel:etymology	swe: -vis
swe: pilspets	rel:etymology	swe: spets
swe: högskolepoäng	rel:etymology	swe: högskola
swe: utgöra	rel:etymology	swe: ut
swe: säkerhetsarbete	rel:etymology	swe: arbete
swe: radering	rel:etymology	swe: -ing
swe: födelsedagskalas	rel:etymology	swe: kalas
swe: vindsvåning	rel:etymology	swe: vind
swe: bepröva	rel:etymology	swe: be-
swe: örlogskapten	rel:etymology	swe: örlogs-
swe: rörig	rel:etymology	swe: röra
swe: trätallrik	rel:etymology	swe: tallrik
swe: miljonär	rel:etymology	swe: -är
swe: heltid	rel:etymology	swe: tid
swe: beteckning	rel:etymology	swe: -ing
swe: systematisera	rel:etymology	swe: systematisk
swe: idrottsledare	rel:etymology	swe: idrott
swe: rida	rel:etymology	non: ríða
swe: regeringssammanträde	rel:etymology	swe: regering
swe: älsklig	rel:etymology	swe: -lig
swe: godsak	rel:etymology	swe: god
swe: egyptologi	rel:etymology	swe: -logi
swe: grunda	rel:etymology	swe: grund
swe: till	rel:etymology	non: til
swe: frost	rel:etymology	non: frost
swe: terroristangrepp	rel:etymology	swe: terrorist
swe: lyrik	rel:etymology	swe: lyra
swe: styrsel	rel:etymology	swe: -sel
swe: tredjegradsekvation	rel:etymology	swe: grad
swe: jämställdhetsminister	rel:etymology	swe: jämställdhet
swe: länspolismästare	rel:etymology	swe: län
swe: rättsmedicin	rel:etymology	swe: medicin
swe: kulturbudget	rel:etymology	swe: kultur
swe: granskning	rel:etymology	swe: -ning
swe: lösningsmedel	rel:etymology	swe: medel
swe: elektrokemi	rel:etymology	swe: elektro-
swe: omoralisk	rel:etymology	swe: moralisk
swe: handelsterm	rel:etymology	swe: term
swe: boka	rel:etymology	swe: bok
swe: seans	rel:etymology	fra: séance
swe: decimalpunkt	rel:etymology	swe: punkt
swe: piltangent	rel:etymology	swe: pil
swe: kontrastera	rel:etymology	swe: kontrast
swe: polisöverintendent	rel:etymology	swe: intendent
swe: torkare	rel:etymology	swe: -are
swe: fruktsallad	rel:etymology	swe: sallad
swe: skrota	rel:etymology	swe: -a
swe: Paulina	rel:etymology	lat: Paulina
swe: bilda	rel:etymology	swe: -a
swe: diskussionssida	rel:etymology	swe: sida
swe: beskyddare	rel:etymology	swe: -are
swe: cerebrospinalvätska	rel:etymology	swe: cerebrospinal
swe: konståkning	rel:etymology	swe: konst
swe: prisa	rel:etymology	swe: -a
swe: självmordsbombare	rel:etymology	swe: självmord
swe: moster	rel:etymology	non: móðursystir
swe: kranium	rel:etymology	lat: cranium
swe: förmån	rel:etymology	swe: mån
swe: löpare	rel:etymology	swe: -are
swe: bomba	rel:etymology	swe: bomb
swe: bildstod	rel:etymology	swe: stod
swe: Åsa	rel:etymology	non: Ása
swe: accentuera	rel:etymology	swe: accent
swe: riksmarskalk	rel:etymology	swe: rike
swe: upphovsrättslig	rel:etymology	swe: upphovsrätt
swe: redare	rel:etymology	swe: reda
swe: föreskrift	rel:etymology	swe: skrift
swe: hora	rel:etymology	non: hóra
swe: revisionssekreterare	rel:etymology	swe: revision
swe: upphovsrätt	rel:etymology	swe: rätt
swe: dagligen	rel:etymology	swe: -en
swe: teckenstorlek	rel:etymology	swe: storlek
swe: måltavla	rel:etymology	swe: tavla
swe: medelklass	rel:etymology	swe: klass
swe: nabo	rel:etymology	non: nábúi
swe: vetenskapsakademi	rel:etymology	swe: akademi
swe: efteråt	rel:etymology	swe: efter
swe: inverterbar	rel:etymology	swe: -bar
swe: behörighet	rel:etymology	swe: behörig
swe: lagstifta	rel:etymology	swe: stifta
swe: tennislag	rel:etymology	swe: lag
swe: kontraktera	rel:etymology	swe: kontrakt
swe: tryckfrihet	rel:etymology	swe: tryck
swe: rotationsfält	rel:etymology	swe: fält
swe: talgoxe	rel:etymology	swe: talg
swe: dödsdom	rel:etymology	swe: dom
swe: sångerska	rel:etymology	swe: -erska
swe: löparbana	rel:etymology	swe: bana
swe: glömsk	rel:etymology	swe: glömma
swe: självständighet	rel:etymology	swe: -het
swe: presstöd	rel:etymology	swe: press
swe: premiering	rel:etymology	swe: premiera
swe: cykla	rel:etymology	swe: -a
swe: förlänga	rel:etymology	swe: för-
swe: tågstation	rel:etymology	swe: station
swe: sonson	rel:etymology	swe: son
swe: mullig	rel:etymology	swe: mull
swe: redaktionssekreterare	rel:etymology	swe: redaktion
swe: textformat	rel:etymology	swe: format
swe: kliché	rel:etymology	fra: cliché
swe: persikoträd	rel:etymology	swe: persika
swe: åtgärdsbedömning	rel:etymology	swe: bedömning
swe: formatera	rel:etymology	swe: -era
swe: myrsyra	rel:etymology	swe: myra
swe: delvis	rel:etymology	swe: del
swe: minustecken	rel:etymology	swe: tecken
swe: prosit	rel:etymology	lat: pro
swe: forskarnivå	rel:etymology	swe: forskare
swe: visdom	rel:etymology	swe: -dom
swe: slutligen	rel:etymology	swe: -en
swe: doktorsexamen	rel:etymology	swe: doktor
swe: inordna	rel:etymology	swe: ordna
swe: täljare	rel:etymology	swe: tälja
swe: neutralisera	rel:etymology	swe: -isera
swe: styvmor	rel:etymology	swe: mor
swe: motorväg	rel:etymology	swe: väg
swe: riksförbund	rel:etymology	swe: förbund
swe: ömsesidig	rel:etymology	swe: ömse
swe: avsätta	rel:etymology	swe: av
swe: nagellack	rel:etymology	swe: nagel
swe: sidformatmall	rel:etymology	swe: formatmall
swe: folkstyre	rel:etymology	swe: styre
swe: återfinna	rel:etymology	swe: åter
swe: flykting	rel:etymology	swe: -ing
swe: anförtro	rel:etymology	swe: förtro
swe: plasttallrik	rel:etymology	swe: plast
swe: nottecken	rel:etymology	swe: tecken
swe: vandalisera	rel:etymology	swe: vandal
swe: förespråka	rel:etymology	swe: språka
swe: barnbördshus	rel:etymology	swe: barnbörd
swe: tvärflöjt	rel:etymology	swe: flöjt
swe: sköterska	rel:etymology	swe: -erska
swe: anslagstavla	rel:etymology	swe: anslag
swe: styckeformatmall	rel:etymology	swe: formatmall
swe: bankkonto	rel:etymology	swe: konto
swe: lyrik	rel:etymology	swe: -ik
swe: allmänordbok	rel:etymology	swe: allmän
swe: förstärkare	rel:etymology	swe: förstärka
swe: utbjuda	rel:etymology	swe: bjuda
swe: fåtölj	rel:etymology	fra: fauteuil
swe: uteslutning	rel:etymology	swe: -ning
swe: hagel	rel:etymology	non: hagl
swe: översyn	rel:etymology	swe: syn
swe: textfält	rel:etymology	swe: text
swe: utkomma	rel:etymology	swe: komma
swe: mening	rel:etymology	swe: -ing
swe: behöva	rel:etymology	swe: behov
swe: fräckhet	rel:etymology	swe: fräck
swe: kokbok	rel:etymology	swe: koka
swe: sockervadd	rel:etymology	swe: socker
swe: värdering	rel:etymology	swe: värdera
swe: ytteröra	rel:etymology	swe: öra
swe: önation	rel:etymology	swe: nation
swe: nordväst	rel:etymology	swe: väst
swe: hårig	rel:etymology	swe: hår
swe: sökning	rel:etymology	swe: -ning
swe: gränsöverskridande	rel:etymology	swe: överskridande
swe: laotisk	rel:etymology	swe: Laos
swe: seriemördare	rel:etymology	swe: mördare
swe: integrationsminister	rel:etymology	swe: integration
swe: leksak	rel:etymology	swe: sak
swe: tillfälligtvis	rel:etymology	swe: -vis
swe: murrig	rel:etymology	swe: -ig
swe: redigering	rel:etymology	swe: -ing
swe: värst	rel:etymology	non: verstr
swe: kartritare	rel:etymology	swe: karta
swe: röstsiffra	rel:etymology	swe: siffra
swe: valensband	rel:etymology	swe: band
swe: kartografi	rel:etymology	swe: -grafi
swe: örlogsskola	rel:etymology	swe: skola
swe: besegra	rel:etymology	swe: segra
swe: lyckligtvis	rel:etymology	swe: -vis
swe: undantag	rel:etymology	swe: undan
swe: ivorian	rel:etymology	swe: Elfenbenskusten
swe: tredjegradsfunktion	rel:etymology	swe: tredje
swe: höjning	rel:etymology	swe: höja
swe: guld	rel:etymology	nor: gull
swe: missbruka	rel:etymology	swe: bruka
swe: domkyrka	rel:etymology	swe: kyrka
swe: tam	rel:etymology	non: tamr
swe: plånbok	rel:etymology	swe: plån
swe: sakfråga	rel:etymology	swe: sak
swe: raksträcka	rel:etymology	swe: sträcka
swe: förstainstansrätt	rel:etymology	swe: instans
swe: Nordmarianerna	rel:etymology	swe: nord
swe: redigeringskriga	rel:etymology	swe: redigeringskrig
swe: ljuvlig	rel:etymology	swe: ljuv
swe: naturvetare	rel:etymology	swe: -are
swe: öppen	rel:etymology	non: opinn
swe: tältsäng	rel:etymology	swe: säng
swe: saftig	rel:etymology	swe: -ig
swe: inpå	rel:etymology	swe: in
swe: förspel	rel:etymology	swe: spel
swe: finansplan	rel:etymology	swe: finans
swe: popularitet	rel:etymology	swe: -itet
swe: spionera	rel:etymology	swe: spion
swe: suddgummi	rel:etymology	swe: sudda
swe: medverka	rel:etymology	swe: med
swe: initiativtagare	rel:etymology	swe: initiativ
swe: tekniker	rel:etymology	swe: -er
swe: vattna	rel:etymology	swe: -a
swe: strålskydd	rel:etymology	swe: strålning
swe: distriktsåklagare	rel:etymology	swe: distrikt
swe: kommendörkapten	rel:etymology	swe: kapten
swe: kolmonoxid	rel:etymology	swe: kol
swe: dagsläge	rel:etymology	swe: dag
swe: ekonomistyrning	rel:etymology	swe: styrning
swe: bevakning	rel:etymology	swe: bevaka
swe: bevakning	rel:etymology	swe: -ning
swe: resultatlista	rel:etymology	swe: resultat
swe: trofast	rel:etymology	swe: tro
swe: ormvråk	rel:etymology	swe: orm
swe: kontrollera	rel:etymology	swe: -era
swe: prygel	rel:etymology	deu: Prügel
swe: operatörsansvar	rel:etymology	swe: operatör
swe: arkitektur	rel:etymology	swe: -ur
swe: polismyndighet	rel:etymology	swe: myndighet
swe: nordlig	rel:etymology	swe: nord
swe: envis	rel:etymology	swe: en
swe: huvudjägare	rel:etymology	swe: huvud
swe: anteckning	rel:etymology	swe: -ing
swe: förfader	rel:etymology	swe: fader
swe: vilse	rel:etymology	swe: vill
swe: jurist	rel:etymology	swe: -ist
swe: noshörning	rel:etymology	swe: horn
swe: hjälpsam	rel:etymology	swe: hjälp
swe: William	rel:etymology	eng: William
swe: kansliråd	rel:etymology	swe: kansli
swe: förekomma	rel:etymology	swe: före
swe: förmiddag	rel:etymology	swe: middag
swe: nödvärn	rel:etymology	swe: nöd
swe: undra	rel:etymology	swe: under
swe: fortifikation	rel:etymology	swe: -tion
swe: sympatisör	rel:etymology	swe: -ör
swe: avbildning	rel:etymology	swe: -ning
swe: morgonrodnad	rel:etymology	swe: rodnad
swe: svärmor	rel:etymology	swe: svär-
swe: ungdomsorganisation	rel:etymology	swe: organisation
swe: kunna	rel:etymology	non: kunna
swe: redskap	rel:etymology	swe: reda
swe: avsky	rel:etymology	swe: sky
swe: sammansluta	rel:etymology	swe: samman
swe: utåt	rel:etymology	swe: åt
swe: vanligen	rel:etymology	swe: vanlig
swe: onödig	rel:etymology	swe: o-
swe: satsning	rel:etymology	swe: -ning
swe: atomär	rel:etymology	swe: atom
swe: korp	rel:etymology	non: korpr
swe: frysfack	rel:etymology	swe: fack
swe: recitativ	rel:etymology	lat: recitare
swe: visning	rel:etymology	swe: -ning
swe: getingbo	rel:etymology	swe: bo
swe: rörelse	rel:etymology	swe: -else
swe: diskursiv	rel:etymology	swe: -iv
swe: resecheck	rel:etymology	swe: check
swe: statsrådsberedning	rel:etymology	swe: statsråd
swe: nervös	rel:etymology	swe: nerv
swe: tre	rel:etymology	non: þrír
swe: gravlax	rel:etymology	swe: grava
swe: fjädergräs	rel:etymology	swe: gräs
swe: nymånad	rel:etymology	swe: månad
swe: kvadratrot	rel:etymology	swe: kvadrat
swe: tsar	rel:etymology	rus: царь
swe: generaldirektör	rel:etymology	swe: general
swe: underordna	rel:etymology	swe: under
swe: mask	rel:etymology	swe: maðkr
swe: neurolog	rel:etymology	swe: neuro-
swe: sportterm	rel:etymology	swe: term
swe: försörja	rel:etymology	swe: sörja
swe: förfoga	rel:etymology	swe: foga
swe: nyanländ	rel:etymology	swe: anländ
swe: förvänta	rel:etymology	swe: för-
swe: gulna	rel:etymology	swe: -na
swe: lång	rel:etymology	non: langr
swe: bekännelse	rel:etymology	swe: bekänna
swe: urmakare	rel:etymology	swe: ur
swe: interagera	rel:etymology	swe: inter-
swe: ordensgrundare	rel:etymology	swe: orden
swe: ordförande	rel:etymology	swe: förande
swe: arbetsgivare	rel:etymology	swe: givare
swe: ritare	rel:etymology	swe: rita
swe: vispgrädde	rel:etymology	swe: grädde
swe: välsigna	rel:etymology	swe: signa
swe: komma	rel:etymology	non: koma
swe: valutareserv	rel:etymology	swe: valuta
swe: telegramledes	rel:etymology	swe: telegram
swe: kristendom	rel:etymology	swe: dom
swe: överanstränga	rel:etymology	swe: över
swe: socialförsäkringsminister	rel:etymology	swe: minister
swe: bearbetning	rel:etymology	swe: -ning
swe: kreditkort	rel:etymology	swe: kort
swe: gravvård	rel:etymology	swe: grav
swe: avdelningsdirektör	rel:etymology	swe: avdelning
swe: grunda	rel:etymology	swe: -a
swe: biografisk	rel:etymology	swe: biografi
swe: katalog	rel:etymology	swe: -log
swe: exportera	rel:etymology	swe: export
swe: upplysningsvis	rel:etymology	swe: -vis
swe: specialtecken	rel:etymology	swe: tecken
swe: genomförbarhet	rel:etymology	swe: -het
swe: roa	rel:etymology	swe: -a
swe: arbetsliv	rel:etymology	swe: liv
swe: Germund	rel:etymology	non: Geirmundr
swe: plana	rel:etymology	swe: -a
swe: sakregister	rel:etymology	swe: sak
swe: maskera	rel:etymology	swe: mask
swe: missuppfatta	rel:etymology	swe: uppfatta
swe: engelsktalande	rel:etymology	swe: talande
swe: innehållsförteckning	rel:etymology	swe: innehåll
swe: slutligen	rel:etymology	swe: slutlig
swe: landshövding	rel:etymology	swe: hövding
swe: objektlist	rel:etymology	swe: objekt
swe: årsbok	rel:etymology	swe: år
swe: övningsfält	rel:etymology	swe: övning
swe: daggkåpa	rel:etymology	swe: kåpa
swe: hovrätt	rel:etymology	swe: hov
swe: klänning	rel:etymology	swe: kläda
swe: lagrum	rel:etymology	swe: rum
swe: Rita	rel:etymology	ita: Rita
swe: överstinna	rel:etymology	swe: -inna
swe: utformning	rel:etymology	swe: -ning
swe: skolbildning	rel:etymology	swe: bildning
swe: generallöjtnant	rel:etymology	swe: löjtnant
swe: skadeutfall	rel:etymology	swe: skada
swe: husfolk	rel:etymology	swe: folk
swe: lager	rel:etymology	lat: laurus
swe: arkeologi	rel:etymology	swe: arkeo-
swe: norrlandskörd	rel:etymology	swe: Norrland
swe: polisbyrå	rel:etymology	swe: byrå
swe: därstädes	rel:etymology	swe: -städes
swe: kosmolog	rel:etymology	swe: -log
swe: förordning	rel:etymology	swe: -ning
swe: trombonist	rel:etymology	swe: -ist
swe: tuggummi	rel:etymology	swe: gummi
swe: trumvirvel	rel:etymology	swe: trumma
swe: bakgrundsfärg	rel:etymology	swe: bakgrund
swe: behov	rel:etymology	gml: behof
swe: världsherravälde	rel:etymology	swe: herravälde
swe: frågeord	rel:etymology	swe: ord
swe: program	rel:etymology	swe: -gram
swe: frigöra	rel:etymology	swe: göra
swe: luffare	rel:etymology	swe: -are
swe: studieplan	rel:etymology	swe: plan
swe: barrikadera	rel:etymology	swe: -era
swe: badväder	rel:etymology	swe: väder
swe: beskrivningsspråk	rel:etymology	swe: beskrivning
swe: Aachen	rel:etymology	deu: Aachen
swe: sjukvårdare	rel:etymology	swe: sjukvård
swe: verktyg	rel:etymology	swe: tyg
swe: etapp	rel:etymology	fra: étape
swe: tangentkombination	rel:etymology	swe: tangent
swe: infordra	rel:etymology	swe: in
swe: framgång	rel:etymology	swe: gång
swe: finansiell	rel:etymology	swe: finans
swe: Harald	rel:etymology	non: Haraldr
swe: obetalbar	rel:etymology	swe: betalbar
swe: världslig	rel:etymology	swe: -lig
swe: sölig	rel:etymology	swe: -ig
swe: svärdotter	rel:etymology	swe: dotter
swe: åsiktsregistrera	rel:etymology	swe: åsikt
swe: oerhörd	rel:etymology	swe: o-
swe: tillämpningsföreskrift	rel:etymology	swe: tillämpning
swe: högskolestyrelse	rel:etymology	swe: högskola
swe: sydost	rel:etymology	swe: ost
swe: betydelselån	rel:etymology	swe: lån
swe: besvärlig	rel:etymology	swe: besvär
swe: dagstidning	rel:etymology	swe: dag
swe: erfarenhet	rel:etymology	swe: erfaren
swe: fotsula	rel:etymology	swe: fot
swe: formatmall	rel:etymology	swe: format
swe: Vivianne	rel:etymology	lat: Viviana
swe: ordknapphet	rel:etymology	swe: ordknapp
swe: enhörning	rel:etymology	swe: en
swe: champinjon	rel:etymology	fra: champignon
swe: onödig	rel:etymology	swe: nödig
swe: skrivmaskinist	rel:etymology	swe: skrivmaskin
swe: författning	rel:etymology	swe: författa
swe: profitera	rel:etymology	swe: -era
swe: innebära	rel:etymology	swe: bära
swe: astronomi	rel:etymology	swe: -nomi
swe: en	rel:etymology	non: einn
swe: landsarkivarie	rel:etymology	swe: landsarkiv
swe: lärftskramhandlare	rel:etymology	swe: kram
swe: stödlinje	rel:etymology	swe: stöd
swe: försvarshögskola	rel:etymology	swe: högskola
swe: fördelaktig	rel:etymology	swe: -aktig
swe: äktenskapsförord	rel:etymology	swe: äktenskap
swe: fackspråklig	rel:etymology	swe: -lig
swe: formatering	rel:etymology	swe: formatera
swe: utsträcka	rel:etymology	swe: sträcka
swe: väsentlig	rel:etymology	swe: -lig
swe: kristlig	rel:etymology	swe: -lig
swe: kalasa	rel:etymology	swe: -a
swe: diskvalificera	rel:etymology	swe: kvalificera
swe: slagruta	rel:etymology	swe: slag
swe: allordbok	rel:etymology	swe: all
swe: stabilisera	rel:etymology	swe: -isera
swe: skeppa	rel:etymology	swe: -a
swe: miljöfråga	rel:etymology	swe: miljö
swe: höstdagjämning	rel:etymology	swe: dagjämning
swe: hithörande	rel:etymology	swe: hörande
swe: ornitolog	rel:etymology	swe: -log
swe: jämställa	rel:etymology	swe: ställa
swe: medverka	rel:etymology	swe: verka
swe: schackpjäs	rel:etymology	swe: pjäs
swe: gruvstolpe	rel:etymology	swe: stolpe
swe: appellativisering	rel:etymology	swe: appellativisera
swe: ersättning	rel:etymology	swe: ersätta
swe: kulturverksamhet	rel:etymology	swe: verksamhet
swe: trefalt	rel:etymology	swe: -falt
swe: hållplats	rel:etymology	swe: plats
swe: eskortera	rel:etymology	swe: -era
swe: utrop	rel:etymology	swe: rop
swe: belysning	rel:etymology	swe: belysa
swe: begreppsordbok	rel:etymology	swe: ordbok
swe: oroa	rel:etymology	swe: -a
swe: överstinna	rel:etymology	swe: överste
swe: Birgitta	rel:etymology	sga: Brigit
swe: blod	rel:etymology	non: blóð
swe: ödesgudinna	rel:etymology	swe: gudinna
swe: hästkraft	rel:etymology	swe: kraft
swe: arbetsmarknadsminister	rel:etymology	swe: minister
swe: judisk	rel:etymology	swe: -isk
swe: dåraktig	rel:etymology	swe: -aktig
swe: e-bok	rel:etymology	swe: bok
swe: vävstol	rel:etymology	swe: stol
swe: organist	rel:etymology	swe: -ist
swe: påbörja	rel:etymology	swe: börja
swe: svårmod	rel:etymology	swe: svår
swe: såhär	rel:etymology	swe: så
swe: infrastrukturminister	rel:etymology	swe: infrastruktur
swe: vapenstillestånd	rel:etymology	swe: stillestånd
swe: halvsyster	rel:etymology	swe: syster
swe: Sune	rel:etymology	non: Suni
swe: terminologisering	rel:etymology	swe: -ing
swe: tåg	rel:etymology	gml: toge
swe: bildtext	rel:etymology	swe: bild
swe: genomförbar	rel:etymology	swe: genomföra
swe: matstrupe	rel:etymology	swe: mat
swe: licensiera	rel:etymology	swe: licens
swe: tunnvalv	rel:etymology	swe: valv
swe: 5-öring	rel:etymology	swe: fem
swe: införa	rel:etymology	swe: föra
swe: katalogisera	rel:etymology	swe: katalog
swe: larva	rel:etymology	lat: larva
swe: folkvisa	rel:etymology	swe: visa
swe: hökuggla	rel:etymology	swe: hök
swe: springare	rel:etymology	swe: -are
swe: kvarskatt	rel:etymology	swe: kvar
swe: vid	rel:etymology	non: víðr
swe: grovlek	rel:etymology	swe: -lek
swe: rambeslut	rel:etymology	swe: ram
swe: utbildningsmoment	rel:etymology	swe: moment
swe: autopilot	rel:etymology	swe: auto-
swe: varaktordiod	rel:etymology	swe: diod
swe: lagrådsremiss	rel:etymology	swe: lagråd
swe: värdera	rel:etymology	swe: värde
swe: personangrepp	rel:etymology	swe: angrepp
swe: kulturberikare	rel:etymology	swe: kultur
swe: jugoslavisk	rel:etymology	swe: -isk
swe: delegation	rel:etymology	swe: delegera
swe: honblomma	rel:etymology	swe: blomma
swe: nervös	rel:etymology	swe: -ös
swe: volfram	rel:etymology	deu: Wolfram
swe: blankhet	rel:etymology	swe: blank
swe: vinda	rel:etymology	non: vinda
swe: rapportserie	rel:etymology	swe: serie
swe: utsikt	rel:etymology	swe: sikt
swe: centralbyrå	rel:etymology	swe: central
swe: lexikografi	rel:etymology	swe: lexiko-
swe: länsöverdirektör	rel:etymology	swe: direktör
swe: brun	rel:etymology	non: brúnn
swe: ompröva	rel:etymology	swe: pröva
swe: villfarelse	rel:etymology	swe: vill
swe: styvmor	rel:etymology	swe: styv-
swe: ofördelaktig	rel:etymology	swe: fördelaktig
swe: teleskop	rel:etymology	swe: tele-
swe: hållbar	rel:etymology	swe: hålla
swe: befolkningssiffra	rel:etymology	swe: siffra
swe: dubbeltrampa	rel:etymology	swe: trampa
swe: numrering	rel:etymology	swe: -ing
swe: handelsvara	rel:etymology	swe: vara
swe: mellansvep	rel:etymology	swe: svep
swe: sympatisk	rel:etymology	swe: sympati
swe: förvärva	rel:etymology	swe: för-
swe: abessinsk	rel:etymology	swe: Abessinien
swe: brevvän	rel:etymology	swe: brev
swe: förmörkelse	rel:etymology	swe: förmörka
swe: doktorsexamen	rel:etymology	swe: examen
swe: tillika	rel:etymology	swe: lika
swe: ned	rel:etymology	non: niðr
swe: molekylärformel	rel:etymology	swe: formel
swe: människa	rel:etymology	osx: mennisko
swe: insjukna	rel:etymology	swe: sjukna
swe: Margareta	rel:etymology	lat: Margarita
swe: anslutningsakt	rel:etymology	swe: anslutning
swe: förverkliga	rel:etymology	swe: verklig
swe: företrädare	rel:etymology	swe: företräda
swe: kostnadsöversikt	rel:etymology	swe: översikt
swe: fredsrörelse	rel:etymology	swe: fred
swe: duscha	rel:etymology	swe: dusch
swe: axplock	rel:etymology	swe: plock
swe: dekretera	rel:etymology	swe: dekret
swe: etappvis	rel:etymology	swe: etapp
swe: Göte	rel:etymology	non: Gaute
swe: positionera	rel:etymology	swe: -era
swe: tillgivenhet	rel:etymology	swe: tillgiven
swe: rationalisera	rel:etymology	swe: rationell
swe: slava	rel:etymology	swe: -a
swe: vildsvin	rel:etymology	swe: vild
swe: konstruktionsteknik	rel:etymology	swe: teknik
swe: lärosäte	rel:etymology	swe: säte
swe: symbolisera	rel:etymology	swe: symbol
swe: copywriter	rel:etymology	eng: copywriter
swe: påökt	rel:etymology	swe: ökad
swe: länsstyrelse	rel:etymology	swe: län
swe: diskussionsdeltagare	rel:etymology	swe: deltagare
swe: ansöka	rel:etymology	swe: söka
swe: kulturarv	rel:etymology	swe: kultur
swe: givare	rel:etymology	swe: giva
swe: kuststräcka	rel:etymology	swe: sträcka
swe: absolutistisk	rel:etymology	swe: -isk
swe: påbjuda	rel:etymology	swe: på
swe: kammarrättsassessor	rel:etymology	swe: assessor
swe: gluten	rel:etymology	lat: gluten
swe: mikroelektronik	rel:etymology	swe: elektronik
swe: klagomål	rel:etymology	swe: mål
swe: tremänning	rel:etymology	swe: man
swe: abborrgrund	rel:etymology	swe: abborre
swe: idé	rel:etymology	fra: idée
swe: medeltidskyrka	rel:etymology	swe: medeltid
swe: rekrytera	rel:etymology	swe: -era
swe: rymdfysik	rel:etymology	swe: rymd
swe: folkminne	rel:etymology	swe: folk
swe: datalogi	rel:etymology	swe: data
swe: Dagny	rel:etymology	non: Dagný
swe: jägare	rel:etymology	swe: -are
swe: statuslist	rel:etymology	swe: status
swe: kurslitteratur	rel:etymology	swe: kurs
swe: armveck	rel:etymology	swe: veck
swe: telegram	rel:etymology	swe: tele-
swe: säkerhetspolis	rel:etymology	swe: polis
swe: infordran	rel:etymology	swe: infordra
swe: relativitetsteori	rel:etymology	swe: relativitet
swe: sakpolitisk	rel:etymology	swe: sak
swe: förklaring	rel:etymology	swe: -ing
swe: synkronisera	rel:etymology	swe: -isera
swe: avfart	rel:etymology	swe: av
swe: medborgarjournalistik	rel:etymology	swe: journalistik
swe: härstädes	rel:etymology	swe: stad
swe: bergsrådinna	rel:etymology	swe: -inna
swe: vidta	rel:etymology	swe: vid
swe: högskoleverk	rel:etymology	swe: högskola
swe: entlediga	rel:etymology	swe: ent-
swe: ständig	rel:etymology	swe: -ig
swe: prisbasbelopp	rel:etymology	swe: pris
swe: pensionera	rel:etymology	swe: -era
swe: inkomstkälla	rel:etymology	swe: källa
swe: -ig	rel:etymology	non: -agr
swe: profilera	rel:etymology	swe: profil
swe: sidmarginal	rel:etymology	swe: sida
swe: blank	rel:etymology	gml: blank
swe: allmännyttig	rel:etymology	swe: nyttig
swe: seriemördare	rel:etymology	swe: serie
swe: tillkomma	rel:etymology	swe: komma
swe: räkenskap	rel:etymology	swe: räkna
swe: snabbkaffe	rel:etymology	swe: snabb
swe: riksbankschef	rel:etymology	swe: riksbank
swe: flygförbud	rel:etymology	swe: förbud
swe: partikelverb	rel:etymology	swe: partikel
swe: yrkesmördare	rel:etymology	swe: yrke
swe: facett	rel:etymology	swe: -ett
swe: järnvägsspår	rel:etymology	swe: järnväg
swe: förvärva	rel:etymology	swe: värva
swe: brytning	rel:etymology	swe: bryta
swe: Kristian	rel:etymology	lat: Christianus
swe: åtal	rel:etymology	swe: å
swe: huvudman	rel:etymology	swe: huvud
swe: rövknulla	rel:etymology	swe: knulla
swe: borgarråd	rel:etymology	swe: borgare
swe: grovlek	rel:etymology	swe: grov
swe: blåaktig	rel:etymology	swe: -aktig
swe: ålderdomlig	rel:etymology	swe: ålderdom
swe: katastrof	rel:etymology	grc: καταστροφή
swe: delbar	rel:etymology	swe: -bar
swe: fristad	rel:etymology	swe: fri
swe: Z-boson	rel:etymology	swe: boson
swe: stilig	rel:etymology	swe: stil
swe: beskära	rel:etymology	swe: be-
swe: byråsekreterare	rel:etymology	swe: sekreterare
swe: grundlägga	rel:etymology	swe: lägga
swe: skrivbok	rel:etymology	swe: bok
swe: Aristoteles	rel:etymology	grc: Ἀριστοτέλης
swe: vänsterjustera	rel:etymology	swe: vänster
swe: överlåta	rel:etymology	swe: över
swe: basist	rel:etymology	swe: bas
swe: Sverige	rel:etymology	swe: svear
swe: barntå	rel:etymology	swe: tå
swe: dokumentation	rel:etymology	swe: -tion
swe: bostadskredit	rel:etymology	swe: kredit
swe: tillsättning	rel:etymology	swe: tillsätta
swe: skidstav	rel:etymology	swe: stav
swe: kursfordran	rel:etymology	swe: fordran
swe: utkast	rel:etymology	swe: kast
swe: spridare	rel:etymology	swe: sprida
swe: naturlig	rel:etymology	swe: -lig
swe: fäktning	rel:etymology	swe: fäkta
swe: debattera	rel:etymology	swe: debatt
swe: riksförening	rel:etymology	swe: rike
swe: muskedunder	rel:etymology	deu: muskedonner
swe: kryssfaner	rel:etymology	swe: kryss
swe: morgontidning	rel:etymology	swe: morgon
swe: markstyrka	rel:etymology	swe: styrka
swe: nederdel	rel:etymology	swe: del
swe: statschef	rel:etymology	swe: stat
swe: koloxid	rel:etymology	swe: oxid
swe: emellertid	rel:etymology	swe: i
swe: käftis	rel:etymology	swe: käft
swe: näthat	rel:etymology	swe: nät
swe: generalöverste	rel:etymology	swe: överste
swe: problemformuleringsprivilegium	rel:etymology	swe: privilegium
swe: golfbana	rel:etymology	swe: bana
swe: ingrediens	rel:etymology	lat: ingredi
swe: forskarassistent	rel:etymology	swe: assistent
swe: femton	rel:etymology	dan: fimmtán
swe: ondska	rel:etymology	swe: ond
swe: varaktordiod	rel:etymology	swe: varaktor
swe: osthyvel	rel:etymology	swe: hyvel
swe: rasism	rel:etymology	swe: ras
swe: fördom	rel:etymology	swe: före
swe: kalkflis	rel:etymology	swe: kalk
swe: heller	rel:etymology	non: heldr
swe: fågelart	rel:etymology	swe: fågel
swe: reassurera	rel:etymology	swe: re-
swe: inspektör	rel:etymology	swe: inspektera
swe: lagra	rel:etymology	swe: lager
swe: turnering	rel:etymology	swe: turnera
swe: frysa	rel:etymology	non: frjósa
swe: kontaktlins	rel:etymology	swe: kontakt
swe: konstitution	rel:etymology	swe: konstituera
swe: kommunistisk	rel:etymology	swe: -isk
swe: tidningspapper	rel:etymology	swe: papper
swe: åskådare	rel:etymology	swe: åskåda
swe: statlig	rel:etymology	swe: -lig
swe: bibliotekarie	rel:etymology	swe: -arie
swe: grymhet	rel:etymology	swe: -het
swe: örlogskapten	rel:etymology	swe: kapten
swe: tvättbräda	rel:etymology	swe: tvätta
swe: indoktrinera	rel:etymology	swe: doktrin
swe: tandläkare	rel:etymology	swe: läkare
swe: folkvisa	rel:etymology	swe: folk
swe: spurt	rel:etymology	eng: spurt
swe: emigrationsfråga	rel:etymology	swe: emigration
swe: rikspolischef	rel:etymology	swe: rike
swe: chitvåfördelning	rel:etymology	swe: chi
swe: träkyrka	rel:etymology	swe: kyrka
swe: baklucka	rel:etymology	swe: bak
swe: egentligen	rel:etymology	swe: -en
swe: genmanipulation	rel:etymology	swe: manipulation
swe: styrsystem	rel:etymology	swe: styra
swe: kolare	rel:etymology	swe: -are
swe: standardisera	rel:etymology	swe: -isera
swe: förstainstansrätt	rel:etymology	swe: rätt
swe: läsning	rel:etymology	swe: läsa
swe: Ask	rel:etymology	swe: ask
swe: navkapsel	rel:etymology	swe: kapsel
swe: solros	rel:etymology	swe: sol
swe: statsåklagare	rel:etymology	swe: åklagare
swe: övergå	rel:etymology	swe: över
swe: pressattaché	rel:etymology	swe: press
swe: utgiftstak	rel:etymology	swe: utgift
swe: skvallerspegel	rel:etymology	swe: spegel
swe: omslag	rel:etymology	swe: slag
swe: behörig	rel:etymology	swe: be-
swe: returtangent	rel:etymology	swe: tangent
swe: kylskåp	rel:etymology	swe: skåp
swe: modernism	rel:etymology	swe: -ism
swe: adressregister	rel:etymology	swe: register
swe: sökmotor	rel:etymology	swe: motor
swe: innehålla	rel:etymology	swe: inne
swe: ankdamm	rel:etymology	swe: damm
swe: ackuschörska	rel:etymology	swe: -ska
swe: farfar	rel:etymology	swe: far
swe: landstingsdirektör	rel:etymology	swe: direktör
swe: ungkarl	rel:etymology	swe: karl
swe: precisera	rel:etymology	swe: precis
swe: avsluta	rel:etymology	swe: av
swe: apostolisk	rel:etymology	swe: -isk
swe: uppfyllelse	rel:etymology	swe: uppfylla
swe: framstå	rel:etymology	swe: stå
swe: svar	rel:etymology	non: svar
swe: Folke	rel:etymology	non: Folki
swe: översvämma	rel:etymology	swe: över
swe: växthuseffekt	rel:etymology	swe: effekt
swe: lounge	rel:etymology	swe: lo
swe: ursprungligen	rel:etymology	swe: ursprunglig
swe: frasera	rel:etymology	swe: fras
swe: företal	rel:etymology	swe: tal
swe: påbjuda	rel:etymology	swe: bjuda
swe: vinröd	rel:etymology	swe: vin
swe: medelengelska	rel:etymology	swe: engelska
swe: befinna	rel:etymology	swe: be-
swe: rena	rel:etymology	swe: ren
swe: platonisk	rel:etymology	swe: -isk
swe: båda	rel:etymology	non: báðir
swe: könsstympning	rel:etymology	swe: stympning
swe: handbok	rel:etymology	swe: bok
swe: fyrfaldig	rel:etymology	swe: fyra
swe: bildstod	rel:etymology	swe: bild
swe: ramlag	rel:etymology	swe: lag
swe: bosätta	rel:etymology	swe: bo
swe: undersökning	rel:etymology	swe: -ning
swe: ror	rel:etymology	gml: roder
swe: bedrövlig	rel:etymology	swe: -lig
swe: embryologi	rel:etymology	swe: embryo
swe: autopilot	rel:etymology	swe: pilot
swe: television	rel:etymology	swe: tele-
swe: kammaråklagare	rel:etymology	swe: kammare
swe: företagare	rel:etymology	swe: -are
swe: återlämna	rel:etymology	swe: åter
swe: Kjell	rel:etymology	non: Ketill
swe: Göran	rel:etymology	gml: Jurian
swe: sydnäktergal	rel:etymology	swe: näktergal
swe: kändis	rel:etymology	swe: känd
swe: utrikesutskott	rel:etymology	swe: utskott
swe: politikområde	rel:etymology	swe: område
swe: metodik	rel:etymology	swe: -ik
swe: kapprustning	rel:etymology	swe: kapp
swe: logiker	rel:etymology	swe: -er
swe: handledare	rel:etymology	swe: -are
swe: strumpbyxa	rel:etymology	swe: byxa
swe: rådman	rel:etymology	swe: man
swe: världsstjärna	rel:etymology	swe: stjärna
swe: köksö	rel:etymology	swe: ö
swe: ekologi	rel:etymology	swe: eko-
swe: nottecken	rel:etymology	swe: not
swe: Ragnhild	rel:etymology	non: Ragnhildr
swe: Gunvor	rel:etymology	non: Gunnvǫr
swe: annorlunda	rel:etymology	swe: -lunda
swe: vilja	rel:etymology	non: vilji
swe: radekvivalens	rel:etymology	swe: ekvivalens
swe: evolutionsbiolog	rel:etymology	swe: biolog
swe: lagman	rel:etymology	swe: man
swe: borgmästarinna	rel:etymology	swe: borgmästare
swe: svenskhet	rel:etymology	swe: -het
swe: tillkännage	rel:etymology	swe: ge
swe: fräsning	rel:etymology	swe: -ning
swe: brigadgeneral	rel:etymology	swe: brigad
swe: regndroppe	rel:etymology	swe: droppe
swe: efterfråga	rel:etymology	swe: efter
swe: svärson	rel:etymology	swe: son
swe: ekonomi	rel:etymology	swe: eko-
swe: begrava	rel:etymology	swe: be-
swe: nivå	rel:etymology	fra: niveau
swe: tidningsredaktion	rel:etymology	swe: tidning
swe: skiftlåstangent	rel:etymology	swe: tangent
swe: axelhästkraft	rel:etymology	swe: axel
swe: Anton	rel:etymology	dan: Antonius
swe: bensin	rel:etymology	deu: Benzin
swe: spionera	rel:etymology	swe: -era
swe: utveckla	rel:etymology	swe: veckla
swe: redaktionschef	rel:etymology	swe: chef
swe: dagis	rel:etymology	swe: dag
swe: absolutist	rel:etymology	swe: absolut
swe: mjölnare	rel:etymology	swe: mjöl
swe: självmordsbombning	rel:etymology	swe: bombning
swe: språng	rel:etymology	swe: springa
swe: strömförstärkning	rel:etymology	swe: förstärkning
swe: Adam	rel:etymology	heb: אדם
swe: bjälkvis	rel:etymology	swe: bjälke
swe: motorgräsklippare	rel:etymology	swe: motor
swe: skyltfönster	rel:etymology	swe: fönster
swe: återlämning	rel:etymology	swe: -ning
swe: industriland	rel:etymology	swe: land
swe: mytologi	rel:etymology	swe: -logi
swe: kontrollfråga	rel:etymology	swe: fråga
swe: flygplats	rel:etymology	swe: flyga
swe: googla	rel:etymology	swe: Google
swe: utrikes	rel:etymology	swe: rike
swe: ripjakt	rel:etymology	swe: jakt
swe: regional	rel:etymology	swe: region
swe: kartläggare	rel:etymology	swe: kartlägga
swe: facföreningsledare	rel:etymology	swe: ledare
swe: därstädes	rel:etymology	swe: där
swe: kristna	rel:etymology	swe: kristen
swe: trygghet	rel:etymology	swe: trygg
swe: votera	rel:etymology	eng: vote
swe: IT-säkerhet	rel:etymology	swe: säkerhet
swe: tillgivenhet	rel:etymology	swe: -het
swe: brottsförebyggande	rel:etymology	swe: förebyggande
swe: förtöva	rel:etymology	swe: töva
swe: musikliv	rel:etymology	swe: musik
swe: arbetsmarknadsdepartement	rel:etymology	swe: arbetsmarknad
swe: farmor	rel:etymology	swe: far
swe: tassa	rel:etymology	swe: -a
swe: ljuda	rel:etymology	swe: ljud
swe: lunginflammation	rel:etymology	swe: inflammation
swe: somalier	rel:etymology	swe: -er
swe: naboskap	rel:etymology	swe: nabo
swe: valutareserv	rel:etymology	swe: reserv
swe: utställa	rel:etymology	swe: ställa
swe: draksegel	rel:etymology	swe: drake
swe: bekänna	rel:etymology	swe: be-
swe: böjlig	rel:etymology	swe: böja
swe: kronofogde	rel:etymology	swe: krona
swe: sölig	rel:etymology	swe: söl
swe: stilig	rel:etymology	swe: -ig
swe: skrivare	rel:etymology	swe: -are
swe: titulera	rel:etymology	swe: -era
swe: svenskhet	rel:etymology	swe: svensk
swe: källkod	rel:etymology	swe: källa
swe: toxikolog	rel:etymology	swe: toxiko-
swe: pingis	rel:etymology	swe: ping-pong
swe: vinkla	rel:etymology	swe: vinkel
swe: angripa	rel:etymology	swe: an
swe: introduktion	rel:etymology	swe: -tion
swe: textmarkör	rel:etymology	swe: text
swe: diametral	rel:etymology	swe: -al
swe: pendeltåg	rel:etymology	swe: tåg
swe: stamtavla	rel:etymology	swe: tavla
swe: miniräknare	rel:etymology	swe: mini
swe: äppelmos	rel:etymology	swe: äpple
swe: spakblock	rel:etymology	swe: spak
swe: årligen	rel:etymology	swe: -en
swe: Agne	rel:etymology	non: Agni
swe: knarkare	rel:etymology	swe: knarka
swe: festa	rel:etymology	swe: fest
swe: genombrott	rel:etymology	swe: brott
swe: dokumentera	rel:etymology	swe: -era
swe: sex	rel:etymology	eng: sex
swe: utbildningsdepartement	rel:etymology	swe: departement
swe: storskalig	rel:etymology	swe: stor
swe: aktivitet	rel:etymology	swe: -itet
swe: anmärka	rel:etymology	swe: märka
swe: utbildningsutskott	rel:etymology	swe: utbildning
swe: kommunalråd	rel:etymology	swe: kommunal
swe: delägare	rel:etymology	swe: ägare
swe: porträttera	rel:etymology	swe: -era
swe: svagdricka	rel:etymology	swe: svag
swe: vitmena	rel:etymology	swe: vit
swe: ställning	rel:etymology	swe: -ning
swe: atomenergi	rel:etymology	swe: energi
swe: brandsäker	rel:etymology	swe: säker
swe: sammanträda	rel:etymology	swe: samman
swe: terrorisera	rel:etymology	swe: -isera
swe: flygstyrka	rel:etymology	swe: styrka
swe: väggplanka	rel:etymology	swe: vägg
swe: översättare	rel:etymology	swe: översätta
swe: trafikolycka	rel:etymology	swe: olycka
swe: monolog	rel:etymology	swe: mono-
swe: blodpudding	rel:etymology	swe: pudding
swe: utgåva	rel:etymology	swe: gåva
swe: andreman	rel:etymology	swe: man
swe: utfall	rel:etymology	swe: ut
swe: bråttom	rel:etymology	swe: -om
swe: sekretessbelagd	rel:etymology	swe: sekretess
swe: döda	rel:etymology	swe: -a
swe: gråaktig	rel:etymology	swe: -aktig
swe: utbyta	rel:etymology	swe: byta
swe: saft	rel:etymology	gmh: Saft
swe: kriskommission	rel:etymology	swe: kommission
swe: teknologi	rel:etymology	swe: tekno-
swe: förrätt	rel:etymology	swe: rätt
swe: funktionslist	rel:etymology	swe: list
swe: samspel	rel:etymology	swe: sam-
swe: stängsel	rel:etymology	swe: stänga
swe: ändamål	rel:etymology	swe: ända
swe: föräldralös	rel:etymology	swe: förälder
swe: Gunborg	rel:etymology	non: Gunnbjǫrg
swe: mobilisera	rel:etymology	swe: -isera
swe: präktig	rel:etymology	swe: prakt
swe: samlingsskiva	rel:etymology	swe: skiva
swe: bitvis	rel:etymology	swe: -vis
swe: hållplats	rel:etymology	swe: håll
swe: teleportera	rel:etymology	swe: tele-
swe: DVD-utgåva	rel:etymology	swe: utgåva
swe: arbetslinje	rel:etymology	swe: arbete
swe: rodna	rel:etymology	swe: -na
swe: ämnesråd	rel:etymology	swe: råd
swe: dialekt	rel:etymology	swe: dia-
swe: underlätta	rel:etymology	swe: lätta
swe: appellativisering	rel:etymology	swe: -ing
swe: kammarrättsfiskal	rel:etymology	swe: kammarrätt
swe: vuxenutbildning	rel:etymology	swe: utbildning
swe: utträdesarbete	rel:etymology	swe: arbete
swe: lönnmördare	rel:etymology	swe: lönn
swe: Befrielsetorget	rel:etymology	swe: torg
swe: föregå	rel:etymology	swe: gå
swe: albumlista	rel:etymology	swe: lista
swe: formalisera	rel:etymology	swe: -isera
swe: nedförsbacke	rel:etymology	swe: backe
swe: invända	rel:etymology	swe: vända
swe: välbefinnande	rel:etymology	swe: väl
swe: arkivera	rel:etymology	swe: -era
swe: kyrkbänk	rel:etymology	swe: bänk
swe: syn	rel:etymology	non: sýn
swe: topolog	rel:etymology	swe: topo-
swe: specialisera	rel:etymology	swe: -isera
swe: marknadsföring	rel:etymology	swe: marknadsföra
swe: krigsarkiv	rel:etymology	swe: krig
swe: dum	rel:etymology	non: dumbr
swe: sur	rel:etymology	non: súrr
swe: tidsålder	rel:etymology	swe: ålder
swe: ambassadsekreterare	rel:etymology	swe: sekreterare
swe: Erna	rel:etymology	deu: Erna
swe: solsystem	rel:etymology	swe: system
swe: oförutsedd	rel:etymology	swe: o-
swe: bunta	rel:etymology	swe: bunt
swe: järntacka	rel:etymology	swe: tacka
swe: genomföra	rel:etymology	swe: föra
swe: tillämplig	rel:etymology	swe: tillämpa
swe: begynnelsebokstav	rel:etymology	swe: begynnelse
swe: bjuda	rel:etymology	non: bjóða
swe: bifoga	rel:etymology	swe: foga
swe: trossamfund	rel:etymology	swe: samfund
swe: grimas	rel:etymology	fra: grimace
swe: till salu	rel:etymology	non: til sǫlu
swe: framtidsstudium	rel:etymology	swe: studium
swe: tryckare	rel:etymology	swe: -are
swe: zoologi	rel:etymology	swe: zoo-
swe: hutlös	rel:etymology	swe: hut
swe: strumpbyxa	rel:etymology	swe: strumpa
swe: oreda	rel:etymology	swe: reda
swe: platshållare	rel:etymology	swe: hållare
swe: tankesmedja	rel:etymology	swe: tanke
swe: avstava	rel:etymology	swe: av
swe: oxe	rel:etymology	non: uxi
swe: ventilera	rel:etymology	swe: ventil
swe: fältkommando	rel:etymology	swe: kommando
swe: hel	rel:etymology	non: heill
swe: slutbetänkande	rel:etymology	swe: betänkande
swe: omgivning	rel:etymology	swe: -ning
swe: plana	rel:etymology	swe: plan
swe: loppis	rel:etymology	swe: -is
swe: lagrumshänvisning	rel:etymology	swe: hänvisning
swe: ideologi	rel:etymology	swe: -logi
swe: opinionsbildning	rel:etymology	swe: opinion
swe: urvalsfönster	rel:etymology	swe: urval
swe: miljöminister	rel:etymology	swe: miljö
swe: fruktansvärd	rel:etymology	swe: fruktan
swe: mördare	rel:etymology	swe: -are
swe: cirkulera	rel:etymology	swe: cirkel
swe: återhämta	rel:etymology	swe: hämta
swe: sannolik	rel:etymology	swe: -lik
swe: barnmisshandel	rel:etymology	swe: misshandel
swe: nysa	rel:etymology	non: hnjósa
swe: följeslagare	rel:etymology	swe: -are
swe: ambassadör	rel:etymology	swe: ambassad
swe: klargöra	rel:etymology	swe: klar
swe: piltangent	rel:etymology	swe: tangent
swe: utbildningsminister	rel:etymology	swe: minister
swe: dokumentation	rel:etymology	swe: dokument
swe: plankorsning	rel:etymology	swe: plan
swe: mikrovågsugn	rel:etymology	swe: ugn
swe: skomakare	rel:etymology	swe: -makare
swe: närvaro	rel:etymology	swe: nära
swe: falsarium	rel:etymology	lat: falsarius
swe: brevbärare	rel:etymology	swe: bärare
swe: kustbevakning	rel:etymology	swe: bevakning
swe: lantbrukare	rel:etymology	swe: -are
swe: kulturmiljövård	rel:etymology	swe: kulturmiljö
swe: säkerhetständsticka	rel:etymology	swe: säkerhet
swe: mårtensgås	rel:etymology	swe: Mårten
swe: kronofogde	rel:etymology	swe: fogde
swe: misstro	rel:etymology	swe: miss
swe: vagn	rel:etymology	non: vagn
swe: rörig	rel:etymology	swe: -ig
swe: avrätta	rel:etymology	swe: rätta
swe: licensiera	rel:etymology	swe: -era
swe: värderingsförmåga	rel:etymology	swe: värdering
swe: bakgrundsfärg	rel:etymology	swe: färg
swe: granatäpple	rel:etymology	swe: äpple
swe: genombrott	rel:etymology	swe: genom
swe: tävling	rel:etymology	swe: tävla
swe: kanslichef	rel:etymology	swe: kansli
swe: granskningsnämnd	rel:etymology	swe: nämnd
swe: folkräkning	rel:etymology	swe: räkning
swe: vispgrädde	rel:etymology	swe: vispa
swe: pub	rel:etymology	eng: pub
swe: kanslichef	rel:etymology	swe: chef
swe: bluffa	rel:etymology	eng: bluff
swe: hållfast	rel:etymology	swe: fast
swe: statare	rel:etymology	swe: -are
swe: riksantikvarie	rel:etymology	swe: antikvarie
swe: filtyp	rel:etymology	swe: typ
swe: fattigdom	rel:etymology	swe: -dom
swe: ensam	rel:etymology	swe: -sam
swe: veckotidning	rel:etymology	swe: tidning
swe: interkulturell	rel:etymology	swe: inter-
swe: kärnkraft	rel:etymology	swe: kärna
swe: återvända	rel:etymology	swe: åter
swe: brandlarm	rel:etymology	swe: brand
swe: bistå	rel:etymology	swe: bi-
swe: grönländsk	rel:etymology	swe: -sk
swe: kryssruta	rel:etymology	swe: kryss
swe: oväld	rel:etymology	swe: väld
swe: vinge	rel:etymology	non: vængr
swe: chokladsås	rel:etymology	swe: sås
swe: statistisk	rel:etymology	swe: -isk
swe: formellist	rel:etymology	swe: formel
swe: segelbar	rel:etymology	swe: segla
swe: rengöra	rel:etymology	swe: göra
swe: svan	rel:etymology	swe: svanr
swe: hyresgäst	rel:etymology	swe: gäst
swe: uppkomma	rel:etymology	swe: upp
swe: regeringsstyrka	rel:etymology	swe: styrka
swe: girighet	rel:etymology	swe: -het
swe: atombomb	rel:etymology	swe: atom
swe: plankorsning	rel:etymology	swe: korsning
swe: svärd	rel:etymology	non: sverð
swe: arrestera	rel:etymology	swe: -era
swe: skitig	rel:etymology	swe: -ig
swe: fredsrörelse	rel:etymology	swe: rörelse
swe: landskap	rel:etymology	swe: -skap
swe: toxikologisk	rel:etymology	swe: -isk
swe: tidningspapper	rel:etymology	swe: tidning
swe: beteckna	rel:etymology	swe: be-
swe: variation	rel:etymology	swe: -tion
swe: överbibliotekarie	rel:etymology	swe: över
swe: annandag	rel:etymology	swe: annan
swe: Medelhavet	rel:etymology	swe: medel
swe: rattlina	rel:etymology	swe: ratt
swe: broderskapsrörelse	rel:etymology	swe: broderskap
swe: kokosnöt	rel:etymology	swe: nöt
swe: underrättelse	rel:etymology	swe: -else
swe: stödmacka	rel:etymology	swe: stöd
swe: halsband	rel:etymology	swe: band
swe: stickprov	rel:etymology	swe: prov
swe: globalisering	rel:etymology	swe: globalisera
swe: tjärn	rel:etymology	non: tjǫrn
swe: civilutskott	rel:etymology	swe: utskott
swe: datalogi	rel:etymology	swe: -logi
swe: arbetskraft	rel:etymology	swe: kraft
swe: samtid	rel:etymology	swe: tid
swe: operatör	rel:etymology	swe: operera
swe: postkontor	rel:etymology	swe: post
swe: utbjuda	rel:etymology	swe: ut
swe: mördare	rel:etymology	swe: mörda
swe: byråinspektör	rel:etymology	swe: byrå
swe: fjädergräs	rel:etymology	swe: fjäder
swe: krigförande	rel:etymology	swe: krig
swe: kofot	rel:etymology	swe: ko
swe: nyansera	rel:etymology	swe: nyans
swe: teblad	rel:etymology	swe: te
swe: utredning	rel:etymology	swe: -ning
swe: vardaglig	rel:etymology	swe: -lig
swe: kuliss	rel:etymology	fra: coulisse
swe: attackera	rel:etymology	swe: attack
swe: barntå	rel:etymology	swe: barn
swe: revolutionär	rel:etymology	swe: -är
swe: rumtid	rel:etymology	swe: tid
swe: förpliktelse	rel:etymology	swe: förplikta
swe: realisering	rel:etymology	swe: -ing
swe: upphovsrättsintrång	rel:etymology	swe: intrång
swe: tatueringsapparat	rel:etymology	swe: apparat
swe: skämtsam	rel:etymology	swe: skämt
swe: samordningsgrupp	rel:etymology	swe: samordning
swe: språngbräda	rel:etymology	swe: språng
swe: verkning	rel:etymology	swe: verka
swe: landsförrädare	rel:etymology	swe: förrädare
swe: fakultetsnämnd	rel:etymology	swe: fakultet
swe: vingård	rel:etymology	swe: vin
swe: däribland	rel:etymology	swe: där
swe: diskursanalys	rel:etymology	swe: diskurs
swe: artbestämning	rel:etymology	swe: -ning
swe: släkting	rel:etymology	swe: släkt
swe: fyrhörning	rel:etymology	swe: hörn
swe: återuppbyggnad	rel:etymology	swe: -nad
swe: landningsbana	rel:etymology	swe: bana
swe: raksträcka	rel:etymology	swe: rak
swe: överleva	rel:etymology	swe: över
swe: ögonlock	rel:etymology	swe: lock
swe: pärluggla	rel:etymology	swe: uggla
swe: nöt	rel:etymology	non: nöt
swe: medlemsstat	rel:etymology	swe: medlem
swe: kommunminister	rel:etymology	swe: kommun
swe: tigga	rel:etymology	non: þiggja
swe: differentiell	rel:etymology	swe: differens
swe: skickelse	rel:etymology	swe: -else
swe: revolutionär	rel:etymology	swe: revolution
swe: graviditet	rel:etymology	swe: gravid
swe: parvis	rel:etymology	swe: par
swe: regla	rel:etymology	swe: regel
swe: vinröd	rel:etymology	swe: röd
swe: tvivelaktig	rel:etymology	swe: -aktig
swe: överantvarda	rel:etymology	swe: antvarda
swe: kansliråd	rel:etymology	swe: råd
swe: arm	rel:etymology	non: armr
swe: känslokall	rel:etymology	swe: kall
swe: bortom	rel:etymology	swe: -om
swe: bläckpenna	rel:etymology	swe: penna
swe: misstänka	rel:etymology	swe: tänka
swe: forskningsresultat	rel:etymology	swe: resultat
swe: socialförsäkring	rel:etymology	swe: försäkring
swe: indriva	rel:etymology	swe: driva
swe: år	rel:etymology	non: ár
swe: tröghet	rel:etymology	swe: -het
swe: värdera	rel:etymology	swe: -era
swe: lönnmörda	rel:etymology	swe: mörda
swe: brödskrivare	rel:etymology	swe: bröd
swe: föredragningslista	rel:etymology	swe: föredragning
swe: raffinaderi	rel:etymology	swe: raffinad
swe: jamaican	rel:etymology	swe: Jamaica
swe: medelholländska	rel:etymology	swe: medel
swe: insamla	rel:etymology	swe: in
swe: byrådirektör	rel:etymology	swe: direktör
swe: förvaltningschef	rel:etymology	swe: förvaltning
swe: maskros	rel:etymology	swe: mask
swe: polisintendent	rel:etymology	swe: polis
swe: unna	rel:etymology	non: unna
swe: skyltfönster	rel:etymology	swe: skylta
swe: angripare	rel:etymology	swe: angripa
swe: nationalförening	rel:etymology	swe: nationell
swe: googla	rel:etymology	swe: -a
swe: sinnebild	rel:etymology	swe: sinne
swe: tusenkonstnär	rel:etymology	swe: konstnär
swe: luftballong	rel:etymology	swe: ballong
swe: lämplig	rel:etymology	swe: -lig
swe: spektakulär	rel:etymology	swe: spektakel
swe: klämdag	rel:etymology	swe: kläm
swe: förslagsvis	rel:etymology	swe: förslag
swe: bröstmjölk	rel:etymology	swe: mjölk
swe: rödvin	rel:etymology	swe: röd
swe: tredjeland	rel:etymology	swe: tredje
swe: utmana	rel:etymology	swe: ut
swe: välsigna	rel:etymology	swe: väl
swe: verksamhetsområde	rel:etymology	swe: verksamhet
swe: förutsätta	rel:etymology	swe: sätta
swe: inrikes	rel:etymology	swe: in
swe: avfall	rel:etymology	swe: av
swe: stolthet	rel:etymology	swe: stolt
swe: komponent	rel:etymology	swe: komponera
swe: försälja	rel:etymology	swe: sälja
swe: sjuspaltig	rel:etymology	swe: spalt
swe: trädgårdsdräng	rel:etymology	swe: trädgård
swe: treenighet	rel:etymology	swe: tre
swe: fabrikat	rel:etymology	swe: -at
swe: evolutionsbiologi	rel:etymology	swe: evolution
swe: överblick	rel:etymology	swe: över
swe: krigsorganisation	rel:etymology	swe: krig
swe: dammsky	rel:etymology	swe: sky
swe: hovrättsråd	rel:etymology	swe: hovrätt
swe: vansinnighet	rel:etymology	swe: vansinnig
swe: bromsa	rel:etymology	swe: broms
swe: bruksägare	rel:etymology	swe: bruk
swe: offentlighetsprincip	rel:etymology	swe: offentlighet
swe: medvetande	rel:etymology	swe: med
swe: sammanfattningsvis	rel:etymology	swe: sammanfattning
swe: ekosystem	rel:etymology	swe: eko-
swe: störnivå	rel:etymology	swe: störa
swe: kortlek	rel:etymology	swe: kort
swe: landsdel	rel:etymology	swe: del
swe: insikt	rel:etymology	swe: sikt
swe: härledning	rel:etymology	swe: härleda
swe: må	rel:etymology	non: mega
swe: pocketrea	rel:etymology	swe: rea
swe: tillhörig	rel:etymology	swe: tillhöra
swe: undermeny	rel:etymology	swe: under
swe: vansinne	rel:etymology	swe: van-
swe: försäkra	rel:etymology	swe: säkra
swe: galghumor	rel:etymology	swe: galge
swe: bakgrundsmusik	rel:etymology	swe: bakgrund
swe: lärftskramhandlare	rel:etymology	swe: handlare
swe: siames	rel:etymology	swe: Siam
swe: konstvetenskap	rel:etymology	swe: vetenskap
swe: butikshylla	rel:etymology	swe: butik
swe: kulturskapare	rel:etymology	swe: kultur
swe: tålmodig	rel:etymology	swe: tålamod
swe: grammatiker	rel:etymology	swe: -er
swe: åta	rel:etymology	swe: ta
swe: kassavalv	rel:etymology	swe: valv
swe: motsäga	rel:etymology	swe: mot
swe: allmäntjänstgöring	rel:etymology	swe: tjänstgöring
swe: normalisera	rel:etymology	swe: -isera
swe: bemöda	rel:etymology	swe: be-
swe: svartna	rel:etymology	swe: -na
swe: allitteration	rel:etymology	swe: -ation
swe: övermänsklig	rel:etymology	swe: över
swe: äggvita	rel:etymology	swe: vit
swe: betvivla	rel:etymology	swe: tvivla
swe: dödsfall	rel:etymology	swe: död
swe: ange	rel:etymology	swe: an
swe: händelsevis	rel:etymology	swe: händelse
swe: symbolisk	rel:etymology	swe: symbol
swe: hemslöjd	rel:etymology	swe: hem
swe: huvudgata	rel:etymology	swe: gata
swe: majestät	rel:etymology	deu: Majestät
swe: viktig	rel:etymology	swe: vikt
swe: kulturverksamhet	rel:etymology	swe: kultur
swe: fängelse	rel:etymology	swe: -else
swe: återförsäkra	rel:etymology	swe: försäkra
swe: förlänga	rel:etymology	swe: lång
swe: verksamhetsområde	rel:etymology	swe: område
swe: pilspets	rel:etymology	swe: pil
swe: förutsättning	rel:etymology	swe: förutsätta
swe: partistyrelse	rel:etymology	swe: parti
swe: ostlig	rel:etymology	swe: ost
swe: publicering	rel:etymology	swe: publicera
swe: skrivbord	rel:etymology	swe: bord
swe: radergummi	rel:etymology	swe: gummi
swe: vansinnig	rel:etymology	swe: -ig
swe: förfining	rel:etymology	swe: -ing
swe: medmänniska	rel:etymology	swe: människa
swe: annorlunda	rel:etymology	swe: annan
swe: regionkommitté	rel:etymology	swe: kommitté
swe: tecknare	rel:etymology	swe: teckna
swe: ettstruken	rel:etymology	swe: ett
swe: informationsbärare	rel:etymology	swe: information
swe: departementschef	rel:etymology	swe: departement
swe: oförskämd	rel:etymology	swe: o-
swe: samhällsområde	rel:etymology	swe: samhälle
swe: avundsjuk	rel:etymology	swe: sjuk
swe: omedelbarligen	rel:etymology	swe: omedelbar
swe: rörelse	rel:etymology	swe: röra
swe: skyddsobjekt	rel:etymology	swe: skydd
swe: begreppsklass	rel:etymology	swe: begrepp
swe: kontravariant	rel:etymology	swe: variant
swe: stavkyrka	rel:etymology	swe: kyrka
swe: subtraktion	rel:etymology	swe: subtrahera
swe: trombonist	rel:etymology	swe: trombon
swe: högsäsong	rel:etymology	swe: hög
swe: bedragare	rel:etymology	swe: -are
swe: anställning	rel:etymology	swe: -ning
swe: riksbibliotekarie	rel:etymology	swe: bibliotekarie
swe: trädgård	rel:etymology	swe: träd
swe: ersätta	rel:etymology	swe: sätta
swe: hovrätt	rel:etymology	swe: rätt
swe: ackusativ	rel:etymology	lat: accusativus
swe: saftig	rel:etymology	swe: saft
swe: tillkommelse	rel:etymology	swe: tillkomma
swe: strävpelare	rel:etymology	swe: pelare
swe: hållbar	rel:etymology	swe: -bar
swe: generalisera	rel:etymology	swe: generell
swe: hänsyn	rel:etymology	swe: hän
swe: åskåda	rel:etymology	swe: skåda
swe: slickepinne	rel:etymology	swe: slicka
swe: livsmedelsbutik	rel:etymology	swe: butik
swe: profetisk	rel:etymology	swe: -isk
swe: ange	rel:etymology	swe: ge
swe: borra	rel:etymology	swe: borr
swe: oväld	rel:etymology	swe: o-
swe: uppgradera	rel:etymology	swe: gradera
swe: normera	rel:etymology	swe: -era
swe: skidstav	rel:etymology	swe: skida
swe: utrikespolitisk	rel:etymology	swe: utrikespolitik
swe: vilddjur	rel:etymology	swe: vild
swe: ogift	rel:etymology	swe: o-
swe: massförstörelse	rel:etymology	swe: förstörelse
swe: misskreditera	rel:etymology	swe: kreditera
swe: Arne	rel:etymology	swe: Arni
swe: radiobil	rel:etymology	swe: radio
swe: omfördela	rel:etymology	swe: om
swe: poängtera	rel:etymology	swe: -era
swe: tillsvidare	rel:etymology	swe: tills
swe: tonsättare	rel:etymology	swe: -are
swe: kulturattaché	rel:etymology	swe: attaché
swe: insexnyckel	rel:etymology	swe: in
swe: sociologisk	rel:etymology	swe: sociologi
swe: sjukvård	rel:etymology	swe: vård
swe: lagrum	rel:etymology	swe: lag
swe: utformning	rel:etymology	swe: utforma
swe: anteckningsbok	rel:etymology	swe: anteckning
swe: huvudägare	rel:etymology	swe: huvud
swe: sidfot	rel:etymology	swe: sida
swe: verktyg	rel:etymology	swe: verka
swe: modem	rel:etymology	eng: modem
swe: ögonblick	rel:etymology	swe: ögon
swe: verkstad	rel:etymology	gml: werkstede
swe: simma	rel:etymology	non: svimma
swe: överväga	rel:etymology	swe: väga
swe: innehålla	rel:etymology	swe: hålla
swe: handelskammare	rel:etymology	swe: kammare
swe: substratfaktor	rel:etymology	swe: substrat
swe: miniatyrisera	rel:etymology	swe: -isera
swe: violinist	rel:etymology	swe: violin
swe: avundsjuk	rel:etymology	swe: avund
swe: livsmedel	rel:etymology	swe: medel
swe: sympatisera	rel:etymology	swe: sympati
swe: getost	rel:etymology	swe: get
swe: tysta	rel:etymology	swe: -a
swe: frihet	rel:etymology	swe: fri
swe: normering	rel:etymology	swe: -ing
swe: ofarlig	rel:etymology	swe: o-
swe: oböjlig	rel:etymology	swe: o-
swe: bollklubb	rel:etymology	swe: klubb
swe: tvistefråga	rel:etymology	swe: tvista
swe: viceamiral	rel:etymology	swe: vice
swe: resgods	rel:etymology	swe: resa
swe: i	rel:etymology	non: í
swe: ödesgudinna	rel:etymology	swe: öde
swe: aktivist	rel:etymology	swe: aktiv
swe: raggmunk	rel:etymology	swe: ragg
swe: undgå	rel:etymology	swe: und-
swe: beakta	rel:etymology	swe: akta
swe: alkotest	rel:etymology	swe: alkohol
swe: medsols	rel:etymology	swe: sol
swe: höja	rel:etymology	swe: hög
swe: tillhörighet	rel:etymology	swe: tillhörig
swe: avledning	rel:etymology	swe: -ning
swe: wikifiera	rel:etymology	swe: wiki
swe: fredsförhandling	rel:etymology	swe: fred
swe: förlora	rel:etymology	gml: verliesen
swe: inrikespolitik	rel:etymology	swe: inrikes
swe: stjärna	rel:etymology	non: stjarna
swe: sponsring	rel:etymology	swe: -ing
swe: utlösning	rel:etymology	swe: utlösa
swe: värdshus	rel:etymology	swe: värds
swe: kommun- och finansmarknadsminister	rel:etymology	swe: kommun
swe: ridå	rel:etymology	fra: rideau
swe: optimering	rel:etymology	swe: optimera
swe: livsmedelsbutik	rel:etymology	swe: livsmedel
swe: tillsynes	rel:etymology	swe: till
swe: marknad	rel:etymology	non: markaðr
swe: globalisering	rel:etymology	swe: -ing
swe: strecka	rel:etymology	swe: -a
swe: farmarliga	rel:etymology	swe: liga
swe: fragmentera	rel:etymology	swe: -era
swe: tillsätta	rel:etymology	swe: sätta
swe: skatteindrivare	rel:etymology	swe: indrivare
swe: frimärkssamlare	rel:etymology	swe: frimärke
swe: lyxig	rel:etymology	swe: lyx
swe: applådera	rel:etymology	swe: applåd
swe: materialistisk	rel:etymology	swe: -isk
swe: benämna	rel:etymology	swe: nämna
swe: mänska	rel:etymology	non: menska
swe: teaterledare	rel:etymology	swe: ledare
swe: förståelse	rel:etymology	swe: förstå
swe: mellanslag	rel:etymology	swe: mellan
swe: utbud	rel:etymology	swe: bud
swe: fot	rel:etymology	swe: fótr
swe: datakälla	rel:etymology	swe: källa
swe: personalreserv	rel:etymology	swe: personal
swe: datateknik	rel:etymology	swe: data
swe: fasett	rel:etymology	swe: fas
swe: befalla	rel:etymology	swe: be-
swe: insyn	rel:etymology	swe: syn
swe: årtionde	rel:etymology	swe: år
swe: rutnät	rel:etymology	swe: ruta
swe: förkläde	rel:etymology	swe: kläde
swe: polisintendent	rel:etymology	swe: intendent
swe: åstadkomma	rel:etymology	swe: komma
swe: långsiktig	rel:etymology	swe: sikt
swe: vandrarhem	rel:etymology	swe: vandrare
swe: innehållsförteckning	rel:etymology	swe: förteckning
swe: skadereglering	rel:etymology	swe: reglering
swe: synlig	rel:etymology	swe: syn
swe: terroristgrupp	rel:etymology	swe: terrorist
swe: forskningsbibliotek	rel:etymology	swe: bibliotek
swe: förbereda	rel:etymology	swe: före
swe: tredje	rel:etymology	non: þriði
swe: världsmästare	rel:etymology	swe: värld
swe: pinje	rel:etymology	deu: Pinie
swe: solros	rel:etymology	swe: ros
swe: förfallodag	rel:etymology	swe: förfall
swe: störämne	rel:etymology	swe: ämne
swe: ovedersäglig	rel:etymology	swe: -lig
swe: strukturera	rel:etymology	swe: -era
swe: härleda	rel:etymology	swe: leda
swe: beklaga	rel:etymology	swe: be-
swe: jordbrukskommitté	rel:etymology	swe: jordbruk
swe: hästskötare	rel:etymology	swe: häst
swe: synonymordbok	rel:etymology	swe: ordbok
swe: tvinga	rel:etymology	non: þvinga
swe: omorganisera	rel:etymology	swe: om
swe: rebellisk	rel:etymology	swe: -isk
swe: styrsystem	rel:etymology	swe: system
swe: obegriplig	rel:etymology	swe: o-
swe: hörsägen	rel:etymology	swe: sägen
swe: tryckfrihetsförordning	rel:etymology	swe: förordning
swe: mångfacetterad	rel:etymology	swe: facetterad
swe: ekonomisk	rel:etymology	swe: -isk
swe: högtryck	rel:etymology	swe: hög
swe: sjögräs	rel:etymology	swe: gräs
swe: stämgaffel	rel:etymology	swe: gaffel
swe: bearbetning	rel:etymology	swe: bearbeta
swe: upplysning	rel:etymology	swe: -ning
swe: motorgräsklippare	rel:etymology	swe: gräsklippare
swe: vakna	rel:etymology	non: vakna
swe: Olga	rel:etymology	rus: Ольга
swe: stegvis	rel:etymology	swe: -vis
swe: parvis	rel:etymology	swe: -vis
swe: förlita	rel:etymology	swe: för-
swe: inrikta	rel:etymology	swe: in
swe: cellinnehåll	rel:etymology	swe: cell
swe: länspolismästare	rel:etymology	swe: polismästare
swe: infologi	rel:etymology	swe: -logi
swe: variation	rel:etymology	swe: variera
swe: folkmassa	rel:etymology	swe: folk
swe: byråingenjör	rel:etymology	swe: ingenjör
swe: harmonisera	rel:etymology	swe: -isera
swe: uppfylla	rel:etymology	swe: upp
swe: bländare	rel:etymology	swe: blända
swe: utreda	rel:etymology	swe: ut
swe: förvägra	rel:etymology	swe: vägra
swe: elektrodynamik	rel:etymology	swe: dynamik
swe: budskap	rel:etymology	swe: bud
swe: postindustriell	rel:etymology	swe: post-
swe: framställning	rel:etymology	swe: framställa
swe: förbanna	rel:etymology	swe: för-
swe: presskonferens	rel:etymology	swe: konferens
swe: ekumenik	rel:etymology	lat: oecumenicus
swe: halvera	rel:etymology	swe: -era
swe: förstärka	rel:etymology	swe: för-
swe: Otto	rel:etymology	deu: Otto
swe: rensning	rel:etymology	swe: -ning
swe: verslära	rel:etymology	swe: lära
swe: innebandy	rel:etymology	swe: inne
swe: kvarleva	rel:etymology	swe: leva
swe: förverkliga	rel:etymology	swe: -a
