deu: Angeber	rel:etymology	deu: -er
deu: europäisch	rel:etymology	deu: -isch
deu: unmissverständlich	rel:etymology	deu: missverständlich
deu: Uranbombe	rel:etymology	deu: Bombe
deu: riskieren	rel:etymology	fra: risquer
deu: Präpositionalphrase	rel:etymology	deu: präpositional
deu: pornografisch	rel:etymology	deu: -isch
deu: Feuerteufel	rel:etymology	deu: Feuer
deu: metallorganisch	rel:etymology	deu: organisch
deu: schicksalhaft	rel:etymology	deu: -haft
deu: Vorname	rel:etymology	deu: vor-
deu: Zeitkapsel	rel:etymology	deu: Zeit
deu: überzeugen	rel:etymology	deu: über-
deu: Rang	rel:etymology	fra: rang
deu: Obsidian	rel:etymology	lat: obsidianus
deu: Bruttoreaktion	rel:etymology	deu: Reaktion
deu: langen	rel:etymology	gmh: langen
deu: Wegweiser	rel:etymology	deu: Weg
deu: aufnehmen	rel:etymology	deu: nehmen
deu: sterblich	rel:etymology	deu: sterben
deu: Stern	rel:etymology	goh: sterno
deu: Raufußbussard	rel:etymology	deu: rau
deu: Umwertung	rel:etymology	deu: -ung
deu: umgangssprachlich	rel:etymology	deu: Umgangssprache
deu: Georgierin	rel:etymology	deu: Georgier
deu: Papierkorb	rel:etymology	deu: Papier
deu: Schießpulver	rel:etymology	deu: Pulver
deu: nutznießerisch	rel:etymology	deu: Nutznießer
deu: instrumental	rel:etymology	fra: instrumental
deu: Körpergewicht	rel:etymology	deu: Gewicht
deu: abschreiben	rel:etymology	deu: schreiben
deu: Besetzung	rel:etymology	deu: besetzen
deu: beschreiben	rel:etymology	deu: schreiben
deu: Höckerschwan	rel:etymology	deu: Höcker
deu: Kifferin	rel:etymology	deu: Kiffer
deu: Wertbegriff	rel:etymology	deu: Wert
deu: äußere	rel:etymology	goh: uzaro
deu: Gefahrenhinweis	rel:etymology	deu: Hinweis
deu: Stute	rel:etymology	goh: stuot
deu: Atommasse	rel:etymology	deu: Masse
deu: Luftwaffe	rel:etymology	deu: Waffe
deu: Song	rel:etymology	eng: song
deu: sehen	rel:etymology	goh: sehan
deu: tirolerisch	rel:etymology	deu: Tiroler
deu: Unwägbarkeit	rel:etymology	deu: unwägbar
deu: welcher	rel:etymology	goh: welih
deu: cremen	rel:etymology	deu: Creme
deu: Weissstorch	rel:etymology	deu: weiss
deu: Technikerin	rel:etymology	deu: -in
deu: Borhydrid	rel:etymology	deu: Hydrid
deu: tuschen	rel:etymology	fra: toucher
deu: großväterlich	rel:etymology	deu: -lich
deu: Kartoffelbrei	rel:etymology	deu: Brei
deu: dahin	rel:etymology	deu: da
deu: Alexandra	rel:etymology	grc: Ἀλεξάνδρα
deu: skypen	rel:etymology	deu: -en
deu: Spätmittelalter	rel:etymology	deu: spät
deu: Alibifrau	rel:etymology	deu: Frau
deu: Rotrückenbussard	rel:etymology	deu: Rücken
deu: Espresso	rel:etymology	ita: espresso
deu: Anatomie	rel:etymology	lat: anatomia
deu: Eisenbahn	rel:etymology	deu: Bahn
deu: Stierkampf	rel:etymology	deu: Stier
deu: Marzipan	rel:etymology	ita: marzapane
deu: Minenministerium	rel:etymology	deu: Ministerium
deu: zurzeit	rel:etymology	deu: Zeit
deu: Panzerfaust	rel:etymology	deu: Panzer
deu: beißen	rel:etymology	goh: bizan
deu: Männlichkeit	rel:etymology	deu: männlich
deu: Lügner	rel:etymology	deu: lügen
deu: Fuß	rel:etymology	goh: fuoz
deu: Düngung	rel:etymology	deu: -ung
deu: Fusionsreaktor	rel:etymology	deu: Reaktor
deu: Sterblichkeit	rel:etymology	deu: -keit
deu: Pustekuchen	rel:etymology	deu: Kuchen
deu: Windpocken	rel:etymology	deu: Pocken
deu: Terminologie	rel:etymology	deu: Terminus
deu: abwerfen	rel:etymology	deu: werfen
deu: auslandsdeutsch	rel:etymology	deu: -s
deu: Übermaß	rel:etymology	deu: Maß
deu: Westen	rel:etymology	deu: West
deu: überfallen	rel:etymology	deu: fallen
deu: zusammenstellen	rel:etymology	deu: zusammen-
deu: Sicherheitsvorschrift	rel:etymology	deu: Vorschrift
deu: Einzugsparty	rel:etymology	deu: Einzug
deu: Trinkwasserfluoridierung	rel:etymology	deu: Fluoridierung
deu: pointiert	rel:etymology	fra: pointer
deu: Kofferwort	rel:etymology	deu: Koffer
deu: Bariumchlorid	rel:etymology	deu: Barium
deu: Fest	rel:etymology	gmh: fest
deu: Schwarzarbeiter	rel:etymology	deu: Arbeiter
deu: Depolarisation	rel:etymology	deu: Polarisation
deu: manövrierfähig	rel:etymology	deu: manövrieren
deu: Gewichtseinheit	rel:etymology	deu: Einheit
deu: Nützlichkeit	rel:etymology	deu: -keit
deu: Blechbüchse	rel:etymology	deu: Blech
deu: Freundchen	rel:etymology	deu: Freund
deu: Reibung	rel:etymology	deu: reiben
deu: Krinoline	rel:etymology	fra: crinoline
deu: Hand	rel:etymology	goh: hant
deu: verüben	rel:etymology	deu: üben
deu: Nass	rel:etymology	gmh: naz
deu: letztlich	rel:etymology	deu: -lich
deu: imaginär	rel:etymology	fra: imaginaire
deu: Pfarrer	rel:etymology	goh: pfarrari
deu: ertragen	rel:etymology	deu: tragen
deu: Wissenschaftlichkeit	rel:etymology	deu: -keit
deu: Fleisch	rel:etymology	goh: fleisk
deu: nachvollziehen	rel:etymology	deu: nach-
deu: Landschaftsgärtner	rel:etymology	deu: Gärtner
deu: einnehmen	rel:etymology	deu: ein-
deu: Braten	rel:etymology	goh: brāto
deu: frühmorgens	rel:etymology	deu: früh
deu: Massenunterschied	rel:etymology	deu: Unterschied
deu: Tibetfuchs	rel:etymology	deu: Fuchs
deu: Berylliumkupfer	rel:etymology	deu: Kupfer
deu: Fernseher	rel:etymology	deu: fernsehen
deu: ausmustern	rel:etymology	deu: aus-
deu: Linie	rel:etymology	goh: linia
deu: Klappspaten	rel:etymology	deu: klappen
deu: Besetzungsinversion	rel:etymology	deu: Besetzung
deu: Urgroßvater	rel:etymology	deu: Großvater
deu: Vati	rel:etymology	deu: Vater
deu: loyal	rel:etymology	fra: loyal
deu: erheben	rel:etymology	deu: er-
deu: Übergangsmetallkomplex	rel:etymology	deu: Übergangsmetall
deu: Vulkankaninchen	rel:etymology	deu: Vulkan
deu: nimmer	rel:etymology	deu: n-
deu: Sparschwein	rel:etymology	deu: sparen
deu: ausschließen	rel:etymology	deu: aus-
deu: Buntbarsch	rel:etymology	deu: Barsch
deu: Meerwasser	rel:etymology	deu: Meer
deu: Obolus	rel:etymology	grc: ὀβολός
deu: Dreier	rel:etymology	deu: drei
deu: entleeren	rel:etymology	deu: leeren
deu: hinausragen	rel:etymology	deu: ragen
deu: an	rel:etymology	goh: ana
deu: Bischöfin	rel:etymology	deu: Bischof
deu: Tongaer	rel:etymology	deu: Tonga
deu: Reiherente	rel:etymology	deu: Ente
deu: Bemerkung	rel:etymology	deu: merken
deu: Pöbel	rel:etymology	fra: peuple
deu: Gefühl	rel:etymology	deu: ge-
deu: bepflanzen	rel:etymology	deu: be-
deu: Dehalogenierung	rel:etymology	deu: de-
deu: verallgemeinern	rel:etymology	deu: allgemein
deu: Mondlicht	rel:etymology	deu: Mond
deu: de luxe	rel:etymology	fra: de luxe
deu: Theologie	rel:etymology	deu: -logie
deu: hochgestellt	rel:etymology	deu: gestellt
deu: Untergang	rel:etymology	deu: unter-
deu: Bodenbearbeitung	rel:etymology	deu: Boden
deu: Zeichenkette	rel:etymology	deu: Zeichen
deu: Fehldeutung	rel:etymology	deu: fehl-
deu: Kloß	rel:etymology	goh: klōz
deu: Leopardenhai	rel:etymology	deu: Leopard
deu: Mellitsäureanhydrid	rel:etymology	deu: Mellitsäure
deu: Wasserstoffbrennen	rel:etymology	deu: Brennen
deu: zweithäufigste	rel:etymology	deu: häufigste
deu: Flusspferd	rel:etymology	deu: Pferd
deu: Diät	rel:etymology	lat: diaeta
deu: raten	rel:etymology	goh: ratan
deu: leuchten	rel:etymology	goh: liuhten
deu: Standardwert	rel:etymology	deu: Standard
deu: Schmelzprozess	rel:etymology	deu: Prozess
deu: berechenbar	rel:etymology	deu: berechnen
deu: einziehen	rel:etymology	deu: ein-
deu: Steppenfuchs	rel:etymology	deu: Fuchs
deu: willkürlich	rel:etymology	deu: Willkür
deu: Tierärztin	rel:etymology	deu: Ärztin
deu: verzinnen	rel:etymology	deu: Zinn
deu: Industriezweig	rel:etymology	deu: Zweig
deu: Schwerwasser	rel:etymology	deu: schwer
deu: Trinkgeld	rel:etymology	deu: trinken
deu: messbar	rel:etymology	deu: messen
deu: Gram	rel:etymology	goh: gram
deu: klein	rel:etymology	goh: kleini
deu: abwehren	rel:etymology	deu: ab-
deu: Bioalkohol	rel:etymology	deu: Alkohol
deu: überlaufen	rel:etymology	deu: laufen
deu: verbrechen	rel:etymology	deu: ver-
deu: Laster	rel:etymology	goh: lastar
deu: verraten	rel:etymology	deu: ver-
deu: israelisch	rel:etymology	deu: -isch
deu: Stickstoffverbindung	rel:etymology	deu: Verbindung
deu: Guss	rel:etymology	goh: guz
deu: Kernkraft	rel:etymology	deu: Kern
deu: abschweifen	rel:etymology	deu: schweifen
deu: Nebensatz	rel:etymology	deu: neben-
deu: ausbrechen	rel:etymology	deu: aus-
deu: unter	rel:etymology	goh: untar
deu: bemitleidenswert	rel:etymology	deu: bemitleiden
deu: abtöten	rel:etymology	deu: töten
deu: Kürze	rel:etymology	goh: kurzi
deu: Eisenwaren	rel:etymology	deu: Eisen
deu: Unvollständigkeit	rel:etymology	deu: unvollständig
deu: Häufigkeit	rel:etymology	deu: -keit
deu: Verwechslung	rel:etymology	deu: -ung
deu: Titannitrid	rel:etymology	deu: Nitrid
deu: Rotfuchs	rel:etymology	deu: Fuchs
deu: er-	rel:etymology	goh: ir-
deu: Lagergeld	rel:etymology	deu: Lager
deu: Menge	rel:etymology	goh: managi
deu: Zöllnerin	rel:etymology	deu: -in
deu: Mikromotor	rel:etymology	deu: mikro-
deu: Salut	rel:etymology	fra: salut
deu: Berater	rel:etymology	deu: beraten
deu: Wellenleiter	rel:etymology	deu: Leiter
deu: Ingenieurwissenschaft	rel:etymology	deu: Wissenschaft
deu: Vormittag	rel:etymology	deu: Mittag
deu: Kambodschanerin	rel:etymology	deu: Kambodschaner
deu: Aminogruppe	rel:etymology	deu: Gruppe
deu: Weltanschauung	rel:etymology	deu: Welt
deu: unerlässlich	rel:etymology	deu: un-
deu: Einzugsparty	rel:etymology	deu: Party
deu: Gesamtstickstoffgehalt	rel:etymology	deu: gesamt
deu: abspalten	rel:etymology	deu: spalten
deu: Urknall	rel:etymology	deu: Knall
deu: Eindruck	rel:etymology	gmh: īndruc
deu: Girlande	rel:etymology	fra: guirlande
deu: Berylliumoxid	rel:etymology	deu: Oxid
deu: Wurstwasser	rel:etymology	deu: Wurst
deu: Entschuldigung	rel:etymology	deu: -ung
deu: abspecken	rel:etymology	deu: Speck
deu: Milchschlange	rel:etymology	deu: Schlange
deu: Metallverbindung	rel:etymology	deu: Metall
deu: Teilnehmer	rel:etymology	deu: teilnehmen
deu: leidenschaftslos	rel:etymology	deu: Leidenschaft
deu: Meeresspiegel	rel:etymology	deu: Meer
deu: Hausse	rel:etymology	fra: hausse
deu: Eisenbahn	rel:etymology	deu: Eisen
deu: Interpret	rel:etymology	lat: interpres
deu: Überangebot	rel:etymology	deu: über-
deu: tranchieren	rel:etymology	fra: tranche
deu: Magnetband	rel:etymology	deu: Band
deu: Löschmittel	rel:etymology	deu: löschen
deu: Abbruch	rel:etymology	deu: Bruch
deu: Abgasstrom	rel:etymology	deu: Strom
deu: Vakuumfluktuation	rel:etymology	deu: Fluktuation
deu: Datensicherung	rel:etymology	deu: Sicherung
deu: Blindheit	rel:etymology	deu: -heit
deu: Verspätung	rel:etymology	deu: -ung
deu: Schrödingergleichung	rel:etymology	deu: Gleichung
deu: Sonnenspektrum	rel:etymology	deu: Sonne
deu: inschriftlich	rel:etymology	deu: -lich
deu: Schwarzarbeit	rel:etymology	deu: Arbeit
deu: Arbeiterin	rel:etymology	deu: -in
deu: Leiterin	rel:etymology	deu: Leiter
deu: ursprünglich	rel:etymology	deu: Ursprung
deu: Endlösung	rel:etymology	deu: Lösung
deu: Strolch	rel:etymology	gsw: strollen
deu: auslaufen	rel:etymology	deu: aus-
deu: Verordnung	rel:etymology	deu: -ung
deu: Mittel	rel:etymology	goh: mittil
deu: Valenzelektron	rel:etymology	deu: Elektron
deu: Lärche	rel:etymology	gmh: lerche
deu: Haarknoten	rel:etymology	deu: Knoten
deu: mikronesisch	rel:etymology	deu: Mikronesien
deu: Rakete	rel:etymology	ita: rocchetta
deu: Molekülorbitaltheorie	rel:etymology	deu: Molekülorbital
deu: Ökotourismus	rel:etymology	deu: Tourismus
deu: Schatzkarte	rel:etymology	deu: Karte
deu: Abpfiff	rel:etymology	deu: Pfiff
deu: Lustigkeit	rel:etymology	deu: -keit
deu: Geisteszustand	rel:etymology	deu: Zustand
deu: bläulich	rel:etymology	deu: blau
deu: Zahnformel	rel:etymology	deu: Formel
deu: abblocken	rel:etymology	deu: blocken
deu: Engländer	rel:etymology	deu: -er
deu: Sicherheitsventil	rel:etymology	deu: Ventil
deu: leaken	rel:etymology	eng: leak
deu: schliessen	rel:etymology	gmh: sliezen
deu: stumm	rel:etymology	goh: stum
deu: Landschaftsgärtner	rel:etymology	deu: Landschaft
deu: Sendung	rel:etymology	deu: -ung
deu: lückenlos	rel:etymology	deu: -los
deu: Tetroxid	rel:etymology	deu: Oxid
deu: Bankleitzahl	rel:etymology	deu: Zahl
deu: Kabinett	rel:etymology	fra: cabinet
deu: Markenname	rel:etymology	deu: Marke
deu: Wasserstoffperoxid	rel:etymology	deu: Peroxid
deu: postfrisch	rel:etymology	deu: frisch
deu: Versorgung	rel:etymology	deu: -ung
deu: Nobelpreis	rel:etymology	deu: Preis
deu: Rufnummer	rel:etymology	deu: Nummer
deu: Eiszapfen	rel:etymology	deu: Eis
deu: Sternstunde	rel:etymology	deu: Stern
deu: Insektizid	rel:etymology	deu: -zid
deu: Galgen	rel:etymology	goh: galgo
deu: Pech	rel:etymology	goh: peh
deu: Bauindustrie	rel:etymology	deu: Industrie
deu: aushärten	rel:etymology	deu: aus-
deu: Oberende	rel:etymology	deu: ober-
deu: Pfeil	rel:etymology	goh: pfil
deu: Jordanier	rel:etymology	deu: -er
deu: Korallenfisch	rel:etymology	deu: Fisch
deu: Einbrecher	rel:etymology	deu: einbrechen
deu: betreffen	rel:etymology	deu: treffen
deu: kombinatorisch	rel:etymology	deu: Kombinator
deu: Stickstoffatmosphäre	rel:etymology	deu: Atmosphäre
deu: Kälte	rel:etymology	goh: kalti
deu: Wecken	rel:etymology	goh: wecki
deu: Feuerwehrfrau	rel:etymology	deu: Frau
deu: Stadtmitte	rel:etymology	deu: Stadt
deu: Visagist	rel:etymology	fra: visagiste
deu: Wirklichkeit	rel:etymology	deu: -keit
deu: Bindungsdissoziationsenergie	rel:etymology	deu: Bindung
deu: sauerstoffangereichert	rel:etymology	deu: angereichert
deu: aufrührerisch	rel:etymology	deu: -isch
deu: Mark	rel:etymology	gmh: marc
deu: Fußballspielerin	rel:etymology	deu: Fußballspieler
deu: Eingeschlossensein-Syndrom	rel:etymology	deu: sein
deu: hinterlassen	rel:etymology	deu: lassen
deu: Leute	rel:etymology	goh: liutī
deu: hochentzündlich	rel:etymology	deu: entzündlich
deu: Braunkohle	rel:etymology	deu: braun
deu: gähnen	rel:etymology	goh: ginen
deu: Zahltag	rel:etymology	deu: zahlen
deu: Gleichheit	rel:etymology	deu: -heit
deu: abkacken	rel:etymology	deu: kacken
deu: Springmesser	rel:etymology	deu: Messer
deu: bräunlich	rel:etymology	deu: -lich
deu: Schöpfkelle	rel:etymology	deu: schöpfen
deu: Wächter	rel:etymology	goh: wahtari
deu: ertrinken	rel:etymology	deu: trinken
deu: Lebensmittelindustrie	rel:etymology	deu: Industrie
deu: unterschreiben	rel:etymology	deu: schreiben
deu: Auftragsmörderin	rel:etymology	deu: Mörderin
deu: anstellen	rel:etymology	deu: an-
deu: Supergalaxienhaufen	rel:etymology	deu: super
deu: aufschließen	rel:etymology	deu: auf-
deu: entsprechen	rel:etymology	deu: sprechen
deu: Vollmond	rel:etymology	deu: voll
deu: Meerkatze	rel:etymology	deu: Katze
deu: Aktivierungsenergie	rel:etymology	deu: Energie
deu: Reihe	rel:etymology	gmh: rihe
deu: Boratom	rel:etymology	deu: Bor
deu: blassgelb	rel:etymology	deu: blass
deu: garantieren	rel:etymology	fra: garantir
deu: Anführer	rel:etymology	deu: an-
deu: einbetten	rel:etymology	deu: betten
deu: weitgehend	rel:etymology	deu: weit
deu: Energiezufuhr	rel:etymology	deu: Energie
deu: Einschätzung	rel:etymology	deu: schätzen
deu: Lichtspektrum	rel:etymology	deu: Licht
deu: Sekundant	rel:etymology	lat: secundantis
deu: Indogermanisch	rel:etymology	deu: indo-
deu: Erbrütung	rel:etymology	deu: erbrüten
deu: Neonatologin	rel:etymology	deu: -in
deu: Marktwirtschaft	rel:etymology	deu: Markt
deu: Lithiumbromid	rel:etymology	deu: Lithium
deu: Schlagobers	rel:etymology	deu: Schlag
deu: fehlerhaft	rel:etymology	deu: -haft
deu: Kopfschmerz	rel:etymology	deu: Schmerz
deu: Majorin	rel:etymology	deu: Major
deu: Abholzung	rel:etymology	deu: -ung
deu: Drosselung	rel:etymology	deu: -ung
deu: Täuschungsvorwurf	rel:etymology	deu: -s
deu: Weltanschauung	rel:etymology	deu: Anschauung
deu: unrealistisch	rel:etymology	deu: realistisch
deu: Vorjahr	rel:etymology	deu: Jahr
deu: zwischenzeitlich	rel:etymology	deu: -lich
deu: Kanapee	rel:etymology	fra: canapé
deu: Quantenzahl	rel:etymology	deu: Zahl
deu: Kreiselkompass	rel:etymology	deu: Kreisel
deu: Lehm	rel:etymology	goh: leimo
deu: Abgott	rel:etymology	deu: Gott
deu: da	rel:etymology	goh: dar
deu: dringlich	rel:etymology	deu: -lich
deu: More	rel:etymology	lat: mora
deu: Dorn	rel:etymology	goh: dorn
deu: Lebensqualität	rel:etymology	deu: Leben
deu: Mottenkugel	rel:etymology	deu: Kugel
deu: symmetrisch	rel:etymology	deu: -isch
deu: Ketschup	rel:etymology	msa: kicap
deu: Boutique	rel:etymology	fra: boutique
deu: Pentagramm	rel:etymology	grc: πεντάγραμμον
deu: englisch	rel:etymology	deu: Engel
deu: Ablenkung	rel:etymology	deu: ablenken
deu: erträglich	rel:etymology	deu: -lich
deu: Ferse	rel:etymology	goh: fersana
deu: abweisen	rel:etymology	deu: weisen
deu: Wasserstofflinie	rel:etymology	deu: Wasserstoff
deu: unorthodox	rel:etymology	deu: orthodox
deu: stundenlang	rel:etymology	deu: Stunden
deu: auswählen	rel:etymology	deu: wählen
deu: obstruieren	rel:etymology	lat: obstruere
deu: Stadtgebiet	rel:etymology	deu: Gebiet
deu: Porzellan	rel:etymology	ita: porcellana
deu: Wasserpfeife	rel:etymology	deu: Wasser
deu: Lambdasonde	rel:etymology	deu: Lambda
deu: mattgrau	rel:etymology	deu: matt
deu: Gasplanet	rel:etymology	deu: Gas
deu: Alphazerfall	rel:etymology	deu: Zerfall
deu: Citratzyklus	rel:etymology	deu: Citrat
deu: Aufgabe	rel:etymology	gmh: ufgabe
deu: Hallenbad	rel:etymology	deu: Bad
deu: Atmungskette	rel:etymology	deu: Kette
deu: Vagina	rel:etymology	lat: vagina
deu: Wasserspinne	rel:etymology	deu: Spinne
deu: Kontrollbox	rel:etymology	deu: Box
deu: dünn	rel:etymology	goh: dunni
deu: Bruderschaft	rel:etymology	deu: Bruder
deu: wehren	rel:etymology	goh: werien
deu: Hallo-Welt-Programm	rel:etymology	deu: Programm
deu: Marille	rel:etymology	ita: armellino
deu: Untersuchungsergebnis	rel:etymology	deu: Ergebnis
deu: Pferdestall	rel:etymology	deu: Stall
deu: Treff	rel:etymology	fra: trèfle
deu: Nuss	rel:etymology	goh: nuz
deu: Grundtyp	rel:etymology	deu: Grund
deu: bekommen	rel:etymology	deu: be-
deu: Delokalisierung	rel:etymology	deu: Lokalisierung
deu: Kriegszeit	rel:etymology	deu: Zeit
deu: Energiestoffwechsel	rel:etymology	deu: Stoffwechsel
deu: ausrichten	rel:etymology	deu: aus-
deu: zerfallen	rel:etymology	deu: zer-
deu: Lithiumnitrat	rel:etymology	deu: Lithium
deu: missbräuchlicherweise	rel:etymology	deu: -weise
deu: Chlortrifluorid	rel:etymology	deu: Trifluorid
deu: Teilchenphysik	rel:etymology	deu: Teilchen
deu: Eisbohrkern	rel:etymology	deu: Bohr
deu: asymmetrisch	rel:etymology	deu: symmetrisch
deu: Nachweisgrenze	rel:etymology	deu: Nachweis
deu: Viralsatz	rel:etymology	deu: Satz
deu: Großpudel	rel:etymology	deu: groß
deu: Fluorchlorkohlenwasserstoff	rel:etymology	deu: Kohlenwasserstoff
deu: Gila-Krustenechse	rel:etymology	deu: Echse
deu: photoaktiviert	rel:etymology	deu: photo-
deu: Abart	rel:etymology	deu: Art
deu: urgeschichtlich	rel:etymology	deu: -lich
deu: Sonnenfinsternis	rel:etymology	deu: Sonne
deu: dreizehn	rel:etymology	goh: drizehan
deu: Abstimmung	rel:etymology	deu: -ung
deu: Kreuzbein	rel:etymology	deu: Bein
deu: Atmosphärenchemie	rel:etymology	deu: Atmosphäre
deu: Magnetresonanzspektroskopie	rel:etymology	deu: Resonanz
deu: Nullpunkt	rel:etymology	deu: Null
deu: verfügen	rel:etymology	deu: fügen
deu: Kaliumchlorat	rel:etymology	deu: Chlorat
deu: vorherrschen	rel:etymology	deu: vor-
deu: Kerzenflamme	rel:etymology	deu: Kerze
deu: Stachelbeere	rel:etymology	deu: Stachel
deu: Mordbeginn	rel:etymology	deu: Beginn
deu: Programmiererin	rel:etymology	deu: Programmierer
deu: tiefschwarz	rel:etymology	deu: tief
deu: Vogel	rel:etymology	goh: fogal
deu: kreißen	rel:etymology	gmh: krizen
deu: banalisieren	rel:etymology	fra: banaliser
deu: Panzerabwehrkanone	rel:etymology	deu: Panzer
deu: Unzufriedenheit	rel:etymology	deu: unzufrieden
deu: zusammenkommen	rel:etymology	deu: zusammen-
deu: berylliumhaltig	rel:etymology	deu: Beryllium
deu: Schifffahrt	rel:etymology	deu: Fahrt
deu: niederschlagen	rel:etymology	deu: schlagen
deu: Sau	rel:etymology	goh: su
deu: Kernverschmelzung	rel:etymology	deu: Verschmelzung
deu: Zähflüssigkeit	rel:etymology	deu: zähflüssig
deu: nachdenken	rel:etymology	deu: denken
deu: abwiegen	rel:etymology	deu: wiegen
deu: Elefantenrüsselmuschel	rel:etymology	deu: Muschel
deu: Nachtessen	rel:etymology	deu: Nacht
deu: zwingen	rel:etymology	gmh: twingen
deu: Langschwanzkatze	rel:etymology	deu: lang
deu: Typsystem	rel:etymology	deu: System
deu: blutrot	rel:etymology	deu: Blut
deu: Wölfin	rel:etymology	deu: -in
deu: städtisch	rel:etymology	deu: -isch
deu: Chirurgin	rel:etymology	deu: -in
deu: Tapete	rel:etymology	lat: tapeta
deu: siegessicher	rel:etymology	deu: Sieg
deu: Geisterstunde	rel:etymology	deu: Geist
deu: Jungfrau	rel:etymology	deu: jung
deu: Jargon	rel:etymology	fra: jargon
deu: Bedarf	rel:etymology	gml: bedarf
deu: Überrest	rel:etymology	deu: Rest
deu: sächlich	rel:etymology	deu: Sache
deu: Zweier	rel:etymology	deu: -er
deu: Territorium	rel:etymology	lat: terra
deu: Karteikasten	rel:etymology	deu: Kasten
deu: Wassergas	rel:etymology	deu: Gas
deu: Vielzahl	rel:etymology	deu: Zahl
deu: ausländerfeindlich	rel:etymology	deu: feindlich
deu: Musikantenwagen	rel:etymology	deu: Musikanten
deu: Geisterbahn	rel:etymology	deu: Bahn
deu: Hauptquelle	rel:etymology	deu: Haupt
deu: Ketogruppe	rel:etymology	deu: Keto
deu: Dichtband	rel:etymology	deu: dichten
deu: gabunisch	rel:etymology	deu: -isch
deu: Hydroxidion	rel:etymology	deu: Ion
deu: Reinigungsvalidierung	rel:etymology	deu: Validierung
deu: Geschwindigkeitsmesser	rel:etymology	deu: Geschwindigkeit
deu: runterkippen	rel:etymology	deu: kippen
deu: Umwelt	rel:etymology	deu: Welt
deu: Waschbecken	rel:etymology	deu: waschen
deu: Schlagader	rel:etymology	deu: Ader
deu: lebendig	rel:etymology	deu: -ig
deu: Relaiskontakt	rel:etymology	deu: Relais
deu: umkehren	rel:etymology	deu: um-
deu: missbräuchlicherweise	rel:etymology	deu: missbräuchlich
deu: Hydroxyketon	rel:etymology	deu: Keton
deu: Herzkrankheit	rel:etymology	deu: Krankheit
deu: gegenwärtig	rel:etymology	deu: Gegenwart
deu: Schlafstörung	rel:etymology	deu: Störung
deu: asiatische Wildkatze	rel:etymology	deu: Wildkatze
deu: doch	rel:etymology	gmh: doch
deu: Kieselstein	rel:etymology	deu: Stein
deu: Pomade	rel:etymology	fra: pommade
deu: Arbeiterklasse	rel:etymology	deu: Arbeiter
deu: Sprache	rel:etymology	goh: sprahha
deu: unvermeidlich	rel:etymology	deu: un-
deu: Entrüstung	rel:etymology	deu: -ung
deu: demokratisch	rel:etymology	deu: -isch
deu: wegschießen	rel:etymology	deu: schießen
deu: Mafia	rel:etymology	ita: mafia
deu: brechen	rel:etymology	goh: brehhan
deu: Nummer	rel:etymology	deu: numerus
deu: Rückschlag	rel:etymology	deu: rück-
deu: Hauptprozessor	rel:etymology	deu: Prozessor
deu: Beninerin	rel:etymology	deu: Beniner
deu: echauffieren	rel:etymology	fra: échauffer
deu: Niemandsland	rel:etymology	deu: niemand
deu: Ökologe	rel:etymology	deu: öko-
deu: Rückgang	rel:etymology	deu: rück-
deu: Betriebsbedingung	rel:etymology	deu: Bedingung
deu: Radwechsel	rel:etymology	deu: Wechsel
deu: Glühwein	rel:etymology	deu: glühen
deu: ähnlich	rel:etymology	deu: -lich
deu: Entschwefelung	rel:etymology	deu: ent-
deu: überqueren	rel:etymology	deu: queren
deu: Lack	rel:etymology	ita: lacca
deu: Schutzmann	rel:etymology	deu: Schutz
deu: Geflügelpest	rel:etymology	deu: Pest
deu: anglonormannisch	rel:etymology	deu: anglo-
deu: Rüsche	rel:etymology	fra: ruche
deu: essbar	rel:etymology	deu: essen
deu: Abgabe	rel:etymology	deu: Gabe
deu: Goldesel	rel:etymology	deu: Gold
deu: schaffen	rel:etymology	goh: scaffan
deu: Ressentiment	rel:etymology	fra: ressentiment
deu: sprachwissenschaftlich	rel:etymology	deu: Sprachwissenschaft
deu: wörtlich	rel:etymology	deu: -lich
deu: Metaller	rel:etymology	deu: Metall
deu: Markt	rel:etymology	goh: marchat
deu: Ethylenoxid	rel:etymology	deu: Ethylen
deu: Supersäure	rel:etymology	deu: super-
deu: kamerunisch	rel:etymology	deu: -isch
deu: Schreibtisch	rel:etymology	deu: schreiben
deu: Karelisch	rel:etymology	deu: -isch
deu: Fischschwarm	rel:etymology	deu: Fisch
deu: panieren	rel:etymology	fra: paner
deu: Gesamtmasse	rel:etymology	deu: Masse
deu: Aorta	rel:etymology	grc: ἀορτή
deu: Taschentuch	rel:etymology	deu: Tuch
deu: verplempern	rel:etymology	deu: ver-
deu: Tansanierin	rel:etymology	deu: Tansanier
deu: Altjapanisch	rel:etymology	deu: alt
deu: päpstlich	rel:etymology	deu: Papst
deu: Siliziumcarbid	rel:etymology	deu: Silizium
deu: unvermischt	rel:etymology	deu: un-
deu: tiefgreifend	rel:etymology	deu: tief
deu: Mango	rel:etymology	eng: mango
deu: Rampe	rel:etymology	fra: rampe
deu: ordinär	rel:etymology	fra: ordinaire
deu: Fusionsenergie	rel:etymology	deu: Energie
deu: massiv	rel:etymology	fra: massif
deu: Ragout	rel:etymology	fra: ragoût
deu: journalistisch	rel:etymology	deu: -isch
deu: Flüssigtreibstoffrakete	rel:etymology	deu: Flüssigtreibstoff
deu: ackerbaulich	rel:etymology	deu: Ackerbau
deu: vertraulich	rel:etymology	deu: vertrauen
deu: Heuler	rel:etymology	deu: -er
deu: Atelier	rel:etymology	fra: atelier
deu: Kriechverhalten	rel:etymology	deu: Kriech
deu: litauisch	rel:etymology	deu: -isch
deu: Flüchtling	rel:etymology	deu: -ling
deu: Palatschinke	rel:etymology	ces: palačinka
deu: unrealistisch	rel:etymology	deu: un-
deu: Versorgung	rel:etymology	deu: versorgen
deu: Unglück	rel:etymology	deu: un-
deu: Affenente	rel:etymology	deu: Affe
deu: Sonnenbrille	rel:etymology	deu: Sonne
deu: Schweigegeld	rel:etymology	deu: Geld
deu: wackelig	rel:etymology	deu: -ig
deu: Phasendiagramm	rel:etymology	deu: Diagramm
deu: einbetonieren	rel:etymology	deu: -ieren
deu: Darbietung	rel:etymology	deu: -ung
deu: Astrologie	rel:etymology	deu: -logie
deu: Mittelniederdeutsch	rel:etymology	deu: mittel
deu: Abklärung	rel:etymology	deu: -ung
deu: Klimaforschung	rel:etymology	deu: Klima
deu: Lähmung	rel:etymology	deu: lähmen
deu: gebraucht	rel:etymology	deu: gebrauchen
deu: Vogelkunde	rel:etymology	deu: Vogel
deu: Wasserstoffgas	rel:etymology	deu: Wasserstoff
deu: Kolbenente	rel:etymology	deu: Ente
deu: Kohlenstoffchemie	rel:etymology	deu: Chemie
deu: Abmachung	rel:etymology	deu: abmachen
deu: Chromsäure	rel:etymology	deu: Chrom
deu: Waldeinsamkeit	rel:etymology	deu: Wald
deu: Gegnerin	rel:etymology	deu: -in
deu: Himmelslicht	rel:etymology	deu: Himmel
deu: Leichentuch	rel:etymology	deu: Leiche
deu: Holzquirl	rel:etymology	deu: Quirl
deu: Weib	rel:etymology	goh: wīb
deu: Feuerwehrfrau	rel:etymology	deu: Feuerwehr
deu: Übersichtlichkeit	rel:etymology	deu: -keit
deu: Durchführung	rel:etymology	deu: durchführen
deu: Leistung	rel:etymology	deu: leisten
deu: überraschenderweise	rel:etymology	deu: überraschend
deu: Altertum	rel:etymology	deu: -tum
deu: Ehre	rel:etymology	goh: era
deu: Reichsjude	rel:etymology	deu: Reich
deu: Elementhäufigkeit	rel:etymology	deu: Element
deu: Roman	rel:etymology	lat: Romanus
deu: albanisch	rel:etymology	deu: -isch
deu: Separee	rel:etymology	fra: séparée
deu: Fässchen	rel:etymology	deu: -chen
deu: Gendarm	rel:etymology	fra: gendarme
deu: Feigenbaum	rel:etymology	deu: Feige
deu: Sonnenkorona	rel:etymology	deu: Sonne
deu: Bachelor	rel:etymology	eng: bachelor
deu: Fernzug	rel:etymology	deu: Zug
deu: rechtlich	rel:etymology	deu: -lich
deu: werden	rel:etymology	gmh: werden
deu: Engländer	rel:etymology	deu: England
deu: aufrüsten	rel:etymology	deu: rüsten
deu: Mittelschule	rel:etymology	deu: Schule
deu: Aalmolch	rel:etymology	deu: Aal
deu: inner	rel:etymology	goh: innar
deu: wassergekühlt	rel:etymology	deu: Wasser
deu: staatenlos	rel:etymology	deu: -los
deu: Nierenfunktion	rel:etymology	deu: Funktion
deu: Holzschutzmittel	rel:etymology	deu: Mittel
deu: Grundstoff	rel:etymology	deu: Stoff
deu: Saatkrähe	rel:etymology	deu: Krähe
deu: Infrarotteleskop	rel:etymology	deu: Infrarot
deu: fehlbar	rel:etymology	deu: -bar
deu: Schopf	rel:etymology	gmh: schopf
deu: erziehen	rel:etymology	deu: er-
deu: Lithiumacetat	rel:etymology	deu: Lithium
deu: Rat	rel:etymology	goh: rat
deu: Ökotourismus	rel:etymology	deu: öko-
deu: Collage	rel:etymology	fra: collage
deu: Aluminiumherstellung	rel:etymology	deu: Herstellung
deu: Ursprache	rel:etymology	deu: Sprache
deu: weit	rel:etymology	goh: wit
deu: Bräunung	rel:etymology	deu: braun
deu: Sicherheitsventil	rel:etymology	deu: Sicherheit
deu: Ausschlussverfahren	rel:etymology	deu: Ausschluss
deu: ausbrechen	rel:etymology	deu: brechen
deu: Achtung	rel:etymology	deu: -ung
deu: lassen	rel:etymology	gmh: lazzen
deu: Einmaleins	rel:etymology	deu: mal
deu: Verbundenheit	rel:etymology	deu: verbunden
deu: Millionär	rel:etymology	fra: millionnaire
deu: Gamasche	rel:etymology	fra: gamache
deu: zügellos	rel:etymology	deu: Zügel
deu: Tänzer	rel:etymology	deu: -er
deu: Ethnologe	rel:etymology	deu: -loge
deu: Streuselkuchen	rel:etymology	deu: Streusel
deu: hochreaktiv	rel:etymology	deu: hoch
deu: Roulette	rel:etymology	fra: roulette
deu: Helium	rel:etymology	lat: helium
deu: volljährig	rel:etymology	deu: voll
deu: licht	rel:etymology	gmh: liecht
deu: Samtente	rel:etymology	deu: Ente
deu: Edelgas	rel:etymology	deu: Gas
deu: Disulfid	rel:etymology	deu: di-
deu: teilbesetzt	rel:etymology	deu: teil
deu: Limit	rel:etymology	eng: limit
deu: Erprobung	rel:etymology	deu: -ung
deu: teilweise	rel:etymology	deu: -weise
deu: Ass	rel:etymology	fra: as
deu: Quanteneigenschaft	rel:etymology	deu: Eigenschaft
deu: kernphysikalisch	rel:etymology	deu: Kern
deu: Hilfe	rel:etymology	gmh: helfe
deu: Heteroatom	rel:etymology	deu: Atom
deu: Buchstabensuppe	rel:etymology	deu: Buchstabe
deu: Monsunzeit	rel:etymology	deu: Zeit
deu: Gulasch	rel:etymology	hun: gulyás
deu: Schallgeschwindigkeit	rel:etymology	deu: Schall
deu: Aluminiumnitrid	rel:etymology	deu: Nitrid
deu: ausmachen	rel:etymology	deu: machen
deu: Bodennähe	rel:etymology	deu: Boden
deu: Graphitfluorid	rel:etymology	deu: Fluorid
deu: Arzneimittelgesetz	rel:etymology	deu: Arzneimittel
deu: Manöver	rel:etymology	fra: manœuvre
deu: Sekundenbruchteil	rel:etymology	deu: Bruchteil
deu: Handelsname	rel:etymology	deu: Name
deu: einbetten	rel:etymology	deu: ein-
deu: Krater	rel:etymology	lat: crater
deu: Eigenheit	rel:etymology	deu: -heit
deu: Fährmann	rel:etymology	deu: Fähre
deu: Schweröl	rel:etymology	deu: Öl
deu: möblieren	rel:etymology	deu: Möbel
deu: Zellstruktur	rel:etymology	deu: Zell
deu: Taxameter	rel:etymology	lat: taxa
deu: Basar	rel:etymology	ota: بازار
deu: Hausbesetzerin	rel:etymology	deu: Haus
deu: sättigen	rel:etymology	deu: satt
deu: Herrlichkeit	rel:etymology	gmh: herlicheit
deu: Anschluss	rel:etymology	deu: anschließen
deu: flüchtig	rel:etymology	deu: -ig
deu: nähren	rel:etymology	goh: nerien
deu: Knast	rel:etymology	yid: קנס
deu: woher	rel:etymology	deu: wo
deu: Neonlampe	rel:etymology	deu: Lampe
deu: Rückblende	rel:etymology	deu: rück-
deu: photoaktiviert	rel:etymology	deu: aktiviert
deu: gleichgeschlechtlich	rel:etymology	deu: geschlechtlich
deu: Hinternvoll	rel:etymology	deu: voll
deu: übergehen	rel:etymology	deu: über-
deu: passabel	rel:etymology	fra: passable
deu: Untergrund	rel:etymology	deu: unter-
deu: desillusionieren	rel:etymology	fra: désillusionner
deu: Kommune 1	rel:etymology	deu: 1
deu: Ameisenbär	rel:etymology	deu: Bär
deu: Antiguanerin	rel:etymology	deu: Antiguaner
deu: Beamtendeutsch	rel:etymology	deu: Beamten
deu: Alphateilchen	rel:etymology	deu: Alpha
deu: Krematorium	rel:etymology	lat: cremare
deu: Leuchtturm	rel:etymology	deu: Turm
deu: abkühlen	rel:etymology	deu: kühlen
deu: Haubitze	rel:etymology	ces: houfnice
deu: vorrätig	rel:etymology	deu: Vorrat
deu: zerfallen	rel:etymology	deu: fallen
deu: Leistungssteigerung	rel:etymology	deu: Steigerung
deu: Hospitation	rel:etymology	deu: -ation
deu: antiparallel	rel:etymology	deu: parallel
deu: verprügeln	rel:etymology	deu: ver-
deu: geschmacksneutral	rel:etymology	deu: Geschmack
deu: erfahren	rel:etymology	deu: er-
deu: durchgehen	rel:etymology	deu: gehen
deu: Tabakrauch	rel:etymology	deu: Tabak
deu: Landmine	rel:etymology	deu: Land
deu: Kämpfer	rel:etymology	deu: -er
deu: Übermaß	rel:etymology	deu: über-
deu: Knochenbrüchigkeit	rel:etymology	deu: Brüchigkeit
deu: Strahlungsdichte	rel:etymology	deu: Dichte
deu: Indonesierin	rel:etymology	deu: -in
deu: Fürst	rel:etymology	goh: furisto
deu: Mundwasser	rel:etymology	deu: Wasser
deu: Marianne	rel:etymology	fra: Marianne
deu: Vollwaschmittel	rel:etymology	deu: Waschmittel
deu: Ausfertigung	rel:etymology	deu: ausfertigen
deu: Legierungszusatz	rel:etymology	deu: Legierung
deu: Sauerstoffanreicherung	rel:etymology	deu: Sauerstoff
deu: demütigen	rel:etymology	deu: demütig
deu: Vorspiel	rel:etymology	deu: vor-
deu: Killerin	rel:etymology	deu: -in
deu: Gelenk	rel:etymology	goh: lanca
deu: Untersuchung	rel:etymology	deu: untersuchen
deu: Grundlage	rel:etymology	deu: Grund
deu: Deregulierung	rel:etymology	deu: de-
deu: Rückgewinnung	rel:etymology	deu: Gewinnung
deu: Gelaber	rel:etymology	deu: ge-
deu: Erdkunde	rel:etymology	deu: Erde
deu: Komplettierung	rel:etymology	deu: -ung
deu: aufwühlen	rel:etymology	deu: wühlen
deu: elektrostatisch	rel:etymology	deu: elektro-
deu: Rand	rel:etymology	goh: rant
deu: vorgeblich	rel:etymology	deu: vorgeben
deu: flexibel	rel:etymology	lat: flexibilis
deu: Texas-Klapperschlange	rel:etymology	deu: Klapperschlange
deu: Flughafen	rel:etymology	deu: Flug
deu: bosnisch	rel:etymology	deu: Bosnien
deu: metallisch	rel:etymology	deu: Metall
deu: wehrlos	rel:etymology	deu: Wehr
deu: Eisregen	rel:etymology	deu: Regen
deu: Hitze	rel:etymology	goh: hizze
deu: Gasthof	rel:etymology	deu: Gast
deu: aussterben	rel:etymology	deu: aus-
deu: Ökosystem	rel:etymology	deu: öko-
deu: abdanken	rel:etymology	deu: danken
deu: lettisch	rel:etymology	deu: Lette
deu: Helge	rel:etymology	non: Helgi
deu: Behüter	rel:etymology	deu: -er
deu: Brudermord	rel:etymology	deu: Mord
deu: Philologe	rel:etymology	deu: -loge
deu: verlassen	rel:etymology	goh: firlazzan
deu: fettig	rel:etymology	deu: Fett
deu: Pokal	rel:etymology	ita: boccale
deu: vielfach	rel:etymology	deu: -fach
deu: karelisch	rel:etymology	deu: Karelien
deu: Taxameter	rel:etymology	lat: metrum
deu: Stecken	rel:etymology	goh: stecko
deu: Pfuscher	rel:etymology	deu: Pfusch
deu: wiederholen	rel:etymology	deu: wieder-
deu: urheberrechtlich	rel:etymology	deu: -lich
deu: glasieren	rel:etymology	deu: -ieren
deu: Springmesser	rel:etymology	deu: springen
deu: apokalyptisch	rel:etymology	deu: -isch
deu: Ja	rel:etymology	deu: ja
deu: Reinlichkeit	rel:etymology	deu: -keit
deu: verstehen	rel:etymology	deu: ver-
deu: verlieren	rel:etymology	goh: firliosan
deu: Fladen	rel:etymology	goh: flado
deu: Salzwasserfisch	rel:etymology	deu: Salzwasser
deu: Draht	rel:etymology	goh: drat
deu: nicken	rel:etymology	goh: nicchen
deu: biologisch	rel:etymology	deu: Biologie
deu: Durchschnittstemperatur	rel:etymology	deu: Durchschnitt
deu: Muttersprachler	rel:etymology	deu: -er
deu: Lucianerin	rel:etymology	deu: Lucianer
deu: Pfahl	rel:etymology	goh: pfal
deu: Erdöl	rel:etymology	deu: Erde
deu: uranhaltig	rel:etymology	deu: Uran
deu: Volksrepublik Bangladesch	rel:etymology	deu: Bangladesch
deu: Mexiko	rel:etymology	spa: México
deu: Schmiedin	rel:etymology	deu: -in
deu: Kohlenstoffgruppe	rel:etymology	deu: Kohlenstoff
deu: Kanne	rel:etymology	lat: canne
deu: Fluorierungstechnik	rel:etymology	deu: Fluorierung
deu: Altlatein	rel:etymology	deu: alt
deu: Akkordion	rel:etymology	deu: Akkord
deu: gesundheitsschädlich	rel:etymology	deu: Gesundheit
deu: Chuzpe	rel:etymology	yid: חוצפּה
deu: Plattitüde	rel:etymology	fra: platitude
deu: Zellstruktur	rel:etymology	deu: Struktur
deu: Heizer	rel:etymology	deu: -er
deu: Heute	rel:etymology	goh: hiutu
deu: Fernsprecher	rel:etymology	deu: fern
deu: Drogerie	rel:etymology	fra: droguerie
deu: einbläuen	rel:etymology	deu: blau
deu: Wiederholung	rel:etymology	deu: -ung
deu: verständlich	rel:etymology	deu: verstehen
deu: quantenmechanisch	rel:etymology	deu: Quant
deu: Demobilisierung	rel:etymology	deu: demobilisieren
deu: erledigen	rel:etymology	deu: ledig
deu: faustisch	rel:etymology	deu: Faust
deu: Pisser	rel:etymology	deu: pissen
deu: Temperaturbereich	rel:etymology	deu: Temperatur
deu: Sauerstoff	rel:etymology	deu: Stoff
deu: Veranstaltung	rel:etymology	deu: -ung
deu: Uhrmacher	rel:etymology	deu: Uhr
deu: Sommer	rel:etymology	goh: sumar
deu: wählbar	rel:etymology	deu: -bar
deu: Schoß	rel:etymology	goh: scozo
deu: Unfehlbarkeit	rel:etymology	deu: unfehlbar
deu: Anilingelb	rel:etymology	deu: Anilin
deu: Grundlagenforschung	rel:etymology	deu: Forschung
deu: Hauptschlagader	rel:etymology	deu: Schlagader
deu: Leichtbau	rel:etymology	deu: leicht
deu: Ukelei	rel:etymology	pol: ukleja
deu: Lachs	rel:etymology	gmh: lahs
deu: Spätlese	rel:etymology	deu: spät
deu: Endlösung	rel:etymology	deu: Ende
deu: Lebensgemeinschaft	rel:etymology	deu: Gemeinschaft
deu: belohnen	rel:etymology	deu: lohnen
deu: abwerben	rel:etymology	deu: werben
deu: Altschwedisch	rel:etymology	deu: Schwedisch
deu: Temperaturbeständigkeit	rel:etymology	deu: Beständigkeit
deu: Gitterparameter	rel:etymology	deu: Gitter
deu: nieder	rel:etymology	goh: nidar
deu: Fremdatom	rel:etymology	deu: fremd
deu: Gehorsamkeit	rel:etymology	deu: gehorsam
deu: Zugversuch	rel:etymology	deu: Versuch
deu: Kernreaktor	rel:etymology	deu: Reaktor
deu: Stiftung	rel:etymology	deu: stiften
deu: energieliefernd	rel:etymology	deu: Energie
deu: kulant	rel:etymology	fra: coulant
deu: zoffen	rel:etymology	deu: Zoff
deu: hineingehen	rel:etymology	deu: gehen
deu: Heide	rel:etymology	goh: heidano
deu: nachschlagen	rel:etymology	deu: schlagen
deu: Besetzungsinversion	rel:etymology	deu: Inversion
deu: steckbrieflich	rel:etymology	deu: -lich
deu: erhöhen	rel:etymology	deu: er-
deu: Zellteilung	rel:etymology	deu: Zell
deu: Stoffmengenanteil	rel:etymology	deu: Anteil
deu: Rampenlicht	rel:etymology	deu: Licht
deu: Weltall	rel:etymology	deu: Welt
deu: Radiergummi	rel:etymology	deu: radieren
deu: Ereignis	rel:etymology	deu: -nis
deu: regen	rel:etymology	gmh: regen
deu: Kontrollkästchen	rel:etymology	deu: Kontroll-
deu: beistehen	rel:etymology	deu: bei-
deu: welche	rel:etymology	goh: welih
deu: Kleidungsstück	rel:etymology	deu: Kleidung
deu: Segen	rel:etymology	goh: segan
deu: Abrede	rel:etymology	deu: ab-
deu: aufmachen	rel:etymology	deu: auf-
deu: Verwechslungsgefahr	rel:etymology	deu: Gefahr
deu: Kohlenwasserstoffrest	rel:etymology	deu: Rest
deu: Zeichnung	rel:etymology	deu: zeichnen
deu: Datsche	rel:etymology	rus: дача
deu: Seeanemone	rel:etymology	deu: See
deu: Arbeitsgruppe	rel:etymology	deu: Arbeit
deu: opponieren	rel:etymology	lat: oppono
deu: Diwasserstoff	rel:etymology	deu: Wasserstoff
deu: Billard	rel:etymology	fra: billard
deu: Brocken	rel:etymology	goh: brocco
deu: liebevoll	rel:etymology	deu: -voll
deu: Tyrann	rel:etymology	lat: tyrannus
deu: arglistig	rel:etymology	deu: Arglist
deu: unwissenschaftlich	rel:etymology	deu: wissenschaftlich
deu: faltig	rel:etymology	deu: -ig
deu: wegwerfen	rel:etymology	deu: weg-
deu: Kohlenstofffaser	rel:etymology	deu: Faser
deu: Weinlese	rel:etymology	deu: Wein
deu: auftauchen	rel:etymology	deu: tauchen
deu: malerisch	rel:etymology	deu: Maler
deu: Berylliumacetat	rel:etymology	deu: Beryllium
deu: schauerlich	rel:etymology	deu: -lich
deu: Melasse	rel:etymology	fra: mélasse
deu: frikassieren	rel:etymology	fra: fricasser
deu: Baumkunde	rel:etymology	deu: Baum
deu: Neutroneneinfang	rel:etymology	deu: Neutron
deu: Reglement	rel:etymology	fra: réglement
deu: fassen	rel:etymology	gmh: fazzon
deu: Zarathustrismus	rel:etymology	deu: Zarathustra
deu: Magnetfeld	rel:etymology	deu: Magnet
deu: absterben	rel:etymology	deu: ab-
deu: ketzerisch	rel:etymology	deu: -isch
deu: Kaplöwe	rel:etymology	deu: Löwe
deu: zweifach	rel:etymology	deu: zwei
deu: wir	rel:etymology	gmh: wir
deu: Berufskrankheit	rel:etymology	deu: Beruf
deu: kokettieren	rel:etymology	fra: coqueter
deu: altirisch	rel:etymology	deu: alt
deu: Neutronenquelle	rel:etymology	deu: Neutron
deu: Weberin	rel:etymology	deu: -in
deu: nonchalant	rel:etymology	fra: nonchalant
deu: Trend	rel:etymology	eng: trend
deu: Rhetorik	rel:etymology	gmh: rhetorica
deu: Morgenstern	rel:etymology	deu: Stern
deu: Bankgeheimnis	rel:etymology	deu: Geheimnis
deu: ausdruckslos	rel:etymology	deu: -los
deu: Naturkunde	rel:etymology	deu: Natur
deu: Haupt	rel:etymology	goh: houbit
deu: angehen	rel:etymology	deu: gehen
deu: Sparschwein	rel:etymology	deu: Schwein
deu: altkoreanisch	rel:etymology	deu: koreanisch
deu: Lebensstil	rel:etymology	deu: Leben
deu: Vulkankaninchen	rel:etymology	deu: Kaninchen
deu: Minibildchen	rel:etymology	deu: Bild
deu: Zeitraum	rel:etymology	deu: Raum
deu: Kernfamilie	rel:etymology	deu: Kern
deu: selbstverständlich	rel:etymology	deu: verständlich
deu: Treppenhaus	rel:etymology	deu: Treppe
deu: kommissarisch	rel:etymology	deu: -isch
deu: Sicherheitsdatenblatt	rel:etymology	deu: Datenblatt
deu: Botanikerin	rel:etymology	deu: Botaniker
deu: versenden	rel:etymology	deu: senden
deu: Fliegerei	rel:etymology	deu: fliegen
deu: Intelligenz	rel:etymology	lat: intellegentia
deu: Strandwächter	rel:etymology	deu: Wächter
deu: Physiologe	rel:etymology	deu: -loge
deu: rasiert	rel:etymology	deu: Rasur
deu: revanchieren	rel:etymology	fra: revancher
deu: Übermensch	rel:etymology	deu: über-
deu: Firma	rel:etymology	ita: firma
deu: Schnellzug	rel:etymology	deu: Zug
deu: Bodenlebewesen	rel:etymology	deu: Boden
deu: Fragmentierung	rel:etymology	deu: fragmentieren
deu: Motorsäge	rel:etymology	deu: Säge
deu: Berylliumcarbid	rel:etymology	deu: Beryllium
deu: Bortrichlorid	rel:etymology	deu: Trichlorid
deu: Schleimhaut	rel:etymology	deu: Schleim
deu: Rettungsboot	rel:etymology	deu: Rettung
deu: Tontaube	rel:etymology	deu: Taube
deu: meliert	rel:etymology	fra: mêlé
deu: Arzt	rel:etymology	gmh: arzet
deu: Kardinalzahl	rel:etymology	deu: Zahl
deu: Suprafluidität	rel:etymology	deu: supra-
deu: Mikrowellenherd	rel:etymology	deu: Herd
deu: Wesfall	rel:etymology	deu: Fall
deu: Fluorvergiftung	rel:etymology	deu: Vergiftung
deu: Summenformel	rel:etymology	deu: Summe
deu: Gesetzwidrigkeit	rel:etymology	deu: gesetzwidrig
deu: Armbrust	rel:etymology	deu: Arm
deu: Genauigkeit	rel:etymology	deu: -igkeit
deu: Wirbelsäule	rel:etymology	deu: Säule
deu: hierher	rel:etymology	deu: her
deu: portabel	rel:etymology	fra: portable
deu: Zeitlupe	rel:etymology	deu: Lupe
deu: Hochschule	rel:etymology	deu: hoch
deu: bedeuten	rel:etymology	deu: deuten
deu: Jamaikaner	rel:etymology	deu: -er
deu: Radikalkur	rel:etymology	deu: radikal
deu: verachten	rel:etymology	deu: ver-
deu: ertrinken	rel:etymology	deu: er-
deu: Ortsteil	rel:etymology	deu: Teil
deu: Kutscher	rel:etymology	deu: Kutsche
deu: Protonengradient	rel:etymology	deu: Gradient
deu: welsch	rel:etymology	goh: walahisc
deu: anspielen	rel:etymology	deu: an-
deu: Ackerland	rel:etymology	deu: Acker
deu: heliumgekühlt	rel:etymology	deu: gekühlt
deu: haschieren	rel:etymology	fra: hacher
deu: Bassist	rel:etymology	deu: -ist
deu: Schnabelwal	rel:etymology	deu: Wal
deu: feindlich	rel:etymology	deu: Feind
deu: Metallschutzgasschweißen	rel:etymology	deu: Gas
deu: isoelektronisch	rel:etymology	deu: elektronisch
deu: Altgriechisch	rel:etymology	deu: alt
deu: Frühjahr	rel:etymology	deu: früh
deu: wann	rel:etymology	goh: wanne
deu: Wasserstoffbombe	rel:etymology	deu: Wasserstoff
deu: umgehen	rel:etymology	deu: um
deu: städtisch	rel:etymology	deu: Stadt
deu: himmelschreiend	rel:etymology	deu: Himmel
deu: Dreier	rel:etymology	deu: -er
deu: Berylliumhydroxid	rel:etymology	deu: Beryllium
deu: Leergewicht	rel:etymology	deu: Gewicht
deu: ugaritisch	rel:etymology	deu: Ugarit
deu: Gila-Krustenechse	rel:etymology	deu: Gila
deu: Witwe	rel:etymology	goh: wituwa
deu: Spielzeugpistole	rel:etymology	deu: Spielzeug
deu: Auftragsmörder	rel:etymology	deu: Auftrag
deu: Kohlenstoffdioxid	rel:etymology	deu: Kohlenstoff
deu: launisch	rel:etymology	deu: -isch
deu: Typisierung	rel:etymology	deu: -isierung
deu: aufbürden	rel:etymology	deu: -en
deu: Verdickungsmittel	rel:etymology	deu: Verdickung
deu: Rassenpflege	rel:etymology	deu: Rasse
deu: tendenziös	rel:etymology	fra: tendancieux
deu: beistehen	rel:etymology	deu: stehen
deu: Dephosphorylierung	rel:etymology	deu: de-
deu: Naturwissenschaft	rel:etymology	deu: Natur
deu: Arylhalogenid	rel:etymology	deu: Halogenid
deu: -en	rel:etymology	gmh: -en
deu: Artgenosse	rel:etymology	deu: Art
deu: siffig	rel:etymology	deu: Siff
deu: Handgelenk	rel:etymology	deu: Hand
deu: Wasserstofffahrzeug	rel:etymology	deu: Wasserstoff
deu: kanadisch	rel:etymology	deu: -isch
deu: schwächlich	rel:etymology	deu: -lich
deu: Fell	rel:etymology	goh: vel
deu: altspanisch	rel:etymology	deu: spanisch
deu: Stammlager	rel:etymology	deu: Lager
deu: Bleichstoff	rel:etymology	deu: bleichen
deu: Doppelbindung	rel:etymology	deu: doppel-
deu: Ankündigung	rel:etymology	deu: -ung
deu: Beschwörung	rel:etymology	deu: -ung
deu: Kernresonanz	rel:etymology	deu: Kern
deu: Fett	rel:etymology	gml: vette
deu: Tante-Emma-Laden	rel:etymology	deu: Emma
deu: Spitzenkandidat	rel:etymology	deu: Spitze
deu: Geschrei	rel:etymology	deu: schreien
deu: Almhütte	rel:etymology	deu: Hütte
deu: Hilfsmittel	rel:etymology	deu: Mittel
deu: Buschbohne	rel:etymology	deu: Busch
deu: Lithiumbatterie	rel:etymology	deu: Lithium
deu: nimmer	rel:etymology	deu: immer
deu: vermeiden	rel:etymology	deu: ver-
deu: anklagen	rel:etymology	deu: klagen
deu: Schneiderin	rel:etymology	deu: Schneider
deu: ungeschlechtlich	rel:etymology	deu: geschlechtlich
deu: Knackarsch	rel:etymology	deu: knacken
deu: Gefangensein-Syndrom	rel:etymology	deu: gefangen
deu: braun	rel:etymology	goh: brun
deu: Judenhass	rel:etymology	deu: Hass
deu: lithiumorganisch	rel:etymology	deu: Lithium
deu: Blutsbruder	rel:etymology	deu: Blut
deu: wiederwählen	rel:etymology	deu: wählen
deu: Kuhdorf	rel:etymology	deu: Dorf
deu: Clownfisch	rel:etymology	deu: Clown
deu: Jahrestag	rel:etymology	deu: Tag
deu: Fertigarzneimittel	rel:etymology	deu: fertig
deu: vorhaben	rel:etymology	deu: vor-
deu: narzisstisch	rel:etymology	deu: -isch
deu: Ahnung	rel:etymology	deu: ahnen
deu: Verdampfung	rel:etymology	deu: -ung
deu: Avantgardekunst	rel:etymology	deu: Kunst
deu: Penner	rel:etymology	deu: pennen
deu: Luftherrschaft	rel:etymology	deu: Luft
deu: schwimmen	rel:etymology	gmh: swimmen
deu: Pinzette	rel:etymology	fra: pincette
deu: Nachtdienst	rel:etymology	deu: Dienst
deu: Eiersalat	rel:etymology	deu: Ei
deu: Kaliumcyanid	rel:etymology	deu: Cyanid
deu: Kaisersemmel	rel:etymology	deu: Kaiser
deu: Selbstfahrer	rel:etymology	deu: selbst
deu: Michiganwaldsänger	rel:etymology	deu: Michigan
deu: maledivisch	rel:etymology	deu: -isch
deu: Siegmeister	rel:etymology	deu: Sieg
deu: demokratisch	rel:etymology	deu: Demokrat
deu: Waschmittelindustrie	rel:etymology	deu: Industrie
deu: Bankräuber	rel:etymology	deu: Räuber
deu: Strontiumborid	rel:etymology	deu: Strontium
deu: Frauenarzt	rel:etymology	deu: Arzt
deu: Weste	rel:etymology	fra: veste
deu: Kosewort	rel:etymology	deu: kosen
deu: weder	rel:etymology	goh: wedar
deu: Altspanisch	rel:etymology	deu: alt
deu: Stachelbeere	rel:etymology	deu: Beere
deu: Fingerspitzengefühl	rel:etymology	deu: Gefühl
deu: treffen	rel:etymology	gmh: treffen
deu: Rheologie	rel:etymology	deu: Rheo-
deu: gnädig	rel:etymology	deu: Gnade
deu: Bindungstypus	rel:etymology	deu: Bindung
deu: Bildhauerin	rel:etymology	deu: -in
deu: Fasermatte	rel:etymology	deu: Matte
deu: Krieger	rel:etymology	deu: -er
deu: Sprengkraft	rel:etymology	deu: sprengen
deu: bewaffnen	rel:etymology	deu: be-
deu: Ameisenbär	rel:etymology	deu: Ameise
deu: Krankenkasse	rel:etymology	deu: krank
deu: Hauptgrund	rel:etymology	deu: Haupt
deu: kugelsymmetrisch	rel:etymology	deu: symmetrisch
deu: Perborat	rel:etymology	deu: Borat
deu: Hydroxyaldehyd	rel:etymology	deu: Aldehyd
deu: jämmerlich	rel:etymology	deu: Jammer
deu: Länge	rel:etymology	goh: lengi
deu: ärmlich	rel:etymology	deu: -lich
deu: Generalstreik	rel:etymology	deu: General-
deu: Tiger	rel:etymology	lat: tigris
deu: Tochter	rel:etymology	gmh: tohter
deu: Luftzufuhr	rel:etymology	deu: Zufuhr
deu: Brotbäcker	rel:etymology	deu: Brot
deu: Hüfte	rel:etymology	goh: huf
deu: tiefgreifend	rel:etymology	deu: greifend
deu: Freiin	rel:etymology	deu: -in
deu: Wachsamkeit	rel:etymology	deu: wachsam
deu: festlich	rel:etymology	deu: Fest
deu: sinnvoll	rel:etymology	deu: Sinn
deu: Salzwasser	rel:etymology	deu: Salz
deu: schleimig	rel:etymology	deu: Schleim
deu: stinknormal	rel:etymology	deu: normal
deu: Schlüsselbein	rel:etymology	deu: Schlüssel
deu: aufschreiben	rel:etymology	deu: schreiben
deu: hinlegen	rel:etymology	deu: hin-
deu: Düse	rel:etymology	ces: duše
deu: altkatalanisch	rel:etymology	deu: katalanisch
deu: Gasthaus	rel:etymology	deu: Gast
deu: Metallion	rel:etymology	deu: Ion
deu: Wasservorkommen	rel:etymology	deu: Wasser
deu: Apfelblüte	rel:etymology	deu: Blüte
deu: israelisch	rel:etymology	deu: Israel
deu: gesetzlich	rel:etymology	deu: -lich
deu: Westdeutschland	rel:etymology	deu: Deutschland
deu: unvergesslich	rel:etymology	deu: vergesslich
deu: Kaiserin	rel:etymology	deu: -in
deu: kümmerlich	rel:etymology	deu: Kummer
deu: Courage	rel:etymology	fra: courage
deu: Rechtswissenschaft	rel:etymology	deu: Recht
deu: neuhochdeutsch	rel:etymology	deu: hochdeutsch
deu: Genosse	rel:etymology	goh: ginozo
deu: Oberschenkelknochen	rel:etymology	deu: Oberschenkel
deu: Souveränität	rel:etymology	fra: souveraineté
deu: Herausgeber	rel:etymology	deu: herausgeben
deu: Bariumoxid	rel:etymology	deu: Oxid
deu: jamaikanisch	rel:etymology	deu: Jamaika
deu: Wasserstoffverbindung	rel:etymology	deu: Wasserstoff
deu: Pfütze	rel:etymology	goh: pfuzzi
deu: Gnoseologie	rel:etymology	deu: Gnosis
deu: Gemeinschaftsgefühl	rel:etymology	deu: Gefühl
deu: supraleitend	rel:etymology	deu: leitend
deu: unbekannt	rel:etymology	deu: un-
deu: Traurigkeit	rel:etymology	deu: traurig
deu: einschalten	rel:etymology	deu: schalten
deu: hauen	rel:etymology	goh: houwan
deu: Maid	rel:etymology	gmh: mait
deu: Sternenmeer	rel:etymology	deu: Stern
deu: Löwenkopf	rel:etymology	deu: Löwe
deu: Leichenverbrennung	rel:etymology	deu: Leiche
deu: retuschieren	rel:etymology	fra: retoucher
deu: möblieren	rel:etymology	deu: -ieren
deu: erstaunen	rel:etymology	deu: staunen
deu: Vorhaut	rel:etymology	deu: Haut
deu: untauglich	rel:etymology	deu: un-
deu: Chef	rel:etymology	fra: chef
deu: Zusammenstellung	rel:etymology	deu: -ung
deu: Fahnder	rel:etymology	deu: -er
deu: rasant	rel:etymology	fra: rasant
deu: Gebäude	rel:etymology	gmh: gebuwede
deu: Haus	rel:etymology	goh: hus
deu: Argonverbindung	rel:etymology	deu: Verbindung
deu: abziehen	rel:etymology	deu: ziehen
deu: camouflieren	rel:etymology	fra: camoufler
deu: Sauerstoffgehalt	rel:etymology	deu: Gehalt
deu: Medienbericht	rel:etymology	deu: Bericht
deu: auslassen	rel:etymology	deu: lassen
deu: Ruf	rel:etymology	goh: hruof
deu: Billet	rel:etymology	fra: billet
deu: Katze	rel:etymology	goh: kazza
deu: Legierungsbestandteil	rel:etymology	deu: Bestandteil
deu: Blutgasanalyse	rel:etymology	deu: Blut
deu: elektronegativ	rel:etymology	deu: negativ
deu: Langschwanzpinguin	rel:etymology	deu: lang
deu: Schutzengel	rel:etymology	deu: Engel
deu: Dämmerung	rel:etymology	gmh: demere
deu: zusammenfassen	rel:etymology	deu: zusammen-
deu: lebensgefährlich	rel:etymology	deu: -lich
deu: Herrschaft	rel:etymology	deu: -schaft
deu: Amethysttäubling	rel:etymology	deu: Täubling
deu: Jochbein	rel:etymology	deu: Joch
deu: zerstäuben	rel:etymology	deu: zer-
deu: Mittelfranzösisch	rel:etymology	deu: Französisch
deu: Läufer	rel:etymology	deu: laufen
deu: Stockente	rel:etymology	deu: Stock
deu: Zuckerwatte	rel:etymology	deu: Watte
deu: Bäuerin	rel:etymology	deu: Bauer
deu: Nasenring	rel:etymology	deu: Nase
deu: Behälter	rel:etymology	deu: -er
deu: Silhouette	rel:etymology	fra: silhouette
deu: Kriechverhalten	rel:etymology	deu: Verhalten
deu: Hirsch	rel:etymology	goh: hiruz
deu: Diva	rel:etymology	ita: diva
deu: Iodstickstoff	rel:etymology	deu: Iod
deu: Autobahn	rel:etymology	deu: Bahn
deu: Kühlwasser	rel:etymology	deu: Wasser
deu: zackig	rel:etymology	deu: Zacke
deu: Ausländer	rel:etymology	deu: Ausland
deu: Paketbombe	rel:etymology	deu: Bombe
deu: nachvollziehen	rel:etymology	deu: vollziehen
deu: Balneologie	rel:etymology	deu: Balneo-
deu: Pestizid	rel:etymology	deu: -zid
deu: Fließtext	rel:etymology	deu: Fließ
deu: sicherstellen	rel:etymology	deu: stellen
deu: Pils	rel:etymology	ces: Plzeň
deu: Atomorbital	rel:etymology	deu: Atom
deu: abhalten	rel:etymology	deu: ab-
deu: ahnen	rel:etymology	gmh: anen
deu: Putschist	rel:etymology	deu: -ist
deu: Überhitzung	rel:etymology	deu: Erhitzung
deu: Lithiumnitrat	rel:etymology	deu: Nitrat
deu: fischen	rel:etymology	goh: fiskon
deu: Vollwaschmittel	rel:etymology	deu: voll
deu: dressieren	rel:etymology	fra: dresser
deu: Bikini	rel:etymology	mah: Pikinni
deu: Vorhang	rel:etymology	deu: hängen
deu: andächtig	rel:etymology	deu: -ig
deu: Spurenelement	rel:etymology	deu: Element
deu: abfinden	rel:etymology	deu: finden
deu: Dermatologin	rel:etymology	deu: -login
deu: Klopapier	rel:etymology	deu: Klo
deu: Spionagering	rel:etymology	deu: Spionage
deu: übergeben	rel:etymology	deu: über-
deu: Durchführung	rel:etymology	deu: -ung
deu: Parasitologie	rel:etymology	deu: Parasit
deu: Toast	rel:etymology	eng: toast
deu: Wetter	rel:etymology	goh: wetar
deu: beobachten	rel:etymology	deu: ob
deu: Büste	rel:etymology	fra: buste
deu: Klub	rel:etymology	eng: club
deu: überfallen	rel:etymology	deu: über-
deu: klinisch	rel:etymology	deu: Klinik
deu: Dragee	rel:etymology	fra: dragée
deu: ausziehen	rel:etymology	deu: aus-
deu: zustoßen	rel:etymology	deu: zu-
deu: Abschiebung	rel:etymology	deu: abschieben
deu: Neutroneneinfangreaktion	rel:etymology	deu: Neutroneneinfang
deu: Schwarzhandgibbon	rel:etymology	deu: Hand
deu: Wirkungsgrad	rel:etymology	deu: Wirkung
deu: Wasserski	rel:etymology	deu: Wasser
deu: lohnen	rel:etymology	gmh: lonen
deu: Widerspruch	rel:etymology	deu: Spruch
deu: Gesamtherstellung	rel:etymology	deu: gesamt
deu: Maibaum	rel:etymology	deu: Mai
deu: Fallturm	rel:etymology	deu: Fall
deu: Backtriebmittel	rel:etymology	deu: Trieb
deu: Elektronenmangel	rel:etymology	deu: Mangel
deu: Wendung	rel:etymology	deu: -ung
deu: Geysir	rel:etymology	eng: geyser
deu: Lithiumorganyle	rel:etymology	deu: Lithium
deu: Kirche	rel:etymology	goh: chirihha
deu: unvergleichbar	rel:etymology	deu: un-
deu: Kraftwerk	rel:etymology	deu: Kraft
deu: Apfelfrucht	rel:etymology	deu: Apfel
deu: verbittern	rel:etymology	deu: ver-
deu: Brechung	rel:etymology	deu: -ung
deu: Hühnerstall	rel:etymology	deu: Stall
deu: Kanonenfutter	rel:etymology	deu: Kanone
deu: Leichtmetall	rel:etymology	deu: leicht
deu: Angreiferin	rel:etymology	deu: -in
deu: Waldkatze	rel:etymology	deu: Katze
deu: Methanhydrat	rel:etymology	deu: Methan
deu: Zumischung	rel:etymology	deu: zu-
deu: abwehren	rel:etymology	deu: wehren
deu: Vorspeise	rel:etymology	deu: Speise
deu: Schimmel	rel:etymology	goh: skimbal
deu: vierzehntäglich	rel:etymology	deu: vierzehn
deu: Generalprobe	rel:etymology	deu: General-
deu: Ehrenmitgliedschaft	rel:etymology	deu: Mitgliedschaft
deu: zurückziehen	rel:etymology	deu: ziehen
deu: nördlich	rel:etymology	deu: Nord
deu: Dateiname	rel:etymology	deu: Datei
deu: Ton	rel:etymology	goh: dāha
deu: Serviette	rel:etymology	fra: serviette
deu: Intensivmedizin	rel:etymology	deu: Medizin
deu: dahinter	rel:etymology	deu: hinter
deu: möbliert	rel:etymology	deu: -iert
deu: fehlbar	rel:etymology	deu: fehlen
deu: kalt	rel:etymology	goh: kalt
deu: Infektionskrankheit	rel:etymology	deu: Krankheit
deu: biegen	rel:etymology	gmh: biegen
deu: sprechen	rel:etymology	goh: sprehhan
deu: sechzehn	rel:etymology	goh: sehszehan
deu: Johannes	rel:etymology	lat: Iohannes
deu: Puder	rel:etymology	fra: poudre
deu: Mond	rel:etymology	goh: mano
deu: hüllen	rel:etymology	gmh: hüllen
deu: Maßkolben	rel:etymology	deu: Kolben
deu: kirchlich	rel:etymology	deu: Kirche
deu: unübersichtlich	rel:etymology	deu: un-
deu: geologisch	rel:etymology	deu: -isch
deu: unstrukturiert	rel:etymology	deu: strukturiert
deu: Luftschiff	rel:etymology	deu: Schiff
deu: Raubvogel	rel:etymology	deu: Vogel
deu: Metzgerei	rel:etymology	deu: Metzger
deu: Rolle	rel:etymology	gmh: rolle
deu: durchsetzen	rel:etymology	deu: durch-
deu: Sandra	rel:etymology	ita: Sandra
deu: Tertiärstruktur	rel:etymology	deu: Struktur
deu: Waschbrettbauch	rel:etymology	deu: Bauch
deu: Panzerabwehrkanone	rel:etymology	deu: Kanone
deu: Südafrika	rel:etymology	deu: Süden
deu: Verdampfung	rel:etymology	deu: verdampfen
deu: reisen	rel:etymology	gmh: reisen
deu: umbringen	rel:etymology	deu: bringen
deu: metaphorisch	rel:etymology	deu: Metapher
deu: Ort	rel:etymology	goh: ort
deu: Mittelpersisch	rel:etymology	deu: Persisch
deu: Saiteninstrument	rel:etymology	deu: Saite
deu: Reaktionär	rel:etymology	fra: réactionnaire
deu: Tetrafluorid	rel:etymology	deu: Fluorid
deu: erkennen	rel:etymology	deu: kennen
deu: eckig	rel:etymology	deu: -ig
deu: ugandisch	rel:etymology	deu: Uganda
deu: Fickfreund	rel:etymology	deu: Freund
deu: Bestattung	rel:etymology	deu: bestatten
deu: Drehorgel	rel:etymology	deu: drehen
deu: Augsburg	rel:etymology	lat: Augusta Vindelicorum
deu: Schmelzfluss	rel:etymology	deu: schmelzen
deu: abbezahlen	rel:etymology	deu: ab-
deu: vorbereiten	rel:etymology	deu: vor-
deu: Kirsche	rel:etymology	goh: chirsa
deu: Trasse	rel:etymology	fra: tracé
deu: geduldig	rel:etymology	gmh: gedultic
deu: nahekommen	rel:etymology	deu: nahe
deu: Geisterbahn	rel:etymology	deu: Geist
deu: Werkstofftechnik	rel:etymology	deu: Technik
deu: Remise	rel:etymology	fra: remise
deu: Verdauung	rel:etymology	deu: verdauen
deu: Mediziner	rel:etymology	deu: Medizin
deu: jonglieren	rel:etymology	fra: jongler
deu: verschleiern	rel:etymology	deu: ver-
deu: Berylliumtellurid	rel:etymology	deu: Beryllium
deu: holen	rel:etymology	gmh: holen
deu: Lithiumperchlorat	rel:etymology	deu: Lithium
deu: kaltherzig	rel:etymology	deu: Herz
deu: Rasiermesser	rel:etymology	deu: Messer
deu: unvernünftig	rel:etymology	deu: vernünftig
deu: weinen	rel:etymology	gmh: weinen
deu: schauen	rel:etymology	goh: scouwon
deu: Interessent	rel:etymology	deu: interessieren
deu: nichtsdestotrotz	rel:etymology	deu: trotzdem
deu: schlüpfen	rel:etymology	goh: sliofan
deu: Japaner	rel:etymology	deu: Japan
deu: backen	rel:etymology	goh: bachan
deu: Metallstaub	rel:etymology	deu: Staub
deu: Mexikoente	rel:etymology	deu: Ente
deu: lebensgefährlich	rel:etymology	deu: Lebensgefahr
deu: Herbstgrasmilbe	rel:etymology	deu: Gras
deu: Häher	rel:etymology	gmh: heher
deu: Taxifahrerin	rel:etymology	deu: Taxifahrer
deu: verbannen	rel:etymology	deu: bannen
deu: väterlich	rel:etymology	deu: -lich
deu: Armsessel	rel:etymology	deu: Sessel
deu: feierlich	rel:etymology	deu: Feier
deu: hören	rel:etymology	goh: horen
deu: Batterie	rel:etymology	fra: batterie
deu: Dresseur	rel:etymology	fra: dresseur
deu: aufheben	rel:etymology	deu: heben
deu: Beil	rel:etymology	goh: bihal
deu: Trichlorid	rel:etymology	deu: Chlorid
deu: Hobby	rel:etymology	eng: hobby
deu: ignorieren	rel:etymology	lat: ignorare
deu: Beninerin	rel:etymology	deu: -in
deu: Spielzeugpistole	rel:etymology	deu: Pistole
deu: Gegnerin	rel:etymology	deu: Gegner
deu: Seeräuber	rel:etymology	deu: See
deu: unpersönlich	rel:etymology	deu: un-
deu: Hypnos	rel:etymology	grc: Ὕπνος
deu: Donnerstag	rel:etymology	goh: donaristag
deu: Antriebssystem	rel:etymology	deu: System
deu: Butter	rel:etymology	goh: butera
deu: luvwärts	rel:etymology	deu: Luv
deu: Sauerstoffsäure	rel:etymology	deu: Sauerstoff
deu: Waschbrett	rel:etymology	deu: Brett
deu: Katzenklo	rel:etymology	deu: Katze
deu: dehnen	rel:etymology	goh: denen
deu: Negermusik	rel:etymology	deu: Neger
deu: erpressen	rel:etymology	deu: pressen
deu: Strauß	rel:etymology	goh: strūz
deu: Grinsekatze	rel:etymology	deu: grinsen
deu: Rhythmusstörung	rel:etymology	deu: Störung
deu: Stolperstein	rel:etymology	deu: Stein
deu: fraulich	rel:etymology	deu: Frau
deu: Ablaut	rel:etymology	deu: ab-
deu: Stadt	rel:etymology	goh: stat
deu: Königstiger	rel:etymology	deu: Tiger
deu: Körpergewicht	rel:etymology	deu: Körper
deu: Kohlenstoffnanoschaum	rel:etymology	deu: Nanoschaum
deu: Adenosintriphosphat	rel:etymology	deu: Adenosin
deu: Kindersoldat	rel:etymology	deu: Kind
deu: letzter	rel:etymology	goh: lazzost
deu: schnurlos	rel:etymology	deu: -los
deu: Taubnessel	rel:etymology	deu: Nessel
deu: Minenministerium	rel:etymology	deu: Mine
deu: Kaliumchlorid	rel:etymology	deu: Chlorid
deu: Paspelierung	rel:etymology	deu: paspelieren
deu: beispielsweise	rel:etymology	deu: Beispiel
deu: Polizei	rel:etymology	lat: politia
deu: Philologin	rel:etymology	deu: philo-
deu: Kristallsystem	rel:etymology	deu: System
deu: Kirchenprovinz	rel:etymology	deu: Provinz
deu: Weltausstellung	rel:etymology	deu: Ausstellung
deu: vergrößern	rel:etymology	deu: ver-
deu: Gewaltfreiheit	rel:etymology	deu: -heit
deu: Kryotechnik	rel:etymology	deu: Technik
deu: beweglich	rel:etymology	deu: -lich
deu: Vermutung	rel:etymology	deu: -ung
deu: stiellos	rel:etymology	deu: Stiel
deu: Gelatine	rel:etymology	fra: gélatine
deu: Ausstellung	rel:etymology	deu: -ung
deu: graphitartig	rel:etymology	deu: -artig
deu: entsetzlich	rel:etymology	deu: -lich
deu: wischen	rel:etymology	gmh: wischen
deu: einwandern	rel:etymology	deu: wandern
deu: Hirnkoralle	rel:etymology	deu: Hirn
deu: vorwärts	rel:etymology	deu: vor-
deu: Einkristall	rel:etymology	deu: ein
deu: Einblick	rel:etymology	gmh: inblic
deu: abklären	rel:etymology	deu: klären
deu: Käse	rel:etymology	goh: chasi
deu: abmelden	rel:etymology	deu: ab-
deu: Bürokrat	rel:etymology	fra: bureaucrate
deu: Hauptreihenstern	rel:etymology	deu: Haupt
deu: tansanisch	rel:etymology	deu: -isch
deu: Weinkeller	rel:etymology	deu: Keller
deu: Wodenstag	rel:etymology	goh: wotanstag
deu: Hufschlag	rel:etymology	deu: Huf
deu: kohlenstofffaserverstärkt	rel:etymology	deu: verstärkt
deu: Grundschule	rel:etymology	deu: Grund
deu: abendessen	rel:etymology	deu: Abend
deu: abwaschen	rel:etymology	deu: waschen
deu: Hypothalamus	rel:etymology	deu: Thalamus
deu: verbleien	rel:etymology	deu: Blei
deu: Bonze	rel:etymology	por: bonzo
deu: nachvollziehbar	rel:etymology	deu: nach-
deu: Abflussleitung	rel:etymology	deu: Leitung
deu: Flasche	rel:etymology	goh: flaska
deu: Umwelttechnik	rel:etymology	deu: Technik
deu: Essigsäureethylester	rel:etymology	deu: Ester
deu: Flugzeug	rel:etymology	deu: Zeug
deu: weiblich	rel:etymology	deu: Weib
deu: Herd	rel:etymology	goh: herd
deu: Atemgas	rel:etymology	deu: Atem
deu: hochtoxisch	rel:etymology	deu: hoch
deu: Rückzug	rel:etymology	deu: Zug
deu: Tennisball	rel:etymology	deu: Ball
deu: Fließgleichgewicht	rel:etymology	deu: fließen
deu: Notlage	rel:etymology	deu: Not
deu: Altwasser	rel:etymology	deu: alt
deu: Zusammenschluss	rel:etymology	deu: Schluss
deu: metastabil	rel:etymology	deu: stabil
deu: missbräuchlich	rel:etymology	deu: -lich
deu: Sternatmosphäre	rel:etymology	deu: Atmosphäre
deu: Held	rel:etymology	gmh: helt
deu: Psychologin	rel:etymology	deu: -in
deu: Tannenbaum	rel:etymology	deu: Tanne
deu: Fleiß	rel:etymology	goh: flīz
deu: verpissen	rel:etymology	deu: ver-
deu: Ammoniumnitrit	rel:etymology	deu: Ammonium
deu: abgrenzen	rel:etymology	deu: grenzen
deu: Überwachung	rel:etymology	deu: -ung
deu: zaubern	rel:etymology	gmh: zoubern
deu: Kristallgitterstruktur	rel:etymology	deu: Kristall
deu: Wartesaal	rel:etymology	deu: warten
deu: Tischdecke	rel:etymology	deu: Tisch
deu: Europäer	rel:etymology	deu: Europa
deu: Staatsbürger	rel:etymology	deu: Bürger
deu: Extranet	rel:etymology	ita: extra-
deu: Dogge	rel:etymology	enm: dogge
deu: -jährig	rel:etymology	deu: Jahr
deu: verzaubern	rel:etymology	deu: zaubern
deu: widerstandsfähig	rel:etymology	deu: Widerstand
deu: erbrechen	rel:etymology	deu: er-
deu: gespenstisch	rel:etymology	deu: Gespenst
deu: anglonormannisch	rel:etymology	deu: normannisch
deu: Sprühregen	rel:etymology	deu: Regen
deu: Tribüne	rel:etymology	fra: tribune
deu: Portier	rel:etymology	fra: portier
deu: hoffnungsvoll	rel:etymology	deu: Hoffnung
deu: mangeln	rel:etymology	deu: Mangel
deu: Buttermilch	rel:etymology	deu: Butter
deu: Kursaal	rel:etymology	deu: Saal
deu: bleiern	rel:etymology	deu: Blei
deu: lettisch	rel:etymology	deu: -isch
deu: sozial	rel:etymology	lat: socialis
deu: Gasse	rel:etymology	goh: gazza
deu: bekennen	rel:etymology	deu: be-
deu: Kinderschwester	rel:etymology	deu: Kinder
deu: durcheinander	rel:etymology	deu: durch-
deu: Tresse	rel:etymology	fra: tresse
deu: Gesamtsystem	rel:etymology	deu: System
deu: Wald	rel:etymology	goh: wald
deu: Fräsmaschine	rel:etymology	deu: Maschine
deu: Halo	rel:etymology	lat: halo
deu: altenglisch	rel:etymology	deu: alt
deu: Verbrennungsprozess	rel:etymology	deu: Verbrennung
deu: überlegen	rel:etymology	deu: über-
deu: Alterungsprozess	rel:etymology	deu: Prozess
deu: Rüge	rel:etymology	gml: wrōge
deu: Granate	rel:etymology	ita: granata
deu: auffällig	rel:etymology	deu: auf-
deu: Unterholz	rel:etymology	deu: unter-
deu: Trimester	rel:etymology	lat: trimestris
deu: Rücktrittbremse	rel:etymology	deu: rück-
deu: Künstlerroman	rel:etymology	deu: Künstler
deu: Schlagzeuger	rel:etymology	deu: Schlagzeug
deu: Fruchtbarkeit	rel:etymology	deu: -keit
deu: Ablaut	rel:etymology	deu: Laut
deu: hoffnungsvoll	rel:etymology	deu: -voll
deu: Nervenheilanstalt	rel:etymology	deu: Heilanstalt
deu: Traubenlese	rel:etymology	deu: Traube
deu: Schadenfreude	rel:etymology	deu: Freude
deu: Weltmusik	rel:etymology	deu: Musik
deu: Milchstraße	rel:etymology	deu: Milch
deu: Bengel	rel:etymology	gmh: bengel
deu: prosaisch	rel:etymology	deu: Prosa
deu: senken	rel:etymology	goh: senken
deu: verseifen	rel:etymology	deu: ver-
deu: Ermordung	rel:etymology	deu: ermorden
deu: Liebfrauenmilch	rel:etymology	deu: lieb
deu: Handball	rel:etymology	deu: Hand
deu: Walzer	rel:etymology	dan: walzen
deu: Pest	rel:etymology	lat: pestis
deu: Bromcyan	rel:etymology	deu: Brom
deu: Fluoritkristall	rel:etymology	deu: Kristall
deu: Signalweg	rel:etymology	deu: Signal
deu: davon	rel:etymology	deu: von
deu: Eistee	rel:etymology	deu: Tee
deu: Bogenschütze	rel:etymology	deu: Bogen
deu: abwenden	rel:etymology	deu: ab-
deu: Wasserstoffion	rel:etymology	deu: Ion
deu: Urenkel	rel:etymology	deu: ur-
deu: gerecht	rel:etymology	deu: ge-
deu: Widersacher	rel:etymology	gmh: widersache
deu: bemühen	rel:etymology	deu: Mühe
deu: Gründer	rel:etymology	deu: -er
deu: abspielen	rel:etymology	deu: ab-
deu: ehern	rel:etymology	goh: er
deu: Christbaumkugel	rel:etymology	deu: Christbaum
deu: wahnsinnig	rel:etymology	deu: Wahnsinn
deu: Vorgang	rel:etymology	deu: Gang
deu: unpraktisch	rel:etymology	deu: un-
deu: Unwiderstehlichkeit	rel:etymology	deu: unwiderstehlich
deu: Blümchensex	rel:etymology	deu: Blümchen
deu: Fakultät	rel:etymology	lat: facultas
deu: rezeptfrei	rel:etymology	deu: Rezept
deu: Altportugiesisch	rel:etymology	deu: Portugiesisch
deu: Flüssigstickstoff	rel:etymology	deu: flüssig
deu: Kofaktor	rel:etymology	deu: ko-
deu: optimistisch	rel:etymology	deu: Optimist
deu: haarig	rel:etymology	deu: -ig
deu: abzocken	rel:etymology	deu: zocken
deu: Leberschaden	rel:etymology	deu: Schaden
deu: Müller	rel:etymology	goh: mulinari
deu: nebeln	rel:etymology	gmh: nebelen
deu: rastlos	rel:etymology	deu: -los
deu: Salzwasserfisch	rel:etymology	deu: Fisch
deu: Gehirnfunktion	rel:etymology	deu: Gehirn
deu: Lehrer	rel:etymology	deu: lehren
deu: Rechtskreis	rel:etymology	deu: Kreis
deu: Neutronenstern	rel:etymology	deu: Stern
deu: Brauhaus	rel:etymology	deu: Haus
deu: Alarmsignal	rel:etymology	deu: Alarm
deu: Milchstraße	rel:etymology	deu: Straße
deu: Gründer	rel:etymology	deu: gründen
deu: Teilung	rel:etymology	deu: teilen
deu: Rabenvater	rel:etymology	deu: Vater
deu: Flur	rel:etymology	goh: fluor
deu: Landmaschine	rel:etymology	deu: Land
deu: vor	rel:etymology	goh: fora
deu: oder	rel:etymology	goh: odar
deu: Onkologe	rel:etymology	deu: -loge
deu: Schreiber	rel:etymology	deu: schreiben
deu: Äquatorialguinea	rel:etymology	deu: äquatorial
deu: vorbereiten	rel:etymology	deu: bereiten
deu: verfügen	rel:etymology	deu: ver-
deu: abschließen	rel:etymology	deu: schließen
deu: Krankheit	rel:etymology	deu: -heit
deu: Sprachwandel	rel:etymology	deu: Wandel
deu: verbinden	rel:etymology	deu: ver-
deu: verarmen	rel:etymology	deu: arm
deu: Seltenheit	rel:etymology	deu: selten
deu: mattgrau	rel:etymology	deu: grau
deu: Hammerhai	rel:etymology	deu: Hai
deu: Algenkunde	rel:etymology	deu: Algen
deu: Sandpapier	rel:etymology	deu: Papier
deu: Tantalgewinnung	rel:etymology	deu: Tantal
deu: Schaf	rel:etymology	goh: scaf
deu: Stimmlippe	rel:etymology	deu: Stimme
deu: Fingerspitze	rel:etymology	deu: Spitze
deu: abschleppen	rel:etymology	deu: schleppen
deu: Besetzerin	rel:etymology	deu: besetzen
deu: können	rel:etymology	goh: kunnan
deu: Wasserstoffmolekül	rel:etymology	deu: Wasserstoff
deu: Massenzahl	rel:etymology	deu: Masse
deu: Abgeschiedenheit	rel:etymology	deu: -heit
deu: Scharlatan	rel:etymology	fra: charlatan
deu: erforderlich	rel:etymology	deu: erfordern
deu: porös	rel:etymology	lat: porosus
deu: Überwachung	rel:etymology	deu: über-
deu: Leser	rel:etymology	deu: lesen
deu: Kopula	rel:etymology	deu: copula
deu: Schaumblase	rel:etymology	deu: Blase
deu: Sinnbild	rel:etymology	deu: Sinn
deu: Kartoffelchip	rel:etymology	deu: Chip
deu: pünktlich	rel:etymology	deu: Punkt
deu: Eistee	rel:etymology	deu: Eis
deu: Berylliumverbindung	rel:etymology	deu: Verbindung
deu: kanariengelb	rel:etymology	deu: gelb
deu: Gemeinschaft	rel:etymology	deu: gemein
deu: Erdbeerbaum	rel:etymology	deu: Baum
deu: Kölsch	rel:etymology	ksh: kölsch
deu: lieblich	rel:etymology	deu: -lich
deu: Ringfinger	rel:etymology	deu: Ring
deu: Fachmarkt	rel:etymology	deu: Fach
deu: saufen	rel:etymology	goh: sufan
deu: Historikerin	rel:etymology	deu: -in
deu: loben	rel:etymology	gmh: loben
deu: Hotelier	rel:etymology	fra: hôtelier
deu: auslassen	rel:etymology	deu: aus-
deu: Botaniker	rel:etymology	deu: -er
deu: Blaubeere	rel:etymology	deu: Beere
deu: Philologe	rel:etymology	deu: philo-
deu: Automarke	rel:etymology	deu: Marke
deu: pissen	rel:etymology	fro: pissier
deu: hinweg	rel:etymology	deu: hin-
deu: Reichspfennig	rel:etymology	deu: Reich
deu: Strahlenschutzkleidung	rel:etymology	deu: Kleidung
deu: zusammenarbeiten	rel:etymology	deu: zusammen-
deu: Frischkäse	rel:etymology	deu: frisch
deu: Großzügigkeit	rel:etymology	deu: großzügig
deu: Sättigung	rel:etymology	deu: -ung
deu: Abenteuer	rel:etymology	gmh: aventiure
deu: As	rel:etymology	fra: as
deu: auftreten	rel:etymology	deu: auf-
deu: Präzedenzfall	rel:etymology	deu: Präzedenz
deu: Kennzeichnung	rel:etymology	deu: -ung
deu: aufmuntern	rel:etymology	deu: muntern
deu: Däumling	rel:etymology	deu: Daumen
deu: Altstadt	rel:etymology	deu: alt
deu: Zwergpudel	rel:etymology	deu: Zwerg
deu: Bahnfahrer	rel:etymology	deu: Bahn
deu: Herzkrankheit	rel:etymology	deu: Herz
deu: Tastaturbelegung	rel:etymology	deu: Tastatur
deu: Abendgebet	rel:etymology	deu: Gebet
deu: schikanös	rel:etymology	deu: -ös
deu: Veterinär	rel:etymology	fra: vétérinaire
deu: Keramikglasur	rel:etymology	deu: Keramik
deu: Elektronenschale	rel:etymology	deu: Schale
deu: Schrapnell	rel:etymology	eng: shrapnel
deu: Göttlichkeit	rel:etymology	deu: göttlich
deu: taff	rel:etymology	yid: טוב
deu: Manövrierfähigkeit	rel:etymology	deu: manövrierfähig
deu: weibisch	rel:etymology	deu: -isch
deu: Hautärztin	rel:etymology	deu: Ärztin
deu: tätowiert	rel:etymology	deu: Tätowierung
deu: unendlich	rel:etymology	deu: un-
deu: Grundgerüst	rel:etymology	deu: Grund
deu: Untersuchung	rel:etymology	deu: -ung
deu: dort	rel:etymology	goh: doret
deu: grün	rel:etymology	goh: gruoni
deu: Image	rel:etymology	eng: image
deu: liieren	rel:etymology	fra: lier
deu: Zündquelle	rel:etymology	deu: Quelle
deu: arglistig	rel:etymology	deu: -ig
deu: ausgleichen	rel:etymology	deu: aus-
deu: Graphit	rel:etymology	grc: γράφω
deu: Einkristall	rel:etymology	deu: Kristall
deu: Salzwasser	rel:etymology	deu: Wasser
deu: urnordisch	rel:etymology	deu: ur-
deu: abkürzen	rel:etymology	deu: kürzen
deu: Getriebewelle	rel:etymology	deu: Getriebe
deu: ausnutzen	rel:etymology	deu: aus-
deu: zahnärztlich	rel:etymology	deu: -lich
deu: Sauerstoffmangel	rel:etymology	deu: Sauerstoff
deu: Waldland	rel:etymology	deu: Land
deu: Lager	rel:etymology	goh: legar
deu: Salzlake	rel:etymology	deu: Lake
deu: Zeptosekunde	rel:etymology	deu: zepto-
deu: aufhören	rel:etymology	deu: auf-
deu: Kukuruzkolben	rel:etymology	deu: Kukuruz
deu: Abenddämmerung	rel:etymology	deu: Abend
deu: Kaffeeklatsch	rel:etymology	deu: Klatsch
deu: Informationstheorie	rel:etymology	deu: Theorie
deu: Raubvogel	rel:etymology	deu: Raub
deu: jähren	rel:etymology	deu: Jahr
deu: Paraguayer	rel:etymology	deu: -er
deu: galant	rel:etymology	fra: galant
deu: aufsaugen	rel:etymology	deu: auf-
deu: Facette	rel:etymology	fra: facette
deu: Festland	rel:etymology	deu: Land
deu: Abfeuerung	rel:etymology	deu: -ung
deu: Haschee	rel:etymology	fra: haschée
deu: persiflieren	rel:etymology	fra: persifler
deu: unparteilich	rel:etymology	deu: un-
deu: Lohn	rel:etymology	goh: lon
deu: Kohlenmonoxid	rel:etymology	deu: Kohle
deu: ausdehnen	rel:etymology	deu: dehnen
deu: überschatten	rel:etymology	deu: Schatten
deu: Mittäterschaft	rel:etymology	deu: Mittäter
deu: unwiderruflich	rel:etymology	deu: -lich
deu: neulich	rel:etymology	deu: -lich
deu: Abfolge	rel:etymology	deu: Folge
deu: Eiskaffee	rel:etymology	deu: Kaffee
deu: Gips	rel:etymology	lat: gypsum
deu: Exoskelett	rel:etymology	deu: Skelett
deu: Holzschutz	rel:etymology	deu: Holz
deu: Ermüdungsfestigkeit	rel:etymology	deu: Ermüdung
deu: Abfeuerung	rel:etymology	deu: ab-
deu: ungelöst	rel:etymology	deu: gelöst
deu: Entschärfung	rel:etymology	deu: ent-
deu: anschauen	rel:etymology	deu: schauen
deu: Infektionskrankheit	rel:etymology	deu: Infektion
deu: Schädigung	rel:etymology	deu: -ung
deu: Etter	rel:etymology	gmh: eter
deu: hochreaktiv	rel:etymology	deu: reaktiv
deu: Porree	rel:etymology	frm: porrée
deu: himmelweit	rel:etymology	deu: weit
deu: Änderung	rel:etymology	deu: ändern
deu: Dreizentrenbindung	rel:etymology	deu: Bindung
deu: himmelschreiend	rel:etymology	deu: schreiend
deu: Blödmann	rel:etymology	deu: blöd
deu: Speiseröhre	rel:etymology	deu: Röhre
deu: Energie	rel:etymology	grc: ἐνέργεια
deu: verbindlich	rel:etymology	deu: -lich
deu: Ökologe	rel:etymology	deu: -loge
deu: monetär	rel:etymology	fra: monétaire
deu: peinlich	rel:etymology	deu: Pein
deu: Perchlorat	rel:etymology	deu: per-
deu: abwracken	rel:etymology	deu: -en
deu: lesbar	rel:etymology	deu: -bar
deu: Gedankenwelt	rel:etymology	deu: Gedanke
deu: Seeräuberei	rel:etymology	deu: -ei
deu: abtragen	rel:etymology	deu: ab-
deu: nachdrucken	rel:etymology	deu: nach-
deu: wasserlöslich	rel:etymology	deu: löslich
deu: grollen	rel:etymology	gmh: grollen
deu: sauerstoffreich	rel:etymology	deu: Sauerstoff
deu: Frühstück	rel:etymology	deu: früh
deu: eng	rel:etymology	goh: engi
deu: schauerlich	rel:etymology	deu: schauern
deu: Affenbrotbaum	rel:etymology	deu: Affe
deu: Grönländer	rel:etymology	deu: Grönland
deu: Gasgemisch	rel:etymology	deu: Gemisch
deu: Dach	rel:etymology	goh: dach
deu: Fragmentierung	rel:etymology	deu: -ung
deu: Stift	rel:etymology	goh: steft
deu: Met	rel:etymology	goh: metu
deu: Künstlichkeit	rel:etymology	deu: -keit
deu: alptraumhaft	rel:etymology	deu: Alptraum
deu: Gemütlichkeit	rel:etymology	deu: -keit
deu: Nervenzelle	rel:etymology	deu: Nerv
deu: verbiegen	rel:etymology	deu: biegen
deu: löschen	rel:etymology	goh: lescan
deu: Ohrstöpsel	rel:etymology	deu: Ohr
deu: Gütergemeinschaft	rel:etymology	deu: Gemeinschaft
deu: echt	rel:etymology	gml: echt
deu: körperlich	rel:etymology	deu: -lich
deu: Geburtshilfe	rel:etymology	deu: Hilfe
deu: Farbänderung	rel:etymology	deu: Änderung
deu: schikanieren	rel:etymology	fra: chicaner
deu: Labradorente	rel:etymology	deu: Labrador
deu: Rasen	rel:etymology	gml: wrase
deu: verwüsten	rel:etymology	deu: ver-
deu: Wasserstoffbrücke	rel:etymology	deu: Brücke
deu: früh	rel:etymology	goh: fruoji
deu: Armin	rel:etymology	lat: Arminius
deu: unempfindlich	rel:etymology	deu: empfindlich
deu: Stein	rel:etymology	goh: stein
deu: Handschuh	rel:etymology	deu: Schuh
deu: verüben	rel:etymology	deu: ver-
deu: Raclette	rel:etymology	fra: raclette
deu: zahnlos	rel:etymology	deu: -los
deu: mazedonisch	rel:etymology	deu: Mazedonien
deu: Veterinärin	rel:etymology	deu: Veterinär
deu: Vorsicht	rel:etymology	deu: vor-
deu: besitzen	rel:etymology	deu: be-
deu: Läufer	rel:etymology	deu: -er
deu: womöglich	rel:etymology	deu: möglich
deu: sehenswert	rel:etymology	deu: sehen
deu: Honigdachs	rel:etymology	deu: Honig
deu: Niederländerin	rel:etymology	deu: -in
deu: akribisch	rel:etymology	deu: Akribie
deu: Programmierer	rel:etymology	deu: programmieren
deu: Erforschung	rel:etymology	deu: erforschen
deu: Windpocken	rel:etymology	deu: Wind
deu: Überlebensdauer	rel:etymology	deu: Überlebens
deu: wiederherstellen	rel:etymology	deu: wieder-
deu: Dorfbewohner	rel:etymology	deu: Dorf
deu: pfundig	rel:etymology	deu: Pfund
deu: Heldin	rel:etymology	deu: -in
deu: Thema	rel:etymology	lat: thema
deu: Wasserstoffsuperoxid	rel:etymology	deu: Wasserstoff
deu: Kaliumchlorat	rel:etymology	deu: Kalium
deu: Altostslawisch	rel:etymology	deu: alt
deu: Brieffreund	rel:etymology	deu: Brief
deu: königlich	rel:etymology	deu: -lich
deu: metastabil	rel:etymology	deu: meta-
deu: Leber	rel:etymology	goh: lebara
deu: Nanopartikel	rel:etymology	deu: nano-
deu: Boratom	rel:etymology	deu: Atom
deu: Burg	rel:etymology	goh: burg
deu: Kampfhund	rel:etymology	deu: Hund
deu: aufgeben	rel:etymology	deu: geben
deu: ablassen	rel:etymology	deu: ab-
deu: stampfen	rel:etymology	goh: stampfōn
deu: vortäuschen	rel:etymology	deu: vor-
deu: demütig	rel:etymology	deu: Demut
deu: Lehnübersetzung	rel:etymology	deu: lehnen
deu: Stundenkilometer	rel:etymology	deu: Kilometer
deu: halbieren	rel:etymology	deu: halb
deu: Stoffgruppe	rel:etymology	deu: Stoff
deu: sauerstofffrei	rel:etymology	deu: frei
deu: Stickstoffbindung	rel:etymology	deu: Stickstoff
deu: Mus	rel:etymology	goh: muos
deu: abbestellen	rel:etymology	deu: bestellen
deu: Tischtuch	rel:etymology	deu: Tuch
deu: altjapanisch	rel:etymology	deu: japanisch
deu: Schaltsekunde	rel:etymology	deu: schalten
deu: Sicherstellung	rel:etymology	deu: -ung
deu: Zwerg	rel:etymology	gmh: twerc
deu: Mittelgebirge	rel:etymology	deu: mittel
deu: ablenken	rel:etymology	deu: ab-
deu: reif	rel:etymology	goh: rifi
deu: Rücktritt	rel:etymology	deu: Tritt
deu: Einfangrate	rel:etymology	deu: Einfang
deu: gabunisch	rel:etymology	deu: Gabun
deu: Erpresser	rel:etymology	deu: erpressen
deu: Karabiner	rel:etymology	fra: carabine
deu: Siliciumdioxid	rel:etymology	deu: Silicium
deu: Fotoempfänger	rel:etymology	deu: foto-
deu: gelb	rel:etymology	gmh: gel
deu: Molekülorbitaltheorie	rel:etymology	deu: Theorie
deu: Kranz	rel:etymology	goh: kranz
deu: Berylliumfluorid	rel:etymology	deu: Beryllium
deu: Behutsamkeit	rel:etymology	deu: behutsam
deu: Einschlussverbindung	rel:etymology	deu: Einschluss
deu: Golfschläger	rel:etymology	deu: Schläger
deu: verspielen	rel:etymology	deu: ver-
deu: Grundfrequenz	rel:etymology	deu: Grund
deu: Ungleichgewicht	rel:etymology	deu: Gleichgewicht
deu: Belohnung	rel:etymology	deu: lohnen
deu: überflüssig	rel:etymology	deu: über-
deu: tatsächlich	rel:etymology	deu: Tatsache
deu: Briefbombe	rel:etymology	deu: Bombe
deu: Treue	rel:etymology	goh: triuwa
deu: Kanonier	rel:etymology	fra: canonnier
deu: Maulkorberlass	rel:etymology	deu: Maulkorb
deu: Polizistin	rel:etymology	deu: Polizist
deu: eingehen	rel:etymology	deu: gehen
deu: dienen	rel:etymology	goh: dionon
deu: Flüssigtreibstoffrakete	rel:etymology	deu: Rakete
deu: Raumfahrttechnik	rel:etymology	deu: Raumfahrt
deu: Klassenpfad	rel:etymology	deu: Klasse
deu: Reisekader	rel:etymology	deu: Reise
deu: Schnitzwerk	rel:etymology	deu: schnitzen
deu: wackeln	rel:etymology	gmh: wacken
deu: Übergangsmetall	rel:etymology	deu: Übergang
deu: Narr	rel:etymology	goh: narro
deu: rot-grün	rel:etymology	deu: grün
deu: Lehnsherr	rel:etymology	deu: Lehen
deu: auswandern	rel:etymology	deu: wandern
deu: Weltpriester	rel:etymology	deu: Priester
deu: Ostfriesland	rel:etymology	deu: Osten
deu: Grundwasser	rel:etymology	deu: Grund
deu: Absatz	rel:etymology	deu: ab-
deu: ausbuhen	rel:etymology	deu: buhen
deu: Borsäure	rel:etymology	deu: Bor
deu: Ugander	rel:etymology	deu: -er
deu: aufgrund	rel:etymology	deu: Grund
deu: Schafhirte	rel:etymology	deu: Schaf
deu: lieblich	rel:etymology	deu: lieben
deu: Quarzglas	rel:etymology	deu: Glas
deu: Leben	rel:etymology	gmh: leben
deu: Energiefreisetzung	rel:etymology	deu: Energie
deu: Potentialdifferenz	rel:etymology	deu: Potential
deu: abzocken	rel:etymology	deu: ab-
deu: Fundi	rel:etymology	deu: -i
deu: Fluoressigsäure	rel:etymology	deu: Essigsäure
deu: Silbe	rel:etymology	goh: sillaba
deu: unvollständig	rel:etymology	deu: un-
deu: Papierdeutsch	rel:etymology	deu: Papier
deu: Treppennatter	rel:etymology	deu: Treppe
deu: fünf	rel:etymology	dum: fimf
deu: Gebet	rel:etymology	goh: gibet
deu: Kuhstall	rel:etymology	deu: Stall
deu: ärmellos	rel:etymology	deu: -los
deu: Buchhalter	rel:etymology	deu: halten
deu: ballförmig	rel:etymology	deu: Form
deu: kacken	rel:etymology	lat: cacare
deu: abgöttisch	rel:etymology	deu: Abgott
deu: Knecht	rel:etymology	gmh: knëht
deu: Schmierfett	rel:etymology	deu: Schmier
deu: postfrisch	rel:etymology	deu: Post
deu: kuwaitisch	rel:etymology	deu: Kuwait
deu: Privatwirtschaft	rel:etymology	deu: privat
deu: Langschwanzkatze	rel:etymology	deu: Schwanz
deu: je	rel:etymology	goh: io
deu: Suchtgift	rel:etymology	deu: Sucht
deu: wassergekühlt	rel:etymology	deu: gekühlt
deu: Steinadler	rel:etymology	deu: Adler
deu: Spritze	rel:etymology	deu: spritzen
deu: Lückentext	rel:etymology	deu: Lücke
deu: mehrstufig	rel:etymology	deu: mehr-
deu: Ethergruppe	rel:etymology	deu: Gruppe
deu: vorteilhaft	rel:etymology	deu: Vorteil
deu: herauszoomen	rel:etymology	deu: heraus-
deu: Fettmolekül	rel:etymology	deu: Fett
deu: klingen	rel:etymology	goh: klingan
deu: membranständig	rel:etymology	deu: Membran
deu: Trägergas	rel:etymology	deu: Gas
deu: Heuler	rel:etymology	deu: heulen
deu: Überheblichkeit	rel:etymology	deu: überheblich
deu: Coventrisierung	rel:etymology	deu: -ung
deu: Elektrodenpotential	rel:etymology	deu: Elektrode
deu: Chaiselongue	rel:etymology	fra: chaise-longue
deu: Lückentext	rel:etymology	deu: Text
deu: Luftzerlegung	rel:etymology	deu: Zerlegung
deu: ungangbar	rel:etymology	deu: gangbar
deu: Republikflüchtling	rel:etymology	deu: Republik
deu: Ureinwohner	rel:etymology	deu: ur-
deu: Vogelbeere	rel:etymology	deu: Beere
deu: Stickstoffatom	rel:etymology	deu: Atom
deu: Stethoskop	rel:etymology	fra: stéthoscope
deu: Abschiebung	rel:etymology	deu: -ung
deu: Handstand	rel:etymology	deu: Stand
deu: schrittweise	rel:etymology	deu: -weise
deu: Mauerfall	rel:etymology	deu: Mauer
deu: Metonymie	rel:etymology	lat: metonymia
deu: Stickstoffhalogenid	rel:etymology	deu: Stickstoff
deu: Wacht	rel:etymology	goh: wahta
deu: aufpassen	rel:etymology	deu: passen
deu: Brennschneid	rel:etymology	deu: Schneid
deu: bringen	rel:etymology	goh: bringan
deu: Farbwechsel	rel:etymology	deu: Farbe
deu: Zahnbürste	rel:etymology	deu: Zahn
deu: Zeitzeuge	rel:etymology	deu: Zeuge
deu: Leopard	rel:etymology	lat: leopardus
deu: Chromnitrid	rel:etymology	deu: Nitrid
deu: Wenfall	rel:etymology	deu: wen
deu: Schwarm	rel:etymology	goh: swarm
deu: Kardiologe	rel:etymology	deu: -loge
deu: durchziehen	rel:etymology	deu: durch-
deu: Weizen	rel:etymology	goh: weizi
deu: Plasmabrenner	rel:etymology	deu: Plasma
deu: unnatürlich	rel:etymology	deu: un-
deu: gaffen	rel:etymology	gmh: gaffen
deu: konkretisieren	rel:etymology	deu: -isieren
deu: Wutbürger	rel:etymology	deu: Bürger
deu: Umgebungsluft	rel:etymology	deu: Umgebung
deu: Gewürzgurke	rel:etymology	deu: Gewürz
deu: Zirkusschule	rel:etymology	deu: Schule
deu: Hochmittelalter	rel:etymology	deu: Mittelalter
deu: leichtsinnigerweise	rel:etymology	deu: leichtsinnig
deu: Gaumen	rel:etymology	goh: goumo
deu: Latein	rel:etymology	gmh: latin
deu: irre	rel:etymology	goh: irri
deu: Gesetzbuch	rel:etymology	deu: Gesetz
deu: Akkordeonspielerin	rel:etymology	deu: Akkordeon
deu: absondern	rel:etymology	deu: ab-
deu: Mittelfinger	rel:etymology	deu: Finger
deu: unternehmen	rel:etymology	deu: nehmen
deu: Referenz	rel:etymology	fra: référence
deu: Cyanogenbromid	rel:etymology	deu: Cyanogen
deu: Marodeur	rel:etymology	fra: maraudeur
deu: ungewöhnlich	rel:etymology	deu: gewöhnlich
deu: Vorhaut	rel:etymology	deu: vor-
deu: Münchener	rel:etymology	deu: -er
deu: Menschenrecht	rel:etymology	deu: Recht
deu: Temperaturwechselbeständigkeit	rel:etymology	deu: Temperatur
deu: Völkerkunde	rel:etymology	deu: Kunde
deu: jetzig	rel:etymology	deu: jetzt
deu: japanisch	rel:etymology	deu: -isch
deu: Phykologie	rel:etymology	deu: -logie
deu: Volksarmee	rel:etymology	deu: Volk
deu: verhüllen	rel:etymology	deu: ver-
deu: Feuerlöschmittel	rel:etymology	deu: Löschmittel
deu: Aperitif	rel:etymology	fra: apéritif
deu: unfehlbar	rel:etymology	deu: un-
deu: Rassentrennung	rel:etymology	deu: Trennung
deu: anorganisch	rel:etymology	deu: organisch
deu: blutähnlich	rel:etymology	deu: Blut
deu: Elektronenaffinität	rel:etymology	deu: Elektron
deu: Betriebstemperaturspanne	rel:etymology	deu: Betrieb
deu: anfechten	rel:etymology	deu: fechten
deu: einfallen	rel:etymology	deu: ein-
deu: mittellos	rel:etymology	deu: Mittel
deu: Geldwechsler	rel:etymology	deu: wechseln
deu: First	rel:etymology	goh: first
deu: zoomen	rel:etymology	eng: zoom
deu: Rassenchaos	rel:etymology	deu: Rasse
