ara: ḳdm	rel:etymology	ara: ḳaddama
ara: ˁdl	rel:etymology	ara: ˁadala
ara: ḍrb	rel:etymology	ara: ḍaraba
ara: bdl	rel:etymology	ara: badal
ara: aχχara	rel:etymology	ara: āχir
ara: ḳdm	rel:etymology	ara: ḳadama
ara: hmm	rel:etymology	ara: hamma
ara: ˁẓm	rel:etymology	ara: ˁaẓīm
ara: dfl	rel:etymology	Aramice/Süryanice: daphnā
ara: şḳḳ	rel:etymology	ara: şaḳḳ
ara: ˁzl	rel:etymology	ara: ˁazala
ara: hmm	rel:etymology	ara: hamma
ara: قادس	rel:etymology	lat: Gades
ara: ḥāşa-llāhi	rel:etymology	ara: ḥşy
ara: ˁṣy	rel:etymology	ara: ˁaṣā
ara: raḳḳana	rel:etymology	ara: raḳama
ara: hmş	rel:etymology	ara: hamaşa
ara: chl	rel:etymology	ara: cahala
ara: ḥky	rel:etymology	ara: ḥikāya(t)
ara: hykl	rel:etymology	İbranice ve Aramice/Süryanice: hēkāl
ara: krr	rel:etymology	ara: karra
ara: wbl	rel:etymology	ara: wabala
ara: bdˁ	rel:etymology	ara: badīˁa(t)
ara: kfw	rel:etymology	ara: kafā
ara: ḥrf	rel:etymology	ara: ḥarafa
ara: ywm	rel:etymology	İbranice ve Aramice/Süryanice: yōm
ara: ḥrr	rel:etymology	Aramice/Süryanice: ḥōr 
ara: drc	rel:etymology	ara: daraca
ara: ḥḳḳ	rel:etymology	ara: ḥaḳḳa
ara: brr	rel:etymology	ara: barr
ara: ṭfl	rel:etymology	Aramice/Süryanice: ṭpl
ara: χlw	rel:etymology	ara: χalā
ara: χṭr	rel:etymology	ara: χaṭara
ara: ḳibla(t)	rel:etymology	per: numā
ara: ṭarī	rel:etymology	per: tar
ara: ḥwl	rel:etymology	ara: ḥāl
ara: دبران	rel:etymology	ara: دبر
ara: dyn	rel:etymology	Orta Farsça: dēn
ara: ṭufaylī	rel:etymology	ara: ṭufayl
ara: ks̠f	rel:etymology	ara: kaṯufa
ara: sunnī	rel:etymology	ara: snn
ara: zubānī	rel:etymology	ara: zabana
ara: mny	rel:etymology	ara: manī
ara: ḳariba	rel:etymology	Aramice/Süryanice: ḳrēb
ara: hwr	rel:etymology	ara: hāra
ara: صابون	rel:etymology	lat: sapo
ara: hcr	rel:etymology	ara: hacara
ara: bḥṯ	rel:etymology	ara: baḥa
ara: flsf	rel:etymology	grc: philosophía
ara: ḥşw	rel:etymology	ara: ḥaşā
ara: hmm	rel:etymology	ara: hamma
ara: kbr	rel:etymology	ara: kabīr
ara: sallama	rel:etymology	ara: salima
ara: frˁ	rel:etymology	ara: faraˁa
ara: ins	rel:etymology	ara: cinn
ara: بورق	rel:etymology	fas: بوره
ara: cwz	rel:etymology	ara: cāza
ara: As̠r	rel:etymology	ara: aṯṯara
ara: şˁr	rel:etymology	ara: şaˁara
ara: ḥmr	rel:etymology	ara: aḥmar
ara: rḥm	rel:etymology	ara: raḥima
ara: frˁ	rel:etymology	ara: farˁ
ara: χlḳ	rel:etymology	ara: χalīḳa(t)
ara: şkw	rel:etymology	ara: şakā
ara: ḳdm	rel:etymology	ara: ḳadīm
ara: ديوان	rel:etymology	fas: دیوان
ara: χff	rel:etymology	ara: χaffa
ara: ṭlˁ	rel:etymology	ara: ṭalaˁa
ara: موسكو	rel:etymology	fra: Moscou
ara: dḳḳ	rel:etymology	ara: daḳḳa
ara: ḳbḍ	rel:etymology	ara: māl
ara: nāṣir	rel:etymology	ara: naṣara
ara: ṭḥn	rel:etymology	ara: ṭaḥana
ara: wḳˁ	rel:etymology	ara: wuḳūˁ
ara: χdm	rel:etymology	ara: χadama
ara: ṣrḥ	rel:etymology	ara: ṣaraḥa
ara: ṭfl	rel:etymology	ara: ṭifl
ara: ṭrd	rel:etymology	ara: ṭarada
ara: درويش	rel:etymology	ara: درویش
ara: ˁāḳil	rel:etymology	per: dānā
ara: ˁwd	rel:etymology	ara: ˁāˀida(t)
ara: drs	rel:etymology	ara: darasa
ara: χlṣ	rel:etymology	ara: χalaṣa
ara: ḳnb	rel:etymology	Aramice/Süryanice: ḳanabbīs
ara: şyˁ	rel:etymology	ara: şāˁa
ara: fḳr	rel:etymology	ara: faḳīr
ara: bū	rel:etymology	ara: ḥbb
ara: تكفور	rel:etymology	hye: թագաւոր
ara: ˁaks	rel:etymology	ara: ṣadā
ara: şrḥ	rel:etymology	ara: şaraḥa
ara: mşy	rel:etymology	ara: maşā
ara: wḳf	rel:etymology	ara: waḳafa
ara: şfˁ	rel:etymology	ara: şafaˁa
ara: cmˁ	rel:etymology	ara: camaˁa
ara: summāḳī	rel:etymology	ara: smḳ
ara: ḳrb	rel:etymology	Aramice/Süryanice: ḳrb
ara: ˁāmmī	rel:etymology	ara: ˁmm
ara: شرشف	rel:etymology	ota: چارشاف
ara: ḥṣṣ	rel:etymology	ara: χaṣṣa
ara: hḍm	rel:etymology	ara: haḍama
ara: ˁtḳ	rel:etymology	ara: ˁatiḳa
ara: ˁkb	rel:etymology	Aramice/Süryanice: ˁakkabītā
ara: sḥr	rel:etymology	ara: saχχara
ara: ḥḳb	rel:etymology	ara: ḥaḳaba
ara: Amn	rel:etymology	ara: amana
ara: in	rel:etymology	ara: şyA
ara: yasār	rel:etymology	ara: yasara
ara: ṭrḥ	rel:etymology	ara: ṭaraḥa
ara: caluda	rel:etymology	ara: cild
ara: ˁṭw	rel:etymology	ara: ˁaṭā
ara: fˁl	rel:etymology	ara: faˁala
ara: الصين	rel:etymology	san: चीन
ara: ġalla	rel:etymology	ara: ġaşşa
ara: hicrī	rel:etymology	ara: hcr
ara: mlk	rel:etymology	ara: malaka
ara: Aḏn	rel:etymology	ara: aḏina
ara: flk	rel:etymology	Aramice/Süryanice: pelekā
ara: Arḍ	rel:etymology	ara: arḍ
ara: şnˁ	rel:etymology	ara: şanuˁa
ara: مدرسة	rel:etymology	ara: درس
ara: χms	rel:etymology	ara: χamsa(t)
ara: frş	rel:etymology	ara: farş
ara: مالقة	rel:etymology	lat: Malaca
ara: Aχḏ	rel:etymology	ara: aχaḏa
ara: dwl	rel:etymology	ara: dāla
ara: قيثارة	rel:etymology	lat: cithara
ara: ḳrA	rel:etymology	Süryanice: ḳeryānā
ara: دوش	rel:etymology	fra: douche
ara: kşf	rel:etymology	ara: kaşafa
ara: frġ	rel:etymology	ara: faraġa
ara: sḳṭ	rel:etymology	ara: saḳaṭa
ara: şāḳul 	rel:etymology	Aramice/Süryanice: şāḳūl
ara: ksr	rel:etymology	grc: eksaíresis
ara: ins	rel:etymology	Aramice/Süryanice: nş
ara: nfs	rel:etymology	ara: nafs
ara: ˁly	rel:etymology	ara: ˁalā
ara: χlf	rel:etymology	ara: χalīfa(t)
ara: clw	rel:etymology	Aramice/Süryanice: tagallā
ara: ḳḍy	rel:etymology	ara: ḳaḍā
ara: ˁḳḳ	rel:etymology	Aramice/Süryanice: ˁaḳīḳ
ara: fnn	rel:etymology	ara: fanan
ara: iḍmaḥalla	rel:etymology	ara: ḍaḥala
ara: dlḳ	rel:etymology	ara: dalaḳa
ara: crd	rel:etymology	ara: carada
ara: cmˁ	rel:etymology	ara: camaˁa
ara: blġ	rel:etymology	ara: balaġa
ara: χwn	rel:etymology	ara: hāna
ara: dhş	rel:etymology	ara: dahişa
ara: ايون	rel:etymology	eng: ion
ara: samtu-r-raˀs	rel:etymology	ara: samt
ara: ḍmn	rel:etymology	ara: ḍamana
ara: χnzr	rel:etymology	Aramice/Süryanice: χazīr
ara: hmz	rel:etymology	ara: hamaza
ara: darb	rel:etymology	Orta Farsça: darbāzag
ara: ġny	rel:etymology	ara: ġaniya
ara: ˁnd	rel:etymology	ara: ˁanada
ara: bardu'l-ˁacuz	rel:etymology	ara: brd
ara: fcˁ	rel:etymology	ara: facaˁa
ara: Amm	rel:etymology	ara: amma
ara: dkn	rel:etymology	Aramice/Süryanice: dūkanā
ara: χṣṣ	rel:etymology	ara: χaṣṣa
ara: dwr	rel:etymology	ara: dāra
ara: ḥrr	rel:etymology	ara: ḥurr
ara: عفوا	rel:etymology	ara: عفا
ara: crr	rel:etymology	ara: s̠ḳl
ara: wrχ	rel:etymology	Eski Güney Arapça: warχ
ara: şḳw	rel:etymology	ara: şaḳīy
ara: nzl	rel:etymology	ara: nazala
ara: افتعال	rel:etymology	ara: افتعل
ara: şrb	rel:etymology	ara: şaraba
ara: Azl	rel:etymology	Aramice/Süryanice: Azl
ara: fst	rel:etymology	Aramice/Süryanice: piştān
ara: skt	rel:etymology	ara: sakata
ara: flḳ	rel:etymology	grc: phálanks, phalang-
ara: ṭwl	rel:etymology	ara: ṭāla
ara: برنس	rel:etymology	grc: βίρρος
ara: fny	rel:etymology	ara: fanā
ara: Asf	rel:etymology	ara: asifa
ara: nzl	rel:etymology	ara: nazala
ara: ġrb	rel:etymology	ara: ġaraba
ara: cmˁ	rel:etymology	ara: camaˁa
ara: Ans	rel:etymology	ara: anisa
ara: ṭbḳ	rel:etymology	Orta Farsça: tabak
ara: dyn	rel:etymology	ara: dayn
ara: fχr	rel:etymology	ara: faχara
ara: ˁyn	rel:etymology	ara: ˁayn
ara: dahşa(t)	rel:etymology	per: engīz
ara: nhw	rel:etymology	ara: nahā
ara: fˁl	rel:etymology	ara: fiˁl
ara: wfḳ	rel:etymology	ara: wafiḳa
ara: cwz	rel:etymology	ara: cāza
ara: ˁḍw	rel:etymology	ara: ˁuḍw
ara: χlf	rel:etymology	ara: χalafa
ara: ka-ḏā	rel:etymology	ara: ka
ara: χlḳ	rel:etymology	ara: χalaḳa
ara: dfˁ	rel:etymology	ara: dafaˁa
ara: canna	rel:etymology	İbranice ve Aramice/Süryanice: gny
ara: ˁyş	rel:etymology	ara: ˁāşa
ara: ṭbˁ	rel:etymology	ara: ṭabaˁa
ara: şrk	rel:etymology	ara: şarika
ara: χlṣ	rel:etymology	ara: χalaṣa
ara: csm	rel:etymology	ara: casuma
ara: dyn	rel:etymology	ara: dīn
ara: ḥṣr	rel:etymology	Aramice/Süryanice: ḥṣr
ara: dā	rel:etymology	ara: ṣila(t)
ara: wkl	rel:etymology	ara: wakīl
ara: wḳˁ	rel:etymology	ara: waḳaˁa
ara: ḥrṣ	rel:etymology	ara: ḥaraṣa
ara: هرم	rel:etymology	ara: هرم
ara: ḳbr	rel:etymology	ara: ḳabara
ara: clb	rel:etymology	ara: calaba
ara: fṭr	rel:etymology	ara: faṭara
ara: ˁmr	rel:etymology	ara: ˁamara
ara: رمضان	rel:etymology	ara: ارتمض
ara: ḥrr	rel:etymology	ara: ḥarra
ara: tḥf	rel:etymology	ara: tuḥfa(t)
ara: ḥṣd	rel:etymology	ara: ḥaṣada
ara: ˁşr	rel:etymology	ara: ˁaşr 
ara: ḥabasa	rel:etymology	Aramice/Süryanice: #χbş
ara: ˁlw	rel:etymology	ara: ˁalā
ara: lwn	rel:etymology	ara: lawn
ara: farˁ	rel:etymology	ara: faraˁa
ara: dwr	rel:etymology	ara: dāra
ara: sanna	rel:etymology	ara: sinn
ara: fˁl	rel:etymology	ara: faˁala
ara: şˁr	rel:etymology	Aramice/Süryanice: saˁrā
ara: آدم	rel:etymology	heb: אדם
ara: ḥaḳḳānī	rel:etymology	ara: ḥaḳḳ
ara: ḏw	rel:etymology	ara: ḏū
ara: cuzˀ	rel:etymology	per: dān
ara: ḥncr	rel:etymology	heb: gargeret
ara: wld	rel:etymology	ara: walada
ara: zayt	rel:etymology	Aramice/Süryanice: zeytā
ara: χfy	rel:etymology	ara: χafā
ara: frz	rel:etymology	ara: faraza
ara: χtm	rel:etymology	Aramice/Süryanice: ḥātam, ḥātəmā
ara: crbz	rel:etymology	ara: curbuz
ara: bġy	rel:etymology	ara: baġā
ara: kitra(t)	rel:etymology	Aramice/Süryanice: ḳṭrān
ara: flsf	rel:etymology	grc: philósophos
ara: بنيان	rel:etymology	guj: વાણિયો
ara: fˁl	rel:etymology	ara: faˁala
ara: lzm	rel:etymology	ara: lazima
ara: baˁad	rel:etymology	ara: al-mawt
ara: Ahl	rel:etymology	ara: ahl
ara: ḥuḳḳa(t)	rel:etymology	Aramice/Süryanice: *ḥuḳḳā
ara: ḳlm	rel:etymology	grc: klíma
ara: kfw	rel:etymology	ara: kafā
ara: ḥṭṭ	rel:etymology	ara: ḥaṭṭa
ara: لقلق	rel:etymology	fas: لک‌لک
ara: فارسي	rel:etymology	fas: پارسی
ara: ḥcb	rel:etymology	ara: ḥacaba
ara: ˁawāriyya(t)	rel:etymology	ara: ˁwr
ara: fuḍūlī	rel:etymology	ara: fḍl
ara: wḳf	rel:etymology	ara: waḳafa
ara: blw	rel:etymology	ara: balā
ara: fucāˀatan	rel:etymology	ara: fcA
ara: ḳsr	rel:etymology	Aramice/Süryanice: ḳastrā 
ara: ˁḳm	rel:etymology	ara: ˁaḳīm
ara: كوبري	rel:etymology	tur: köprü
ara: wḳr	rel:etymology	ara: waḳura
ara: kwn	rel:etymology	ara: kāˀina(t)
ara: kml	rel:etymology	ara: kamala
ara: şbk	rel:etymology	ara: şabaka
ara: Alm	rel:etymology	ara: alima
ara: شبث	rel:etymology	fas: شوید
ara: ṭlḳ	rel:etymology	ara: ṭalaḳa
ara: ḥrḳ	rel:etymology	per: zada
ara: wcb	rel:etymology	ara: wacaba
ara: ḳwl	rel:etymology	ara: ḳāla
ara: durzī	rel:etymology	per: darzī
ara: ثلث	rel:etymology	ara: ثلاث
ara: ˁmm	rel:etymology	ara: ˁamma
ara: hcw	rel:etymology	Aramice/Süryanice: hgy
ara: şyṭ	rel:etymology	heb: şṭn
ara: bṭw	rel:etymology	grc: potḗrion
ara: cahannam	rel:etymology	Aramice/Süryanice: gehīnnām 
ara: lyf	rel:etymology	ara: līf
ara: bdd	rel:etymology	ara: badda
ara: rdd	rel:etymology	ara: radda
ara: kry	rel:etymology	ara: karā
ara: ġfl	rel:etymology	ara: ġafala
ara: kayfa	rel:etymology	ara: kayf
ara: fāriḳa(t)	rel:etymology	ara: frḳ
ara: şrf	rel:etymology	ara: şarafa
ara: nẓr	rel:etymology	ara: naẓara
ara: ḥlm	rel:etymology	ara: ḥaluma
ara: zarḳūn	rel:etymology	per: āzargūn
ara: ḳdr	rel:etymology	ara: ḳadara
ara: sl	rel:etymology	ara: silsila(t)
ara: nkr	rel:etymology	ara: nakara
ara: blh	rel:etymology	ara: baliha
ara: ˁaşaḳ	rel:etymology	Aramice/Süryanice: ˁāşaḳ
ara: slṭ	rel:etymology	Aramice/Süryanice: şilṭōn, şulṭānā
ara: ḳmr	rel:etymology	ara: ḳamar
ara: مشتري	rel:etymology	ara: شرى
ara: ˁḳd	rel:etymology	ara: ˁaḳada
ara: ṭwr	rel:etymology	Aramice/Süryanice: ṭwr
ara: bḥr	rel:etymology	ara: baḥara
ara: ḥlc	rel:etymology	ara: ḥalaca
ara: فرن	rel:etymology	lat: furnus
ara: ليمون	rel:etymology	fas: لیمو
ara: dftr	rel:etymology	Aramice/Süryanice: diphterā
ara: دريان	rel:etymology	eng: durian
ara: ḥll	rel:etymology	ara: ḥalla
ara: ḥbb	rel:etymology	ara: ḥabb
ara: ḏrw	rel:etymology	ara: ḏarā
ara: wḥd	rel:etymology	ara: aḥad
ara: χrc	rel:etymology	ara: χaraca
ara: byˁ	rel:etymology	ara: bāˁa
ara: cbh	rel:etymology	Aramice/Süryanice: gbh
ara: ˁcm	rel:etymology	İbranice ve Aramice/Süryanice: agamah
ara: كنعان	rel:etymology	heb: כנען
ara: سماق	rel:etymology	syc: ܣܘܡܩ
ara: ḍbṭ	rel:etymology	ara: ḍabaṭa
ara: carraba	rel:etymology	ara: carab
ara: bdˁ	rel:etymology	ara: badaˁa
ara: şkl	rel:etymology	ara: şakl
ara: czr	rel:etymology	ara: cazara
ara: Ans	rel:etymology	ara: ins
ara: caḏama	rel:etymology	Aramice/Süryanice: gādam
ara: ḍyˁ	rel:etymology	ara: ḍāˁa
ara: kfr	rel:etymology	ara: kafara
ara: smy	rel:etymology	ara: ism
ara: ḳṭˁ	rel:etymology	ara: ḳaṭaˁa
ara: bṭl	rel:etymology	ara: baṭala
ara: ˁlm	rel:etymology	ara: ˁālim
ara: kfr	rel:etymology	ara: kafara
ara: dwy	rel:etymology	ara: dawāˀ
ara: clw	rel:etymology	ara: calā
ara: kayfa kadar	rel:etymology	ara: kayfa
ara: χms	rel:etymology	ara: χamsa(t)
ara: شيخ	rel:etymology	ara: شاخ
ara: لهذا	rel:etymology	ara: هذا
ara: nzh	rel:etymology	ara: nazaha
ara: bny	rel:etymology	ara: banā
ara: جنوبي	rel:etymology	ara: ي
ara: şrḥ	rel:etymology	ara: şaraḥa
ara: خريطة	rel:etymology	grc: χάρτης
ara: an-nīl	rel:etymology	Sanskritçe: nīla
ara: ġaraba	rel:etymology	Aramice/Süryanice: ˁrēbā
ara: saliḳūn 	rel:etymology	grc: syrikón
ara: قرمز	rel:etymology	fas: کرمست
ara: fsd	rel:etymology	ara: fasada
ara: wzr	rel:etymology	ara: wazīr
ara: ksb	rel:etymology	ara: kasaba
ara: جمرك	rel:etymology	tur: gümrük
ara: arġanūn 	rel:etymology	grc: órganon
ara: rwc	rel:etymology	ara: rāca
ara: ks̠f	rel:etymology	ara: kaṯafa
ara: şrˁ	rel:etymology	ara: şarīˁ
ara: χlc	rel:etymology	ara: χalaca
ara: wṣy	rel:etymology	ara: waṣiya
ara: شرموطة	rel:etymology	ara: شرمط
ara: ḳwy	rel:etymology	ara: ḳawwā
ara: nḳṣ	rel:etymology	ara: naḳaṣa
ara: hlk	rel:etymology	ara: halaka
ara: flḳ	rel:etymology	ara: falaḳa
ara: şrf	rel:etymology	ara: şarīf
ara: wṣl	rel:etymology	ara: waṣala
ara: ṣdf	rel:etymology	ara: ṣadafa
ara: χrḳ	rel:etymology	ara: ˁāda(t)
ara: ˁzz	rel:etymology	ara: ˁazza
ara: byt	rel:etymology	ara: bāta
ara: ˁrf	rel:etymology	İbranice ve Aramice/Süryanice: ˁrb
ara: ḥalazūn	rel:etymology	Aramice/Süryanice: ḥalāzon, ḥilzonā
ara: amana	rel:etymology	heb: amānah
ara: şrb	rel:etymology	ara: şaraba
ara: bū ḳalamūn	rel:etymology	ara: bū
ara: ḳṣṣ	rel:etymology	ara: ḳāṣṣa
ara: tişrīn	rel:etymology	Aramice/Süryanice: tişrīn
ara: ḥşw	rel:etymology	ara: ḥaşā
ara: ṭhr	rel:etymology	ara: ṭahara
ara: rbṭ	rel:etymology	ara: rabaṭa
ara: كافور	rel:etymology	msa: kapur
ara: ḥml	rel:etymology	ara: ḥamala
ara: halaka	rel:etymology	Aramice/Süryanice: hlk
ara: ṭrf	rel:etymology	ara: ṭaraf
ara: wḳy	rel:etymology	ara: waḳā
ara: χayr	rel:etymology	per: χʷāh
ara: ˁyn	rel:etymology	ara: ˁāyana
ara: krh	rel:etymology	ara: kariha
ara: χlḳ	rel:etymology	ara: χulḳ
ara: czr	rel:etymology	per: gazar
ara: ḳṭf	rel:etymology	ara: ḳaṭīfa(t)
ara: χlc	rel:etymology	ara: χalaca
ara: ˁḳd	rel:etymology	ara: ˁaḳīda(t)
ara: ḳwm	rel:etymology	ara: ḳāma
ara: tbˁ	rel:etymology	ara: tabaˁa
ara: ḍˁf	rel:etymology	ara: ḍaˁafa
ara: hml	rel:etymology	ara: hamal
ara: lġw	rel:etymology	ara: laġā
ara: karā	rel:etymology	Aramice/Süryanice: kry
ara: يعقوبيان	rel:etymology	hye: Յակուբյան
ara: kḏb	rel:etymology	ara: kaḏaba
ara: fḍl	rel:etymology	ara: faḍala
ara: ġdd	rel:etymology	Orta Farsça: gund
ara: ˁadam	rel:etymology	ara: markazī
ara: znbḳ	rel:etymology	Orta Farsça: zanbak
ara: sχn	rel:etymology	ara: saχuna
ara: ألمانيا	rel:etymology	spa: Alemania
ara: χmn	rel:etymology	ara: χammana
ara: cundī	rel:etymology	ara: cund
ara: ḳṣd	rel:etymology	ara: ḳaṣada
ara: krm	rel:etymology	ara: karīm
ara: cwd	rel:etymology	ara: cāda
ara: whm	rel:etymology	ara: wahm
ara: ḳlnc	rel:etymology	gre: *kōlingós
ara: kwn	rel:etymology	ara: kāna
ara: wkl	rel:etymology	ara: wakala
ara: ḏhb	rel:etymology	ara: ḏahaba
ara: şrṭ	rel:etymology	ara: şarṭ
ara: zwc	rel:etymology	Aramice/Süryanice: zwg
ara: wsṭ	rel:etymology	ara: wasaṭa
ara: ˁrḍ	rel:etymology	ara: ˁaraḍa
ara: cry	rel:etymology	ara: carā
ara: ummī	rel:etymology	Aramice/Süryanice: ˀummtā
ara: kalak	rel:etymology	akk: kalakku
ara: ẓfr	rel:etymology	ara: ẓafira
ara: Amm	rel:etymology	ara: amma
ara: ḥbb	rel:etymology	ara: ḥbb
ara: ġsl	rel:etymology	ara: ġasala
ara: ḏˁn	rel:etymology	ara: ḏaˁana
ara: hzA	rel:etymology	ara: hazaˀa
ara: معلوم	rel:etymology	ara: علم
ara: wḳˁ	rel:etymology	ara: waḳaˁa
ara: Falastīn	rel:etymology	lat: Palaestina
ara: ḏyl	rel:etymology	ara: ḏāla
ara: krr	rel:etymology	ara: karra
ara: ḥḍr	rel:etymology	ara: ḥaḍara
ara: hyc	rel:etymology	ara: hāca
ara: ḍrr	rel:etymology	ara: ḍarra
ara: ḳwl	rel:etymology	ara: ḳāla
ara: ḥyy	rel:etymology	ara: ḥayya
ara: taḥṣīl	rel:etymology	per: dār
ara: crḥ	rel:etymology	ara: caraḥa
ara: حديث	rel:etymology	ara: حدث
ara: hyA	rel:etymology	ara: hāˀa
ara: χtm	rel:etymology	ara: χatama
ara: s̠ny	rel:etymology	ara: s̠anā
ara: تنبل	rel:etymology	fas: تنبل
ara: uχrawī	rel:etymology	ara: Aχr
ara: سنة	rel:etymology	ara: سن
ara: wrs̠	rel:etymology	ara: wariṯa
ara: krr	rel:etymology	ara: karra(t)
ara: ˁḳl	rel:etymology	ara: ˁaḳala
ara: ḥifẓ	rel:etymology	ara: ṣiḥḥa(t)
ara: şkl	rel:etymology	ara: şakl
ara: tcr	rel:etymology	ara: tācir
ara: إكسير	rel:etymology	grc: ξήριον
ara: ftr	rel:etymology	ara: fatara
ara: ḥḏḳ	rel:etymology	ara: ḥaḏāḳa(t)
ara: Aχw	rel:etymology	ara: aχ
ara: zwy	rel:etymology	ara: zawā
ara: kfl	rel:etymology	ara: kafala
ara: ˁḳm	rel:etymology	ara: ˁaḳama
ara: drc	rel:etymology	ara: daraca
ara: ṭbḳ	rel:etymology	ara: ṭibḳ
ara: fns	rel:etymology	grc: phanós
ara: dabbara	rel:etymology	ara: dubr
ara: aṣlan	rel:etymology	ara: Aṣl
ara: tḥf	rel:etymology	ara: tuḥfa(t)
ara: hyy	rel:etymology	ara: ḥayya
ara: ẓufr 	rel:etymology	Aramice/Süryanice: ṭpr
ara: ṭrf	rel:etymology	ara: ṭarafa
ara: aylūl	rel:etymology	Aramice/Süryanice: ˀelūl
ara: ksr	rel:etymology	ara: kasara
ara: abcad	rel:etymology	Aramice/Süryanice: aleph beth gmel daleth
ara: χafā	rel:etymology	Aramice/Süryanice: ḥpy
ara: cnb	rel:etymology	ara: cunub
ara: dāru'l-fulful	rel:etymology	per: dār-i pilpil
ara: tafṣīl	rel:etymology	ara: faṣṣala
ara: χṭr	rel:etymology	ara: χaṭara
ara: lsn	rel:etymology	ara: lisān
ara: ġşş	rel:etymology	ara: ġaşşa
ara: صکّ	rel:etymology	fas: چک
ara: adabī	rel:etymology	ara: Adb
ara: ftn	rel:etymology	ara: fatana
ara: fyḍ	rel:etymology	ara: fāḍa
ara: kml	rel:etymology	ara: kamala
ara: ḥlw	rel:etymology	ara: ḥalā
ara: flḥ	rel:etymology	ara: falaḥa
ara: fcr	rel:etymology	Aramice/Süryanice: phəgar, phagrā
ara: ḥannaṭa	rel:etymology	heb: ḥanaṭ
ara: kwn	rel:etymology	ara: kāna
ara: ṣunˁī	rel:etymology	ara: ṣnˁ
ara: ˁhd	rel:etymology	ara: ˁahida
ara: ˁibāra(t) ˁan	rel:etymology	ara: ˁibāra(t)
ara: إمام	rel:etymology	ara: إمام
ara: sAl	rel:etymology	ara: saˀala
ara: sḳṭ	rel:etymology	ara: saḳaṭa
ara: şfˁ	rel:etymology	ara: şafaˁa
ara: şrr	rel:etymology	ara: şarra
ara: kafara	rel:etymology	Aramice/Süryanice: kpr
ara: bḳy	rel:etymology	ara: baḳā
ara: ḥḍr	rel:etymology	ara: ḥaḍara
ara: ḥwṭ	rel:etymology	ara: ḥāṭa
ara: ˁṣfr	rel:etymology	ara: ṣfr
ara: s̠ry	rel:etymology	ara: ṯarā
ara: brd	rel:etymology	ara: ˁcz
ara: Amr	rel:etymology	ara: amara
ara: ˁcb	rel:etymology	ara: ˁacība(t) 
ara: bdˁ	rel:etymology	ara: badaˁa
ara: بدويون	rel:etymology	ara: بدوي
ara: haykal	rel:etymology	per: tarāş
ara: ġdr	rel:etymology	ara: ġadara
ara: bdh	rel:etymology	ara: badaha
ara: χlˁ	rel:etymology	ara: χalaˁa
ara: nsl	rel:etymology	ara: nasala
ara: ḳāṣṣa	rel:etymology	ara: ḳaṣṣa
ara: ˁalāma(t)	rel:etymology	ara: samāˀ
ara: cnn	rel:etymology	Aramice/Süryanice: gn
ara: ḳarana	rel:etymology	ara: ḳarn
ara: ḥyḍ	rel:etymology	ara: ḥāḍat
ara: mkn	rel:etymology	ara: makuna
ara: cbr	rel:etymology	ara: cabara
ara: ˁnb	rel:etymology	ara: ˁināb
ara: nṣf	rel:etymology	ara: naṣafa
ara: rcˁ	rel:etymology	ara: racaˁa
ara: ḥarf,	rel:etymology	lat: scribere
ara: blġm	rel:etymology	grc: phlégma
ara: fġfr	rel:etymology	Orta Farsça: baġpuhr
ara: flfl	rel:etymology	ara: fulful
ara: cāmūs 	rel:etymology	Aramice/Süryanice: gamūş
ara: şubāṭ	rel:etymology	Aramice/Süryanice: şəbāṭ
ara: knf	rel:etymology	ara: kanafa
ara: bdl	rel:etymology	ara: badīl
ara: Aml	rel:etymology	ara: amala
ara: ˁbd	rel:etymology	Aramice/Süryanice: ˁbd
ara: usṭūra(t)	rel:etymology	Aramice/Süryanice: şṭārā
ara: ˁml	rel:etymology	ara: ˁāmil
ara: kff	rel:etymology	Aramice/Süryanice: kp
ara: ḳbr	rel:etymology	ara: ḳabr
ara: ṭyb	rel:etymology	Aramice/Süryanice: ṭb
ara: lhb	rel:etymology	ara: lahab
ara: ẓlm	rel:etymology	ara: ẓalima
ara: χdˁ	rel:etymology	ara: χadaˁa
ara: drb	rel:etymology	ara: darb
ara: şyˁ	rel:etymology	ara: şāˁa
ara: wdˁ	rel:etymology	ara: wadaˁa
ara: χlf	rel:etymology	ara: χalafa
ara: ḳml	rel:etymology	akk: ḳamlu
ara: şfḳ	rel:etymology	ara: şafaḳa
ara: cry	rel:etymology	ara: carā
ara: whm	rel:etymology	ara: wahama
ara: زنديق	rel:etymology	fas: زندیک
ara: ḥaşma(t)	rel:etymology	ara: Awb
ara: تكفور	rel:etymology	xcl: թագաւոր
ara: خصية	rel:etymology	ara: خصى
ara: ks̠r	rel:etymology	ara: kaṯura
ara: zyn	rel:etymology	ara: zāna
ara: astaġfiru-llāhi	rel:etymology	ara: ġfr
ara: ḏkr	rel:etymology	ara: ḏakara
ara: fakka	rel:etymology	Aramice/Süryanice: #pkk
ara: wḥd	rel:etymology	ara: aḥad 
ara: abyaḍ, bayḍā	rel:etymology	ara: bayḍ, bay
ara: ˁcz	rel:etymology	ara: ˁaciza
ara: χdm	rel:etymology	ara: χadama
ara: wdˁ	rel:etymology	ara: wadaˁa
ara: Acl	rel:etymology	ara: acila
ara: hnds	rel:etymology	Orta Farsça: handāçak
ara: ḥrm	rel:etymology	ara: ḥarama
ara: css	rel:etymology	ara: cassa
ara: fwḍ	rel:etymology	ara: fawwaḍa
ara: lḳḥ	rel:etymology	ara: laḳaḥa
ara: ˁcb	rel:etymology	ara: ˁaciba
ara: χarc	rel:etymology	per: rāh
ara: ḥkm	rel:etymology	ara: ḥukm
ara: rḳn	rel:etymology	ara: raḳḳana
ara: smḳ	rel:etymology	Aramice/Süryanice: smāḳā
ara: ˁbd	rel:etymology	ara: ˁabada
ara: الدبران	rel:etymology	ara: دبران
ara: dwr	rel:etymology	ara: dāra
ara: χlṣ	rel:etymology	ara: χalaṣa
ara: brhn	rel:etymology	Eski Habeşçe (Ge'ez): bərhān
ara: str	rel:etymology	ara: satara
ara: şhd	rel:etymology	ara: şahīd
ara: snd	rel:etymology	ara: sanada
ara: شطرنج	rel:etymology	pal: 𐭰𐭲𐭫𐭭𐭢
ara: ˁamm	rel:etymology	İbranice ve Aramice/Süryanice: ˁamm
ara: ḍarb	rel:etymology	per: χāna
ara: ms̠l	rel:etymology	ara: maṯala
ara: ˁnbr	rel:etymology	Orta Farsça: ambar
ara: lubān cāwī	rel:etymology	ara: lubān
ara: kkb	rel:etymology	Aramice/Süryanice ve İbranice : kawkāb, kawkbā
ara: yadd	rel:etymology	ara: amīn
ara: baḳlawī	rel:etymology	ara: baḳla(t)
ara: bls	rel:etymology	grc: diábolos
ara: nzh	rel:etymology	ara: naziha
ara: fīrūza 	rel:etymology	per: pīrōza 
ara: csr	rel:etymology	ara: casara
ara: cmˁ	rel:etymology	ara: camaˁa
ara: bdl	rel:etymology	ara: badal
ara: ḍmr	rel:etymology	ara: ḍamara
ara: ḥrs̠	rel:etymology	ara: ḥaraṯa
ara: ḏhl	rel:etymology	ara: ḏahala
ara: ṭbḳ	rel:etymology	ara: ṭibḳ
ara: snd	rel:etymology	ara: sanada
ara: zḥm	rel:etymology	ara: zaḥama
ara: Amr	rel:etymology	ara: amr
ara: ˁināb	rel:etymology	akk: inbu
ara: ḥrf	rel:etymology	ara: ḥarrafa
ara: nḳẓ	rel:etymology	ara: naḳaẓa
ara: ˁmd	rel:etymology	ara: ˁamada
ara: ˁibādu-llāh	rel:etymology	ara: ˁbd
ara: ḳisṭ	rel:etymology	Aramice/Süryanice: ḳīsthā
ara: قرآن	rel:etymology	ara: قراءة
ara: şimāl	rel:etymology	ara: şamala
ara: nḳḍ	rel:etymology	ara: nuḳḍ
ara: frṭ	rel:etymology	ara: faraṭa
ara: زرافة	rel:etymology	syc: ܙܵܪܝܼܦܵܐ
ara: ḍmn	rel:etymology	ara: ḍamana
ara: ksb	rel:etymology	ara: kasaba
ara: isfīdac 	rel:etymology	Orta Farsça: spītāg
ara: ˁdl	rel:etymology	ara: ˁadala
ara: وهو	rel:etymology	ara: و
ara: mlk	rel:etymology	ara: malaka
ara: cġrf	rel:etymology	grc: geōgraphía
ara: crd	rel:etymology	ara: carada
ara: whm	rel:etymology	ara: wahama
ara: şġl	rel:etymology	ara: şuġl
ara: şdd	rel:etymology	ara: şadda
ara: ḳalam	rel:etymology	per: tarāş
ara: جند	rel:etymology	pal: 𐭢𐭥𐭭𐭣
ara: بندر سري بكاوان	rel:etymology	msa: Bandar Seri Begawan
ara: zm	rel:etymology	ara: zamzama
ara: نارنج	rel:etymology	fas: نارنگ
ara: ḥsn	rel:etymology	ara: ḥasan
ara: czy	rel:etymology	ara: cazā
ara: ḳbl	rel:etymology	ara: ḳabila
ara: ġfl	rel:etymology	ara: ġafala
ara: şkl	rel:etymology	ara: şakl
ara: ḥll	rel:etymology	ara: ḥalla
ara: ws̠ḳ	rel:etymology	ara: waṯaḳa
ara: krh	rel:etymology	ara: kariha
ara: ḏwḳ	rel:etymology	ara: ḏāḳa
ara: صوم	rel:etymology	syc: ܨܘܡܐ
ara: ṭwˁ	rel:etymology	ara: ṭāˁa
ara: frˁn	rel:etymology	Aramice/Süryanice: paraˁōn
ara: al-battan 	rel:etymology	ara: btt
ara: Abd	rel:etymology	ara: abada
ara: cdl	rel:etymology	ara: cādala
ara: cḏb	rel:etymology	ara: caḏaba
ara: wkl	rel:etymology	ara: wakala
ara: trcm	rel:etymology	Aramice/Süryanice: targəmānā
ara: şkw	rel:etymology	ara: şakā
ara: flḥ	rel:etymology	ara: falaḥa
ara: şms	rel:etymology	Aramice/Süryanice: şimşā
ara: χṭm	rel:etymology	ara: χaṭm
ara: amara	rel:etymology	İbranice ve Aramice/Süryanice: āmar
ara: ġyb	rel:etymology	ara: ġāba
ara: bn	rel:etymology	ara: ibn
ara: lms	rel:etymology	ara: lamasa
ara: ḥarafa	rel:etymology	Aramice/Süryanice: ḥrp
ara: dχl	rel:etymology	ara: daχala
ara: ḳzz	rel:etymology	ara: ḳazz
ara: frḳ	rel:etymology	ara: faraḳa
ara: ḥrr	rel:etymology	ara: ḥurr
ara: bht	rel:etymology	ara: bahata
ara: ˁṣw	rel:etymology	Aramice/Süryanice: ˁṣ
ara: wḥy	rel:etymology	ara: waḥā
ara: lwy	rel:etymology	ara: liwāˀ
ara: ḥrk	rel:etymology	ara: ḥaraka
ara: χşn	rel:etymology	ara: χaşuna
ara: şrf	rel:etymology	ara: şaraf
ara: ḥwl	rel:etymology	ara: ḥāla
ara: nfḍ	rel:etymology	ara: nafaḍa
ara: zḥm	rel:etymology	ara: zaḥama
ara: جوهر	rel:etymology	fas: گوهر
ara: fḥş	rel:etymology	ara: faḥuşa
ara: tlw	rel:etymology	ara: talā
ara: twb	rel:etymology	Aramice/Süryanice: twb
ara: ˁṣb	rel:etymology	ara: ˁaṣaba
ara: ˁḍl	rel:etymology	ara: ˁaḍal
ara: wḳf	rel:etymology	ara: waḳafa
ara: btt	rel:etymology	ara: batta
ara: wicāhan	rel:etymology	ara: wch
ara: cry	rel:etymology	ara: carā
ara: ḳrr	rel:etymology	ara: ḳarra
ara: şwḳ	rel:etymology	ara: şāḳa
ara: χṭr	rel:etymology	ara: χaṭara
ara: Aχr	rel:etymology	ara: aχχara
ara: Aχḏ	rel:etymology	ara: āχiḏ
ara: dāwūdī	rel:etymology	heb: dwd
ara: myl	rel:etymology	ara: māla
ara: بيت لحم	rel:etymology	ara: بيت
ara: şhd	rel:etymology	ara: şahida
ara: nbw	rel:etymology	ara: nabī
ara: ḥmm	rel:etymology	ara: ḥamma
ara: ˁbd	rel:etymology	ara: ˁabada
ara: تلمود	rel:etymology	heb: תלמוד
ara: ˁzy	rel:etymology	ara: ˁazā
ara: ḳāḳulla(t)	rel:etymology	Aramice/Süryanice: ḳāḳūlā
ara: frḥ	rel:etymology	Orta Farsça: *frāh
ara: hcw	rel:etymology	ara: hacā
ara: dcl	rel:etymology	Aramice/Süryanice: daggalā
ara: ġrḍ	rel:etymology	ara: ġariḍa
ara: dss	rel:etymology	ara: dassa
ara: wḳf	rel:etymology	ara: waḳafa
ara: ˁḳrb	rel:etymology	Aramice/Süryanice: ˁaḳrabbā
ara: ṭyn	rel:etymology	ara: ṭāna
ara: ˁcz	rel:etymology	ara: ˁaciza
ara: ḳalˁa(t)	rel:etymology	per: band
ara: فلافل	rel:etymology	ara: فلفل
ara: tlw	rel:etymology	ara: talā
ara: nẓm	rel:etymology	ara: naẓama
ara: baˁṯu baˁda'l-mawt	rel:etymology	ara: baˁṯ
ara: ˁrş	rel:etymology	Aramice/Süryanice: ˁarş
ara: أدب	rel:etymology	fas: دب
ara: ġşş	rel:etymology	ara: ġaşşa
ara: ṭyb	rel:etymology	ara: ṭāba
ara: ˁbs	rel:etymology	ara: ˁabasa
ara: wcd	rel:etymology	ara: wacada
ara: dnw	rel:etymology	ara: danī
ara: nwb	rel:etymology	ara: nāba
ara: ḳullawī	rel:etymology	ara: ḳulla(t)
ara: χşˁ	rel:etymology	ara: χaşaˁa
ara: ˁalaykum	rel:etymology	ara: ˁalā
ara: zhr	rel:etymology	ara: zahara
ara: alifa	rel:etymology	Aramice/Süryanice: Alp
ara: ġzl	rel:etymology	Aramice/Süryanice: ˁuzīlā
ara: اغتصاب	rel:etymology	ara: اغتصب
ara: فستق	rel:etymology	fas: پسته
ara: kanaf	rel:etymology	heb: kanap
ara: χss	rel:etymology	ara: χassa
ara: taḥt	rel:etymology	ara: al-şuˁūr
ara: أورانيا	rel:etymology	ell: Ουρανία
ara: skn	rel:etymology	ara: sakana
ara: خيار	rel:etymology	fas: خیار
ara: crḥ	rel:etymology	ara: caraḥa
ara: fwḳ	rel:etymology	ara: fāḳa
ara: dwr	rel:etymology	ara: dāra
ara: χalāṣ	rel:etymology	per: kār
ara: ḳabala	rel:etymology	ara: ḳabila
ara: ḥḳr	rel:etymology	ara: ḥaḳara
ara: frḍ	rel:etymology	ara: faraḍa
ara: ins ū cinn	rel:etymology	ara: ins
ara: cwr	rel:etymology	ara: cāra
ara: ḥmy	rel:etymology	ara: ḥamā
ara: ˁml	rel:etymology	ara: ˁamala
ara: ḳbl	rel:etymology	ara: ḳābil
ara: ṣalaḥa	rel:etymology	Aramice/Süryanice: ṣəleḥ
ara: ˁanzarūt	rel:etymology	per: anzarūt
ara: ˁry	rel:etymology	ara: ˁarā
ara: wtr	rel:etymology	ara: watar
ara: wly	rel:etymology	ara: waliya
ara: ناي	rel:etymology	fas: نای
ara: ḳrḍ	rel:etymology	ara: ḳaraḍa
ara: ḥukka(t)	rel:etymology	per: bāz
ara: ġlb	rel:etymology	ara: ġalaba
ara: χṭr	rel:etymology	ara: χaṭara
ara: Aχw	rel:etymology	ara: aχ
ara: ġbr	rel:etymology	ara: ġubra(t)
ara: ḥkm	rel:etymology	ara: ḥakama
ara: ẓlm	rel:etymology	ara: ẓalama
ara: kfr	rel:etymology	ara: kafara
ara: ḳṣd	rel:etymology	ara: ḳaṣada
ara: skn	rel:etymology	ara: sakana
ara: ḥml	rel:etymology	ara: ḥamala
ara: ḏātu'l-canb	rel:etymology	ara: ḏāt
ara: fṣl	rel:etymology	ara: faṣala
ara: ḥdd	rel:etymology	ara: ḥadda
ara: fasaḳa	rel:etymology	Aramice/Süryanice: psḳ
ara: ˁcr	rel:etymology	ara: ˁacara
ara: Adb	rel:etymology	ara: adaba
ara: ḥrş	rel:etymology	ara: ḥaraşa
ara: ḳrn	rel:etymology	ara: ḳarana
ara: burc	rel:etymology	Aramice/Süryanice: burgā
ara: ḳwl	rel:etymology	ara: ḳāla
ara: bḳl	rel:etymology	ara: baḳl
ara: χyr	rel:etymology	ara: χāra
ara: ˁrḳ	rel:etymology	ara: ˁariḳa
ara: ḏakara	rel:etymology	Aramice/Süryanice: dəkar
ara: Aṣl	rel:etymology	ara: aṣila
ara: usḳuf	rel:etymology	gre: episkópos
ara: aṯbata	rel:etymology	ara: ṯabata&lt;/i&gt; ثَبَتَ <span style=""visibility:hidden;font-size:0px"">z</span> ""kaldı, sabitlendi"" fiilinin (IV) fiilidir. 
ara: ḳbḍ	rel:etymology	ara: ḳabaḍa
ara: χlw	rel:etymology	ara: χalā
ara: bḳl	rel:etymology	ara: baḳl
ara: nsχ	rel:etymology	ara: nasaχa
ara: bḳy	rel:etymology	ara: baḳā
ara: ˁdl	rel:etymology	ara: ˁadala
ara: ˁzz	rel:etymology	ara: ˁazza
ara: ḏmm	rel:etymology	ara: ḏamma
ara: ka-an lam yakun	rel:etymology	ara: ka-an
ara: wrḳ	rel:etymology	ara: waraḳ
ara: ṣwb	rel:etymology	ara: ṣāba
ara: ġwṭ	rel:etymology	ara: ġāṭa
ara: ġfl	rel:etymology	ara: ġafala
ara: krh	rel:etymology	ara: kariha
ara: ليلك	rel:etymology	fas: نیلک
ara: fsd	rel:etymology	ara: fasada
ara: ġny	rel:etymology	ara: ġaniya
ara: nfḏ	rel:etymology	ara: nafaḏa
ara: chz	rel:etymology	ara: cahaza
ara: دعاء	rel:etymology	ara: دعا
ara: culāb	rel:etymology	per: gulāb
ara: aˁlama	rel:etymology	ara: ˁalama
ara: tammūz	rel:etymology	Aramice/Süryanice: tammūz
ara: crd	rel:etymology	ara: carada
ara: ḥḳḳ	rel:etymology	heb: ḥuḳḳā
ara: fsχ	rel:etymology	ara: fasaχa
ara: şAm	rel:etymology	ara: şaˀm
ara: taḳrīban	rel:etymology	ara: ḳrb
ara: knf	rel:etymology	ara: kanafa
ara: şhr	rel:etymology	ara: şahara
ara: blḳ	rel:etymology	ara: balaḳ
ara: ywm	rel:etymology	ara: yawm
ara: ḏimmī	rel:etymology	ara: ḏmm
ara: waḥşī	rel:etymology	ara: wḥş
ara: msḥ	rel:etymology	Eski Mısır dilinde: msāχ
ara: sbḳ	rel:etymology	ara: sābiḳ
ara: bşr	rel:etymology	ara: başara
ara: χff	rel:etymology	ara: χaffa
ara: kabura 	rel:etymology	Aramice/Süryanice: gəbar
ara: nḥr	rel:etymology	ara: naḥara
ara: hyb	rel:etymology	ara: hāba
ara: جزية	rel:etymology	pal: 𐭢𐭦𐭩𐭲
ara: fsχ	rel:etymology	ara: fasaχa
ara: hwl	rel:etymology	ara: hāla
ara: lṣḳ	rel:etymology	ara: laṣaḳa
ara: χyr	rel:etymology	ara: χayra(t)
ara: Aχḏ	rel:etymology	ara: aχaḏa
ara: nbh	rel:etymology	ara: nabaha
ara: nfˁ	rel:etymology	ara: nafaˁa
ara: cfw	rel:etymology	ara: cafā
ara: cny	rel:etymology	ara: canā
ara: wḳf	rel:etymology	ara: waḳf
ara: bġḍ	rel:etymology	ara: baġuḍa
ara: ˁyn	rel:etymology	ara: ˁayn
ara: ḏll	rel:etymology	ara: ḏalla
ara: lzm	rel:etymology	ara: lāzim
ara: āl	rel:etymology	ara: āla
ara: kbb	rel:etymology	Aramice/Süryanice: kəbab, kebəbā
ara: chl	rel:etymology	ara: cahala
ara: şhw	rel:etymology	ara: şahā
ara: nfs	rel:etymology	ara: nafasa
ara: mtˁ	rel:etymology	ara: mataˁa
ara: ˁṣr	rel:etymology	ara: ˁaṣara
ara: yaḳīnan	rel:etymology	ara: yḳn
ara: الفصفصة	rel:etymology	fas: اسپست
ara: مسحقونيا	rel:etymology	syc: ܡܫܚ ܩܘܢܝܐ
ara: ġwr	rel:etymology	ara: ġāra
ara: şAn	rel:etymology	ara: şaˀana
ara: ḥakka	rel:etymology	akk: ekēku
ara: nwˁ	rel:etymology	ara: nawˁ
ara: cdd	rel:etymology	ara: cadda
ara: ydd	rel:etymology	İbranice ve Aramice/Süryanice: yd
ara: ṣmġ	rel:etymology	Aramice/Süryanice: ṣmḥ
ara: myz	rel:etymology	ara: māza
ara: şifāhī	rel:etymology	ara: şfh
ara: As̠r	rel:etymology	ara: aṯara
ara: صور	rel:etymology	phn: 𐤑𐤅𐤓
ara: şml	rel:etymology	ara: şamala
ara: *şaˁrīya(t)	rel:etymology	ara: şˁr
ara: nḳd	rel:etymology	ara: naḳada
ara: nsb	rel:etymology	ara: nasaba
ara: ḍbṭ	rel:etymology	ara: ḍabaṭa
ara: ḳrn	rel:etymology	ara: ḳirn
ara: ḥlw	rel:etymology	ara: ḥalā
ara: ġrb	rel:etymology	ara: ġaraba
ara: ḥsd	rel:etymology	ara: ḥasada
ara: ˁwd	rel:etymology	ara: ˁāda
ara: şrˁ	rel:etymology	ara: şaraˁa
ara: ḥll	rel:etymology	ara: ḥalla
ara: mwl	rel:etymology	ara: māl
ara: ˁdd	rel:etymology	Aramice/Süryanice: ˁwd
ara: fasaχa	rel:etymology	Aramice/Süryanice: pisēḥ
ara: kitāb	rel:etymology	per: χāna
ara: wfy	rel:etymology	ara: wafā
ara: جزر	rel:etymology	fas: گزر
ara: zwr	rel:etymology	ara: tazwīr
ara: rwḥ	rel:etymology	ara: tarwīḥa(t)
ara: nṭḳ	rel:etymology	ara: naṭaḳa
ara: ˁny	rel:etymology	ara: ˁanā
ara: şhd	rel:etymology	ara: şahida
ara: ḏāt	rel:etymology	ara: +hi
ara: ṭbb	rel:etymology	ara: ṭibb
ara: skn	rel:etymology	ara: sakana
ara: ḳṣd	rel:etymology	ara: ḳaṣada
ara: صافن	rel:etymology	grc: σαφηνής
ara: ḥll	rel:etymology	ara: ḥalla
ara: ḥll	rel:etymology	ara: ḥalla
ara: balad	rel:etymology	grc: politeía
ara: ġmm	rel:etymology	ara: ġamma
ara: cbr	rel:etymology	ara: cabara
ara: rfˁ	rel:etymology	ara: rafaˁa
ara: wcb	rel:etymology	ara: wacaba
ara: şrḳ	rel:etymology	ara: şaraḳa
ara: ġlẓ	rel:etymology	ara: ġalaẓa
ara: العرض	rel:etymology	ara: عرض
ara: Acr	rel:etymology	Aramice/Süryanice: agər
ara: Awl	rel:etymology	ara: āla
ara: czy	rel:etymology	Aramice/Süryanice: gazīthā
ara: bdA	rel:etymology	ara: badaˀa
ara: zyn	rel:etymology	ara: zāna
ara: rfˁ	rel:etymology	ara: rafaˁa
ara: brzχ	rel:etymology	Orta Farsça: barzaχ
ara: ṭrf	rel:etymology	heb: ṭrp
ara: شطرنج	rel:etymology	fas: شترنگ
ara: dbr	rel:etymology	ara: dabara
ara: ˁṣr	rel:etymology	ara: ˁunṣūr
ara: تسار	rel:etymology	rus: царь
ara: مسك	rel:etymology	fas: مشک
ara: Aχr	rel:etymology	ara: āχir
ara: ḥms	rel:etymology	ara: ḥamisa
ara: جهنم	rel:etymology	heb: גיהנום
ara: χdm	rel:etymology	ara: χidma(t)
ara: bakara	rel:etymology	Avesta (Zend) dilinde: hazaŋra-
ara: dmn	rel:etymology	ara: damana
ara: ḳadama	rel:etymology	Aramice/Süryanice: ḳdm
ara: zyf	rel:etymology	ara: zāfa
ara: χlḳ	rel:etymology	ara: χalaḳa
ara: byn	rel:etymology	ara: bāna
ara: ḳdm	rel:etymology	ara: ḳadama
ara: chz	rel:etymology	ara: cahāz
ara: ṭˁn	rel:etymology	ara: ṭaˁana
ara: ḳlˁ	rel:etymology	Orta Farsça: *kalak
ara: ˁyr	rel:etymology	Aramice/Süryanice: ˁwr
ara: ḥbb	rel:etymology	ara: ḥabba(t)
ara: frṣ	rel:etymology	Aramice/Süryanice: prṣ
ara: czy	rel:etymology	ara: cazāˀ
ara: kfn	rel:etymology	ara: kafan
ara: ntn	rel:etymology	ara: natana
ara: ḳrḍ	rel:etymology	ara: ḳaraḍa
ara: şˁb	rel:etymology	ara: şaˁaba
ara: swr	rel:etymology	Aramice/Süryanice: şwr
ara: ṣwr	rel:etymology	ara: taṣawwara
ara: ḳdr	rel:etymology	ara: ḳadara
ara: katfīya(t)	rel:etymology	ara: ktf
ara: χmr	rel:etymology	ara: χamara
ara: crb	rel:etymology	ara: carraba
ara: ndr	rel:etymology	ara: nādir
ara: blbl	rel:etymology	ara: balbala
ara: ṣḥb	rel:etymology	ara: ṣāḥib
ara: cld	rel:etymology	ara: calada
ara: ˁşr	rel:etymology	ara: ˁaşara
ara: bḳy	rel:etymology	ara: baḳā
ara: χbr	rel:etymology	ara: χabara
ara: χṣṣ	rel:etymology	ara: χaṣṣa
ara: şaˁara	rel:etymology	heb: şrr
ara: ˁwd	rel:etymology	ara: ˁāda
ara: بيدق	rel:etymology	fas: پیاده
ara: cnn	rel:etymology	ara: canna
ara: ḥlm	rel:etymology	ara: ḥaluma
ara: bdA	rel:etymology	ara: badaˀa
ara: Asf	rel:etymology	ara: asifa
ara: ḥmw	rel:etymology	ara: ḥamā
ara: ṭbˁ	rel:etymology	ara: ṭabīˁa(t)
ara: ḏāt	rel:etymology	ara: riˀa(t)
ara: نور	rel:etymology	heb: נור
ara: takallafa	rel:etymology	ara: kulfa(t)
ara: kfn	rel:etymology	Süryanice: kəfūn 
ara: ḳḍy	rel:etymology	ara: ḳaḍā
ara: şṭr	rel:etymology	ara: şaṭura
ara: ḳwy	rel:etymology	ara: ḳawā
ara: طاجن	rel:etymology	grc: τάγηνον
ara: hws	rel:etymology	ara: hawisa
ara: slm	rel:etymology	ara: salima
ara: rkb	rel:etymology	ara: rakaba
ara: dāra	rel:etymology	Aramice/Süryanice: dwr
ara: bşr	rel:etymology	ara: başara
ara: ˁwr	rel:etymology	ara: ˁāra
ara: frd	rel:etymology	ara: farada
ara: wˁb	rel:etymology	ara: waˁaba
ara: ḳlb	rel:etymology	Aramice/Süryanice: ḳalbīd 
ara: ḍbṭ	rel:etymology	ara: ḍabaṭa
ara: dwm	rel:etymology	ara: dāma
ara: ḥḳḳ	rel:etymology	ara: ḥaḳḳ
ara: χṣṣ	rel:etymology	ara: χāṣṣ
ara: Amr	rel:etymology	ara: amīr
ara: ˁll	rel:etymology	ara: ˁalla
ara: chd	rel:etymology	ara: cahada
ara: hwl	rel:etymology	ara: hāˀil
ara: flk	rel:etymology	ara: falak
ara: ṣdr	rel:etymology	ara: ṣadara
ara: ṣwr	rel:etymology	Aramice/Süryanice: şūrəṭā
ara: kmm	rel:etymology	ara: kamm
ara: Alf	rel:etymology	ara: alifa
ara: مسلمين	rel:etymology	ara: ين
ara: ḥwl	rel:etymology	ara: ḥāla
ara: χşn	rel:etymology	ara: χaşuna
ara: şχṣ	rel:etymology	ara: şaχṣ
ara: مختار	rel:etymology	ara: اختار
ara: cns	rel:etymology	ara: cins
ara: فيل	rel:etymology	fas: پیل
ara: ḥṣl	rel:etymology	ara: ḥaṣala
ara: swr	rel:etymology	Aramice/Süryanice: şwr
ara: hdr	rel:etymology	ara: hadara
ara: ḥwl	rel:etymology	ara: ḥāla
ara: ysr	rel:etymology	ara: yasār
ara: dfˁ	rel:etymology	ara: dafaˁa
ara: dāu'ṣ-ṣila(t)	rel:etymology	ara: dā
ara: Alw	rel:etymology	ara: alā
ara: ḥll	rel:etymology	İbranice ve Aramice/Süryanice: ḥll
ara: şḳw	rel:etymology	ara: şaḳā
ara: كونسرفاتوار	rel:etymology	fra: conservatoire
ara: ḥds̠	rel:etymology	ara: ḥadīṯa(t)
ara: بابوش	rel:etymology	fas: پاپوش
ara: fşw	rel:etymology	ara: faşā
ara: frġ	rel:etymology	ara: faraġa
ara: brˁ	rel:etymology	ara: baraˁa
ara: sˁtr	rel:etymology	Aramice/Süryanice: zawtr
ara: ḳsm	rel:etymology	ara: ḳasama
ara: ṭlḳ	rel:etymology	ara: ṭalaḳa
ara: ḥadd	rel:etymology	ara: ḏāt
ara: ḏātu'r-riˀa(t)	rel:etymology	ara: ḏāt
ara: ḥṣl	rel:etymology	ara: ḥaṣala
ara: χlḳ	rel:etymology	Aramice/Süryanice: χlḳ
ara: şff	rel:etymology	ara: şaffa
ara: ġwl	rel:etymology	ara: ġāla
ara: ˁlḳ	rel:etymology	ara: ˁalaḳa
ara: şmt	rel:etymology	ara: şamita
ara: hlk	rel:etymology	ara: halaka
ara: wṣl	rel:etymology	ara: waṣala
ara: snn	rel:etymology	ara: sanna
ara: bināˀan	rel:etymology	ara: bināˀ
ara: bṭl	rel:etymology	ara: baṭala
ara: crr	rel:etymology	ara: carra
ara: ṭāwūs	rel:etymology	Aramice/Süryanice: ṭaūsā
ara: ˁmr	rel:etymology	ara: ˁamara
ara: şaraṭa	rel:etymology	Aramice/Süryanice: srṭ
ara: ḳsṭ	rel:etymology	ara: ḳisṭ
ara: إسرائيل	rel:etymology	heb: ישראל
ara: şıḳḳ 	rel:etymology	ara: şaḳḳa
ara: tamr hindī	rel:etymology	ara: tamr
ara: χş	rel:etymology	Sanskritçe: khaskhasa
ara: hcm	rel:etymology	ara: hacama
ara: bˁḍ	rel:etymology	ara: baˁaḍa
ara: şbh	rel:etymology	ara: şabiha
ara: kafara	rel:etymology	Aramice/Süryanice: kəphar
ara: ksf	rel:etymology	ara: kasafa
ara: χff	rel:etymology	ara: χaffa
ara: s̠bt	rel:etymology	ara: aṯbata
ara: baladī	rel:etymology	ara: bld
ara: ṭyf	rel:etymology	ara: ṭāfa
ara: χbr	rel:etymology	ara: χabara
ara: şamsiyya(t)	rel:etymology	ara: şms
ara: ḥwr	rel:etymology	Orta Farsça: hurūst
ara: ḥzn	rel:etymology	ara: ḥazana
ara: myz	rel:etymology	ara: māza
ara: χdm	rel:etymology	ara: χādim
ara: lḳy	rel:etymology	ara: laḳā
ara: kḏb	rel:etymology	ara: kaḏaba
ara: ḏkr	rel:etymology	ara: ḏakara
ara: ḳṣṣ	rel:etymology	ara: ḳiṣṣa(t)
ara: şḳḳ	rel:etymology	ara: şıḳḳ 
ara: ˁifrit	rel:etymology	Orta Farsça: āfrīta
ara: mrd	rel:etymology	ara: marada
ara: şrk	rel:etymology	ara: şarika
ara: curbuz	rel:etymology	per: gurbuz
ara: ṭwr	rel:etymology	ara: ṭawr
ara: ˁşḳ	rel:etymology	ara: ˁāşiḳ
ara: ḳbḍ	rel:etymology	ara: ḳabaḍa
ara: klf	rel:etymology	ara: taklīf
ara: faṣṣala	rel:etymology	ara: faṣala
ara: χṭb	rel:etymology	ara: χaṭaba
ara: إنجلترا	rel:etymology	ita: Inghilterra
ara: ḳālū	rel:etymology	ara: balā
ara: snd	rel:etymology	ara: sanada
ara: dˁw	rel:etymology	ara: daˁā
ara: cḏb	rel:etymology	ara: caḏaba
ara: curmi maşhūd	rel:etymology	ara: curm
ara: ˁḳl	rel:etymology	ara: ˁāḳil
ara: χrc	rel:etymology	ara: χaraca
ara: ḥds̠	rel:etymology	ara: ḥadaṯa
ara: ˁbr	rel:etymology	ara: ˁabara
ara: zhd	rel:etymology	ara: zahada
ara: zrḳ	rel:etymology	ara: zaraḳa
ara: lḥḳ	rel:etymology	ara: laḥaḳa
ara: دستور	rel:etymology	fas: دستور
ara: cwhr	rel:etymology	Orta Farsça: gawhar 
ara: cabara	rel:etymology	Aramice/Süryanice: gəbar
ara: shl	rel:etymology	ara: sahala
ara: mnˁ	rel:etymology	ara: manaˁa
ara: şwr	rel:etymology	ara: şāra
ara: ḳll	rel:etymology	ara: ḳalla
ara: ḥml	rel:etymology	ara: ḥamala
ara: ḥml	rel:etymology	ara: ḥamala
ara: trk	rel:etymology	ara: taraka
ara: hdd	rel:etymology	ara: hadda
ara: ḳşr	rel:etymology	ara: ḳaşara
ara: ymn	rel:etymology	Aramice/Süryanice: yamīn
ara: kursī	rel:etymology	Aramice/Süryanice: kūrsayā
ara: şrb	rel:etymology	ara: şaraba
ara: χaṭaba	rel:etymology	Aramice/Süryanice: ḥāṭab
ara: ḥlb	rel:etymology	Aramice/Süryanice: ḥlb
ara: wˁẓ	rel:etymology	ara: waˁaẓa
ara: lhm	rel:etymology	ara: lahama
ara: ḥḳr	rel:etymology	ara: ḥaḳara
ara: ḳdm	rel:etymology	ara: ḳudum
ara: ḥsb	rel:etymology	ara: ḥasaba
ara: bny	rel:etymology	ara: banā
ara: As̠r	rel:etymology	grc: aithḗr
ara: şakl	rel:etymology	ara: şakala
ara: ḥşf	rel:etymology	ara: ḥaşafa
ara: ḳṭr	rel:etymology	ara: ḳaṭara
ara: شاهين	rel:etymology	fas: شاهین
ara: ˁdd	rel:etymology	ara: ˁadda
ara: rdy	rel:etymology	ara: radā
ara: ftḥ	rel:etymology	ara: fatḥ
ara: fˁl	rel:etymology	ara: faˁala
ara: dwr	rel:etymology	ara: dār
ara: ˁallama	rel:etymology	ara: kallama
ara: wkA	rel:etymology	ara: ittakaˀa
ara: zkw/zky	rel:etymology	Aramice/Süryanice: zky
ara: ˁṭw	rel:etymology	ara: ˁaṭā
ara: Anf	rel:etymology	ara: ānif
ara: ṭufayl	rel:etymology	ara: ṭfl
ara: ḥcb	rel:etymology	ara: ḥacaba
ara: ḥyr	rel:etymology	ara: ḥāra
ara: fwḳ	rel:etymology	ara: fāḳa
ara: ميدان	rel:etymology	pal: 𐭬𐭩𐭣𐭠𐭭
ara: دانيال	rel:etymology	heb: דניּאל
ara: ḥşm	rel:etymology	ara: ḥaşama
ara: crd	rel:etymology	ara: carada
ara: ḳwm	rel:etymology	ara: ḳawm
ara: ياقوت	rel:etymology	fas: یاکند
ara: ˁanada	rel:etymology	ara: ˁind
ara: lbs	rel:etymology	ara: labasa
ara: ḳṭˁ	rel:etymology	ara: ḳaṭaˁa
ara: ديو	rel:etymology	fas: دیو
ara: ḳaṭˁī	rel:etymology	ara: ḳṭˁ
ara: ˁdm	rel:etymology	ara: ˁadima
ara: wẓf	rel:etymology	ara: waẓẓafa
ara: crf	rel:etymology	ara: carafa
ara: wχm	rel:etymology	ara: waχima
ara: şml	rel:etymology	ara: şimāl
ara: lbs	rel:etymology	ara: libās
ara: srˁ	rel:etymology	ara: saraˁa
ara: ḳalāˁī 	rel:etymology	ara: raṣāṣu'l-ḳalāˁī
ara: aḥad 	rel:etymology	Aramice/Süryanice: χad
ara: ḥyr	rel:etymology	ara: ḥāra
ara: fχχ	rel:etymology	Aramice/Süryanice: paχ
ara: كوز	rel:etymology	fas: کوزه
ara: ṭbb	rel:etymology	ara: ṭabīb
ara: ġzl	rel:etymology	ara: ġazala
ara: taḥt	rel:etymology	per: pūş
ara: sakana	rel:etymology	Aramice/Süryanice: şkn
ara: جنون	rel:etymology	ara: جن
ara: fry	rel:etymology	ara: farā
ara: kḥl	rel:etymology	ara: kuḥayl
ara: ḳrn	rel:etymology	ara: ḳarn
ara: سمسمية	rel:etymology	ara: سمسم
ara: wrs̠	rel:etymology	ara: wariṯa
ara: ġwy	rel:etymology	ara: ġāwa
ara: bṭn	rel:etymology	ara: baṭn
ara: s̠wb	rel:etymology	ara: ṯawb
ara: صحراوي	rel:etymology	ara: صحراء
ara: ˁbd	rel:etymology	ara: ˁabd
ara: amr	rel:etymology	ara: ḥaḳḳ
ara: ḳmş	rel:etymology	Aramice/Süryanice: ḳms
ara: ˁdw	rel:etymology	ara: ˁadā
ara: لقاح	rel:etymology	ara: لقح
ara: ḳayṣār	rel:etymology	Orta Yunanca: kaîsar
ara: ḳabbān	rel:etymology	Orta Yunanca: kampanós
ara: ḳrA	rel:etymology	ara: ḳaraˀa
ara: ḥşd	rel:etymology	ara: ḥaşada
ara: كوالا لمبور	rel:etymology	msa: Kuala Lumpur
ara: ġwl	rel:etymology	per: yābānī
ara: şml	rel:etymology	ara: şamala
ara: ḥrf	rel:etymology	ara: ḥarf
ara: جزاء	rel:etymology	ara: جزى
ara: ˁwn	rel:etymology	ara: ˁāna
ara: brḳ	rel:etymology	ara: baraḳa
ara: ˁmm	rel:etymology	Aramice/Süryanice: ˁmm
ara: χṭw	rel:etymology	ara: χaṭā
ara: wṣy	rel:etymology	ara: waṣā
ara: baˁdahu	rel:etymology	ara: bˁd
ara: ḳbl	rel:etymology	ara: ḳabala
ara: ˁrḍ	rel:etymology	ara: ˁaraḍa
ara: bkr	rel:etymology	ara: bakara
ara: كيمياء	rel:etymology	grc: χυμεία
ara: ذمي‎	rel:etymology	ara: ذمة‎
ara: ṭbb	rel:etymology	Aramice/Süryanice: ṭb
ara: kml	rel:etymology	ara: kamala
ara: hcr	rel:etymology	ara: hacara
ara: yawm	rel:etymology	heb: kippūr
ara: dwl	rel:etymology	ara: dāla
ara: mascīdu'l-cāmiˁ	rel:etymology	ara: cmˁ
ara: nsχ	rel:etymology	ara: nasaχa
ara: ˁṭw	rel:etymology	ara: ˁaṭā
ara: ḳlˁ	rel:etymology	ara: ḳalaˁa
ara: كركدن	rel:etymology	fas: کرگدن
ara: ġzw	rel:etymology	ara: ġazā
ara: fī ḥaddi'l-ḏāt	rel:etymology	ara: ḥadd
ara: znr	rel:etymology	grc: zonárion
ara: aṣliyya(t)	rel:etymology	ara: Asl
ara: نطرون	rel:etymology	grc: νίτρον
ara: ḥaḏāḳa(t)	rel:etymology	ara: ḥaḏiḳa
ara: ˁṭf	rel:etymology	ara: ˁaṭafa
ara: lṭf	rel:etymology	ara: laṭafa
ara: şˁr	rel:etymology	ara: şāˁir
ara: nsb	rel:etymology	ara: nasaba
ara: ˁuşr	rel:etymology	ara: ˁaşara
ara: ḳwm	rel:etymology	ara: ḳāma
ara: kufr	rel:etymology	per: bāz
ara: ḏrr	rel:etymology	ara: ḏarra
ara: cww	rel:etymology	ara: caww
ara: clw	rel:etymology	ara: calā
ara: css	rel:etymology	ara: cassa
ara: ġanam	rel:etymology	Sumerce: ganam
ara: ˁlw	rel:etymology	heb: ˁly
ara: ḳrb	rel:etymology	ara: ḳarīb
ara: wrd	rel:etymology	ara: wārid
ara: nbk	rel:etymology	per: ābnīk
ara: ḥkk	rel:etymology	ara: ḥakka
ara: ṭwr	rel:etymology	ara: ṭāra
ara: مخنث	rel:etymology	ara: خنث
ara: wrχ	rel:etymology	ara: taˀrīχ
ara: ẓhr	rel:etymology	ara: ẓahara
ara: ˁyn	rel:etymology	ara: ˁayyana
ara: crḥ	rel:etymology	ara: caraḥa
ara: ˁbr	rel:etymology	ara: ˁabara
ara: frc	rel:etymology	ara: faraca
ara: χulḳ	rel:etymology	ara: χalaḳa
ara: ˁmr	rel:etymology	ara: ˁamara
ara: ˁwd	rel:etymology	ara: daˁ
ara: ˁmm	rel:etymology	ara: ˁamma
ara: cwz	rel:etymology	ara: cāza
ara: ḥrm	rel:etymology	ara: ḥaruma 
ara: şīˁī	rel:etymology	ara: şyˁ
ara: صلاة	rel:etymology	syc: ܨܠܘܬܐ
ara: rkb	rel:etymology	ara: rakaba
ara: madan	rel:etymology	heb: md
ara: wḳˁ	rel:etymology	ara: waḳaˁa
ara: ḳnṭr	rel:etymology	Aramice/Süryanice: ḳəṭārā
ara: ˁcb	rel:etymology	ara: ˁacīb
ara: cll	rel:etymology	ara: calla
ara: ḥrk	rel:etymology	ara: ḥaraka(t)
ara: wḳˁ	rel:etymology	ara: waḳaˁa
ara: ḥlw	rel:etymology	ara: ḥlb
ara: قاموس	rel:etymology	grc: ὠκεανός
ara: wrd	rel:etymology	ara: warada
ara: bχr	rel:etymology	ara: baχara
ara: bwb	rel:etymology	ara: bāb
ara: صيام	rel:etymology	ara: صام
ara: dχl	rel:etymology	ara: daχala
ara: ḍarbu maṯal	rel:etymology	ara: ḍarb
ara: şrḥ	rel:etymology	ara: şaraḥa
ara: طاس	rel:etymology	fas: طاس
ara: s̠mr	rel:etymology	ara: ṯamara
ara: ḥfẓ	rel:etymology	ara: ḥafaẓa
ara: طرح	rel:etymology	ara: طرح
ara: ˁzl	rel:etymology	ara: ˁazala
ara: ḥkr	rel:etymology	ara: ḥakara
ara: أذان	rel:etymology	ara: أذن
ara: ˁzz	rel:etymology	ara: ˁazza
ara: kˁb	rel:etymology	ara: kaˁb
ara: تذكار	rel:etymology	ara: ذكر
ara: ˁtḳ	rel:etymology	ara: ˁatiḳa
ara: ˁn	rel:etymology	ara: ˁan
ara: باذنجان	rel:etymology	fas: بادنگان
ara: zwc	rel:etymology	ara: zawc
ara: kḥl	rel:etymology	ara: kaḥala
ara: fhm	rel:etymology	ara: fahama
ara: ḏmm	rel:etymology	ara: ḏamma
ara: hndb	rel:etymology	grc: íntybos 
ara: ḳdr	rel:etymology	ara: ḳadr
ara: ḳdr	rel:etymology	ara: ḳadara
ara: لوياثان	rel:etymology	aii: לויתן
ara: frḳ	rel:etymology	ara: faraḳa
ara: şammās	rel:etymology	Aramice/Süryanice: şammāş
ara: farḍan	rel:etymology	ara: frḍ
ara: أستاذ	rel:etymology	fas: استاد
ara: ḥrr	rel:etymology	ara: ḥarrara
ara: daraca	rel:etymology	Aramice/Süryanice: drg
ara: برهان	rel:etymology	ara: برهن
ara: Amn	rel:etymology	ara: āmana
ara: ġsl	rel:etymology	ara: ġasala
ara: fχr	rel:etymology	ara: faχara
ara: ˁkf	rel:etymology	ara: ˁakafa
ara: ḥrf	rel:etymology	ara: ḥarrafa
ara: czA	rel:etymology	ara: cuzˀ
ara: ṣtrlb	rel:etymology	grc: astrólabon
ara: ḏky	rel:etymology	ara: ḏakā
ara: tl	rel:etymology	Aramice/Süryanice: tell
ara: ḳirāt	rel:etymology	grc: kerátion
ara: āχiḏ	rel:etymology	ara: aχaḏa
ara: shl	rel:etymology	ara: sahala
ara: nfs	rel:etymology	ara: nafīs
ara: şbk	rel:etymology	ara: şabaka(t)
ara: whm	rel:etymology	ara: wahama
ara: krm	rel:etymology	ara: karuma
ara: drk	rel:etymology	ara: dark 
ara: ḳtl	rel:etymology	ara: ḳatala
ara: lzm	rel:etymology	ara: lazima
ara: ḳṣr	rel:etymology	ara: ḳaṣara
ara: fwr	rel:etymology	ara: fāra
ara: dnr	rel:etymology	Aramice/Süryanice: dīnār
ara: aṯṯara	rel:etymology	ara: aṯar
ara: tawakkulī	rel:etymology	ara: wkl
ara: ḳbḥ	rel:etymology	ara: ḳabuḥa
ara: ˁwr	rel:etymology	ara: ˁāra
ara: fcˁ	rel:etymology	ara: facaˁa
ara: ḥcr	rel:etymology	ara: ḥacara
ara: ṣġr	rel:etymology	ara: ṣaġīr
ara: ḳṭˁ	rel:etymology	ara: ḳaṭaˁa
ara: kbr	rel:etymology	ara: kabura 
ara: klf	rel:etymology	ara: takallafa
ara: wḍˁ	rel:etymology	ara: waḍaˁa
ara: ḥṣr	rel:etymology	ara: ḥaṣara
ara: kūma(t)	rel:etymology	grc: kýma
ara: ḥkm	rel:etymology	ara: ḥakama
ara: kīmyā	rel:etymology	per: kār
ara: s̠bt	rel:etymology	ara: ṯabata
ara: ḳudsī	rel:etymology	ara: ḳds
ara: ġlm	rel:etymology	ara: ġulām
ara: ḳṣṣ	rel:etymology	ara: ḳaṣṣa
ara: ṭbḳ	rel:etymology	ara: ṭabaḳ
ara: ḍwA	rel:etymology	ara: ḍāˀa
ara: ḥacara	rel:etymology	Aramice/Süryanice: #χgr
ara: Amr	rel:etymology	ara: amara
ara: zyd	rel:etymology	ara: zāda
ara: s̠ls̠	rel:etymology	ara: ṯalāṯa(t)
ara: ˁaduww	rel:etymology	ara: ˁadā
ara: ḥsr	rel:etymology	İbranice ve Aramice/Süryanice: ḥsr
ara: تلفن	rel:etymology	eng: telephone
ara: cdd	rel:etymology	ara: cadd
ara: ḥawl	rel:etymology	ara: ḥāla
ara: cwr	rel:etymology	ara: cāra
ara: fḍw	rel:etymology	ara: faḍā
ara: ḥbb	rel:etymology	ara: ḥabīb
ara: swḳ	rel:etymology	ara: sāḳa
ara: şrf	rel:etymology	ara: şarafa
ara: ˁln	rel:etymology	ara: ˁalana
ara: zˁm	rel:etymology	ara: zaˁama
ara: ka-an	rel:etymology	ara: lam
ara: ḥdd	rel:etymology	ara: ḥadda
ara: ṣdḳ	rel:etymology	ara: ṣadaḳa
ara: kşş	rel:etymology	Aramice/Süryanice: ḳəşīş
ara: slm	rel:etymology	ara: sallama
ara: tlmḏ	rel:etymology	Aramice/Süryanice: lmd
ara: χsr	rel:etymology	ara: χasira
ara: ḍarb	rel:etymology	ara: maṯal
ara: frş	rel:etymology	ara: faraşa
ara: fdy	rel:etymology	ara: fadā
ara: in şāˀa-llāh	rel:etymology	ara: in
ara: Afḳ	rel:etymology	ara: ufḳ
ara: χbr	rel:etymology	ara: χabara
ara: ḳbl	rel:etymology	ara: ḳabila
ara: ḏll	rel:etymology	ara: ḏalla
ara: ḍyˁ	rel:etymology	ara: ḍāˁa
ara: χlf	rel:etymology	ara: χalafa
ara: أنتليجنسيا	rel:etymology	rus: интеллигенция
ara: srf	rel:etymology	ara: sarafa
ara: czr	rel:etymology	ara: cazara
ara: لوبيا	rel:etymology	fas: لوبیا
ara: rfḳ	rel:etymology	ara: rafaḳa
ara: ġwṣ	rel:etymology	ara: ġāṣa
ara: shl	rel:etymology	ara: sahala
ara: ktm	rel:etymology	ara: katama
ara: bunduḳ 	rel:etymology	grc: pontikón kárion
ara: crm	rel:etymology	heb: gerem
ara: χrdl	rel:etymology	Aramice/Süryanice: χardal
ara: fḍl	rel:etymology	ara: faḍala
ara: χdm	rel:etymology	ara: χadama
ara: ḥrṣ	rel:etymology	ara: ḥaraṣa
ara: ˁḳr	rel:etymology	ara: ˁaḳār
ara: ḳbl	rel:etymology	ara: ḳabila
ara: frds	rel:etymology	ara: farādis
ara: cunḥa(t) 	rel:etymology	ara: cunāḥ
ara: دف	rel:etymology	pal: 𐭣𐭯
ara: cml	rel:etymology	ara: camula
ara: ˁff	rel:etymology	ara: ˁaffa
ara: مقرمة	rel:etymology	ara: مقرم
ara: ẓalama	rel:etymology	ara: ẓalima
ara: ḥbs	rel:etymology	ara: ḥabasa
ara: χtn	rel:etymology	ara: χatana
ara: dfn	rel:etymology	ara: dafana
ara: wch	rel:etymology	ara: wacaha
ara: فندق	rel:etymology	pal: 𐭯𐭭𐭣𐭪
ara: لازورد	rel:etymology	fas: لاجورد
ara: ṣrf	rel:etymology	ara: ṣarafa
ara: سندباد	rel:etymology	fas: سندباد
ara: faṭara	rel:etymology	İbranice ve Aramice/Süryanice: pāṭar
ara: ḳaraˀa	rel:etymology	Aramice/Süryanice: ḳry
ara: wa'l-facri	rel:etymology	ara: facr
ara: ˁlm	rel:etymology	ara: ˁalāma(t)
ara: ˁwḍ	rel:etymology	ara: ˁāḍa
ara: χff	rel:etymology	ara: χuff
ara: crḥ	rel:etymology	ara: caraḥa
ara: جنجويد	rel:etymology	fas: جنگوی
ara: kuffa(t)	rel:etymology	Süryanice: kəpāpā 
ara: wfḳ	rel:etymology	ara: wafiḳa
ara: ˁẓm	rel:etymology	ara: ˁaẓuma
ara: cwl	rel:etymology	ara: cāla
ara: سموم	rel:etymology	ara: سم
ara: rtb	rel:etymology	ara: rattaba
ara: ẓlm	rel:etymology	ara: ẓalama
ara: ftḥ	rel:etymology	ara: fataḥa
ara: klf	rel:etymology	ara: kallafa
ara: şhl	rel:etymology	ara: aşhal
ara: أوقيانوس	rel:etymology	grc: ὠκεανός
ara: hyl	rel:etymology	grc: ʰýlē
ara: ˁaṣaba(t)	rel:etymology	ara: ˁaṣaba
ara: ˁss	rel:etymology	ara: ˁassa
ara: As̠r	rel:etymology	ara: aṯṯara
ara: ftr	rel:etymology	ara: fatara
ara: aḏina	rel:etymology	ara: uḏn
ara: cazā	rel:etymology	Aramice/Süryanice: gzy
ara: frḳ	rel:etymology	Aramice/Süryanice: prḳ
ara: ḳṭˁ	rel:etymology	ara: ḳaṭaˁa
ara: χrf	rel:etymology	ara: χarafa
ara: bsr	rel:etymology	Aramice/Süryanice: besrā
ara: nˁm	rel:etymology	ara: naˁam
ara: blġ	rel:etymology	ara: balaġa
ara: ḳsm	rel:etymology	ara: ḳasama
ara: kfw	rel:etymology	ara: kafā
ara: acr	rel:etymology	ara: miṯl
ara: χll	rel:etymology	ara: χalla
ara: ḳbA	rel:etymology	Aramice/Süryanice: ḳbāyā
ara: şṭr	rel:etymology	ara: şaṭura
ara: χlṭ	rel:etymology	ara: χalaṭa
ara: As̠r	rel:etymology	ara: aṯar
ara: dwr	rel:etymology	ara: dāra
ara: ˁrḍ	rel:etymology	ara: ˁaraḍa
ara: Amm	rel:etymology	Aramice/Süryanice: ˀummətā
ara: lḏḏ	rel:etymology	ara: laḏḏa
ara: ġly	rel:etymology	ara: ġalā
ara: Abd	rel:etymology	ara: abada
ara: kbrt	rel:etymology	Aramice/Süryanice: kebrītā 
ara: cihāz	rel:etymology	per: gīr
ara: ilāha(t)	rel:etymology	ara: ilāh
ara: şrk	rel:etymology	ara: şarīk
ara: ˁādī	rel:etymology	ara: ˁwd
ara: ḥrm	rel:etymology	heb: ḥrm
ara: fḳd	rel:etymology	ara: faḳada
ara: zbn	rel:etymology	ara: zubānī
ara: محسن	rel:etymology	ara: حسن
ara: naˁūḏu billāhi	rel:etymology	ara: ˁāḏa
ara: χrb	rel:etymology	ara: χaraba
ara: فنجان	rel:etymology	fas: پنگان
ara: برمجيات	rel:etymology	ara: برمج
ara: csd	rel:etymology	Aramice/Süryanice: gūşdā
ara: mdn	rel:etymology	ara: madīna(t)
ara: ˁbs̠	rel:etymology	ara: ˁabiṯa
ara: nzl	rel:etymology	ara: nazala
ara: wcd	rel:etymology	ara: wacada
ara: fḥw	rel:etymology	ara: faḥā
ara: χbs̠	rel:etymology	ara: χabuṯa
ara: şyA	rel:etymology	ara: şayˀ
ara: ġzw	rel:etymology	ara: ġazā
ara: أناني	rel:etymology	ara: أنا
ara: χmr	rel:etymology	ara: χamara
ara: ḳwm	rel:etymology	ara: ḳāma
ara: şwş	rel:etymology	ara: şawwaşa
ara: trcm	rel:etymology	Aramice/Süryanice: targūm
ara: ˁzm	rel:etymology	ara: ˁazima
ara: fsfs	rel:etymology	ara: fisfisa(t)
ara: χṭb	rel:etymology	ara: χaṭaba
ara: يسير	rel:etymology	ara: يسر
ara: ksr	rel:etymology	ara: kasara
ara: wzr	rel:etymology	ara: wazīr
ara: ḳhr	rel:etymology	ara: ḳahara
ara: mlw	rel:etymology	Aramice/Süryanice: mly
ara: wfy	rel:etymology	ara: wafā
ara: ṣlḥ	rel:etymology	ara: ṣalaḥa
ara: ˁln	rel:etymology	ara: ˁalana
ara: dχl	rel:etymology	ara: daχala
ara: ḳndl	rel:etymology	Aramice/Süryanice: ḳandīlā
ara: cwhr	rel:etymology	ara: cawhar
ara: zbr	rel:etymology	ara: zabara
ara: nsb	rel:etymology	ara: nasaba
ara: rṣd	rel:etymology	ara: raṣada
ara: سرقسطة	rel:etymology	ita: Caesaraugusta
ara: ˁcz	rel:etymology	ara: ˁacīz
ara: hdm	rel:etymology	ara: hadama
ara: ˁwḏ	rel:etymology	ara: naˁūḏu billāhi
ara: ḳll	rel:etymology	ara: ḳalla
ara: nakara	rel:etymology	akk: nakru
ara: Ahl	rel:etymology	ara: ahala
ara: wly	rel:etymology	ara: walā
ara: ḥwz	rel:etymology	ara: ḥāza
ara: clb	rel:etymology	ara: calaba
ara: كمبيوتر	rel:etymology	eng: computer
ara: ḳlb	rel:etymology	ara: ḳalaba
ara: ġfr	rel:etymology	ara: ġafara
ara: كس	rel:etymology	fas: کس
ara: ḥrf	rel:etymology	ara: ḥarafa
ara: ṣbw	rel:etymology	ara: ṣabī
ara: ḥşr	rel:etymology	ara: ḥaşara
ara: slṭ	rel:etymology	ara: sulṭa(t)
ara: dwm	rel:etymology	ara: dāma
ara: başara(t)	rel:etymology	Aramice/Süryanice: bəsar, bisərā
ara: Akd	rel:etymology	ara: akada
ara: ḳḍy	rel:etymology	ara: ḳaḍā
ara: tlf	rel:etymology	ara: talifa
ara: ˁcl	rel:etymology	ara: ˁacala
ara: şhd	rel:etymology	Aramice/Süryanice: shd
ara: lam	rel:etymology	ara: yakun
ara: Ass	rel:etymology	ara: uss
ara: ḥakkama	rel:etymology	ara: ḥakama
ara: ḥḍr	rel:etymology	ara: ḥaḍara
ara: frḳ	rel:etymology	ara: faraḳa
ara: kanafa	rel:etymology	ara: kanaf
ara: chd	rel:etymology	ara: cahada
ara: ˁlm	rel:etymology	ara: ˁalama
ara: بشرف	rel:etymology	tur: peşrev
ara: myz	rel:etymology	ara: māza
ara: ws̠ḳ	rel:etymology	ara: waṯaḳa
ara: اليوم	rel:etymology	ara: ال
ara: bdr	rel:etymology	ara: badara
ara: χlˁ	rel:etymology	ara: χalaˁa
ara: Amn	rel:etymology	ara: amana 
ara: dll	rel:etymology	ara: dalla
ara: ntc	rel:etymology	ara: nataca
ara: cawz	rel:etymology	Orta Farsça: gawz 
ara: mḥw	rel:etymology	ara: maḥā
ara: ḥukm	rel:etymology	per: dār
ara: şḳḳ	rel:etymology	ara: şaḳḳa
ara: srr	rel:etymology	ara: sarra
ara: bwl	rel:etymology	ara: bāla
ara: sunbul 	rel:etymology	İbranice ve Aramice/Süryanice: şībbəleth
ara: χll	rel:etymology	ara: χalla
ara: bḳy	rel:etymology	ara: baḳā
ara: ḳds	rel:etymology	ara: ḳadusa
ara: سينما	rel:etymology	eng: cinema
ara: ˁṭl	rel:etymology	ara: ˁaṭala
ara: ˁlm	rel:etymology	ara: ˁalama
ara: ˁrf	rel:etymology	ara: ˁarafa
ara: χṣm	rel:etymology	ara: χaṣama
ara: smr	rel:etymology	ara: sumra(t)
ara: ġnm	rel:etymology	ara: ġanam
ara: Amn	rel:etymology	ara: āmana
ara: faχrī	rel:etymology	ara: fχr
ara: wˁd	rel:etymology	ara: waˁada
ara: ḥwc	rel:etymology	ara: ḥāca
ara: ḥcz	rel:etymology	ara: ḥacaza
ara: ḏī'l-yadd	rel:etymology	ara: ḏī
ara: ṭwf	rel:etymology	ara: ṭāfa
ara: mll	rel:etymology	ara: milla(t)
ara: ṣannafa	rel:etymology	ara: ṣinf
ara: ḳyd	rel:etymology	ara: ḳāda
ara: ṭbl	rel:etymology	per: tabal
ara: lzm	rel:etymology	ara: lazima
ara: fiˀāt	rel:etymology	ara: fī
ara: nwr	rel:etymology	ara: nūr
ara: χayl	rel:etymology	Aramice/Süryanice: χeyl
ara: حالا	rel:etymology	ara: حال
ara: wṣf	rel:etymology	ara: waṣafa
ara: wrs̠	rel:etymology	ara: wāriṯ
ara: ˁdd	rel:etymology	ara: ˁadda
ara: ks̠r	rel:etymology	ara: kaṯura
ara: ˁammī	rel:etymology	ara: ˁamm
ara: dḳḳ	rel:etymology	ara: daḳḳa
ara: ˁṣm	rel:etymology	ara: ˁaṣama
ara: ġfl	rel:etymology	ara: ġafala
ara: wṣl	rel:etymology	ara: waṣala
ara: ˁml	rel:etymology	ara: ˁamala
ara: asrār	rel:etymology	per: angīz
ara: ḍrr	rel:etymology	ara: ḍarra
ara: ˁmr	rel:etymology	ara: ˁamara
ara: şbs̠	rel:etymology	ara: şabaṯa
ara: χlṣ	rel:etymology	ara: χalaṣa
ara: ˁacabā	rel:etymology	ara: ˁcb
ara: ġḍb	rel:etymology	ara: ġaḍuba
ara: şmm	rel:etymology	ara: şamma
ara: fsḳ	rel:etymology	ara: fasaḳa
ara: ḥmw	rel:etymology	ara: ḥamā
ara: cld	rel:etymology	Aramice/Süryanice: gəlad
ara: fAr	rel:etymology	ara: faˀr
ara: fkr	rel:etymology	ara: fakara
ara: ġḍb	rel:etymology	ara: ġaḍuba
ara: χyr	rel:etymology	ara: χāra
ara: ḏātan	rel:etymology	ara: ḏāt
ara: zny	rel:etymology	Aramice/Süryanice: zny
ara: wḳr	rel:etymology	ara: waḳura
ara: burnūs 	rel:etymology	Geç Latince: birrus
ara: χsr	rel:etymology	ara: χasira
ara: wṣf	rel:etymology	ara: waṣafa
ara: ṭāra	rel:etymology	ara: ṭayr
ara: wdˁ	rel:etymology	ara: wadaˁa
ara: كونلي	rel:etymology	eng: Conley
ara: χbs̠	rel:etymology	ara: χabuṯa
ara: ḥwz	rel:etymology	ara: ḥāza
ara: ftḥ	rel:etymology	ara: fataḥa
ara: kfl	rel:etymology	ara: kafala
ara: dḳḳ	rel:etymology	ara: daḳḳa
ara: Amr	rel:etymology	ara: amara
ara: brḳ	rel:etymology	Orta Farsça: *ābrīk
ara: ḥfr	rel:etymology	ara: ḥafara
ara: ḳws	rel:etymology	ara: ḳaws
ara: rcˁ	rel:etymology	ara: racaˁa
ara: ḥayfā	rel:etymology	ara: ḥyf
ara: nḳl	rel:etymology	ara: naḳala
ara: lam	rel:etymology	ara: rAy
ara: ṭlˁ	rel:etymology	ara: ṭulūˁ
ara: ḳyd	rel:etymology	ara: ḳāda
ara: Any	rel:etymology	ara: anā
ara: ḳlw	rel:etymology	ara: ḳalā
ara: şġl	rel:etymology	ara: şaġala
ara: cnb	rel:etymology	ara: canaba
ara: ṭrḳ	rel:etymology	ara: ṭaraḳa
ara: cdd	rel:etymology	ara: cadda
ara: Aχw	rel:etymology	ara: aχ
ara: انبيق	rel:etymology	grc: ἄμβιξ
ara: şrk	rel:etymology	ara: şarika
ara: bḥr	rel:etymology	Aramice/Süryanice: bḥr
ara: rwḥ	rel:etymology	ara: rūḥ
ara: ḳsm	rel:etymology	ara: ḳasama
ara: cīm	rel:etymology	Aramice/Süryanice: gīmel
ara: mcd	rel:etymology	ara: macada
ara: ḳsm	rel:etymology	ara: ḳism
ara: Aṣl	rel:etymology	ara: aṣila
ara: ḳānūn 	rel:etymology	grc: órganon
ara: kallafa	rel:etymology	ara: kulfa(t)
ara: ḳamīṣ	rel:etymology	Aramice/Süryanice: ḳūmīsthā
ara: خلاص	rel:etymology	ara: خلص
ara: myl	rel:etymology	ara: māla
ara: şcˁ	rel:etymology	ara: şacuˁa
ara: kbr	rel:etymology	ara: akbar
ara: ˁfw	rel:etymology	ara: ˁafā
ara: cnb	rel:etymology	ara: canaba
ara: ˁḳb	rel:etymology	ara: ˁaḳaba
ara: جنوبي	rel:etymology	ara: جنوب
ara: şrr	rel:etymology	ara: şarra
ara: Alh	rel:etymology	Aramice/Süryanice: Alh
ara: cns	rel:etymology	ara: canāsa
ara: in	rel:etymology	ara: lā
ara: ˁrb	rel:etymology	ara: ˁarab
ara: wdd	rel:etymology	ara: wadda
ara: wrm	rel:etymology	ara: warima
ara: χalaḳa	rel:etymology	Aramice/Süryanice: χlḳ
ara: قراءة	rel:etymology	ara: قرأ
ara: cml	rel:etymology	ara: camula
ara: ˁlḳ	rel:etymology	ara: ˁalaḳa
ara: fyd	rel:etymology	ara: fāda
ara: نلوفر	rel:etymology	fas: نیلوفر
ara: rdd	rel:etymology	ara: radda
ara: bwr	rel:etymology	ara: bāra
ara: msk	rel:etymology	ara: masaka
ara: ktb	rel:etymology	ara: kataba
ara: dāla	rel:etymology	akk: dālu
ara: χşb	rel:etymology	ara: χaşab
ara: smt	rel:etymology	ara: samt
ara: ḥrk	rel:etymology	ara: ḥaraka
ara: şḳw	rel:etymology	ara: şaḳā
ara: fnn	rel:etymology	ara: fann
ara: ناعورة	rel:etymology	syc: ܢܥܘܪܬܐ
ara: mzc	rel:etymology	ara: mazaca
ara: amr	rel:etymology	ara: wāḳiˁ
ara: ṣakk	rel:etymology	Orta Farsça: çak
ara: brd	rel:etymology	ara: barida
ara: tmm	rel:etymology	ara: tamma
ara: rḍw	rel:etymology	ara: raḍā
ara: fyd	rel:etymology	ara: fāda
ara: smˁ	rel:etymology	ara: samaˁa
ara: ḳwy	rel:etymology	ara: ḳuwwa(t)
ara: ḥẓẓ	rel:etymology	ara: ḥaẓẓa
ara: fsd	rel:etymology	ara: fasada
ara: بيروت	rel:etymology	phn: 𐤁𐤓𐤕
ara: زنجبيل	rel:etymology	pal: 𐭮𐭭𐭢𐭯𐭩𐭫
ara: ˁdd	rel:etymology	ara: ˁadda
ara: ṭlḳ	rel:etymology	per: talk
ara: dχl	rel:etymology	ara: daχala
ara: nşr	rel:etymology	ara: naşara
ara: cwb	rel:etymology	ara: cawāb
ara: ˁlw	rel:etymology	ara: ˁalā
ara: hdy	rel:etymology	ara: hadā
ara: ẓhr	rel:etymology	ara: ẓahara
ara: ˁrḍ	rel:etymology	ara: ˁaraḍa
ara: wṣf	rel:etymology	ara: waṣf
ara: yAs	rel:etymology	ara: yaˀisa
ara: fsr	rel:etymology	Aramice/Süryanice: pşār
ara: alīf	rel:etymology	Aramice/Süryanice: ˀalaph
ara: klm	rel:etymology	ara: kalama
ara: ḳbl	rel:etymology	ara: ḳabila
ara: wḍˁ	rel:etymology	ara: waḍaˁa
ara: lfẓ	rel:etymology	ara: lafaẓa
ara: هواء	rel:etymology	fas: هوا
ara: kisrā	rel:etymology	Orta Farsça: χusraw
ara: ˁlm	rel:etymology	ara: ˁalama
ara: ˁḏb	rel:etymology	ara: ˁaḏāb
ara: ḥdd	rel:etymology	ara: ḥadd
ara: ḳld	rel:etymology	ara: ḳallada
ara: yahūdī	rel:etymology	heb: yhūdī
ara: wḳˁ	rel:etymology	ara: waḳīˁa(t)
ara: bḳy	rel:etymology	ara: baḳiya(t)
ara: rχṣ	rel:etymology	ara: ruχṣa(t)
ara: ˁḳb	rel:etymology	ara: ˁaḳaba
ara: ḳlfṭ/clft	rel:etymology	Aramice/Süryanice: ḳəlāphtā 
ara: ḳbḥ	rel:etymology	ara: ḳabuḥa
ara: klm	rel:etymology	ara: kalama
ara: ktb	rel:etymology	ara: kātib
ara: czA	rel:etymology	ara: cazaˀa
ara: ḥkk	rel:etymology	ara: ḥakka
ara: kbş	rel:etymology	Aramice/Süryanice: kbş
ara: ṣrr	rel:etymology	ara: ṣarra
ara: ˁṭf	rel:etymology	ara: ˁaṭafa
ara: ḥadaṯa	rel:etymology	heb: χdş
ara: ẓafira	rel:etymology	ara: ẓufr 
ara: fsḥ	rel:etymology	ara: faṣaḥa
ara: ˁlw	rel:etymology	ara: aˁlā
ara: ˁāli	rel:etymology	ara: canāb
ara: دائم	rel:etymology	ara: دام
ara: ḳḥb	rel:etymology	ara: ḳaḥaba
ara: ṭarafa	rel:etymology	ara: ṭarf
ara: ḥḳḳ	rel:etymology	ara: ḥaḳḳa
ara: wld	rel:etymology	ara: walada
ara: bkr	rel:etymology	ara: bakara
ara: şrr	rel:etymology	ara: şarra
ara: wzr	rel:etymology	Orta Farsça: viçīr
ara: kml	rel:etymology	ara: kamala
ara: şḳw	rel:etymology	ara: şaḳā
ara: fṣl	rel:etymology	ara: tafṣīl
ara: ṯallaṯa	rel:etymology	ara: ṯalāṯa(t)
ara: ḳḍy	rel:etymology	ara: ḳaḍā
ara: ḳṣṣ	rel:etymology	ara: ḳāṣṣa
ara: ḳyd	rel:etymology	ara: ḳāda
ara: fkr	rel:etymology	ara: fikr
ara: yḳt	rel:etymology	Orta Farsça: yākand
ara: ḳḏr	rel:etymology	ara: ḳāḏūr
ara: Ady	rel:etymology	ara: adāˀ
ara: ḥsn	rel:etymology	ara: ḥasana(t)
ara: ḳdr	rel:etymology	ara: ḳadara
ara: ḏhb	rel:etymology	ara: ḏahhaba
ara: ḏahhaba	rel:etymology	ara: ḏahab
ara: χlṣ	rel:etymology	ara: χalaṣa
ara: ˁdd	rel:etymology	ara: ˁadda
ara: بيت لحم	rel:etymology	ara: لحم
ara: ġbṭ	rel:etymology	ara: ġabaṭa
ara: taṣawwara	rel:etymology	ara: ṣūra(t)
ara: ˁlm	rel:etymology	ara: ˁalama
ara: χlṭ	rel:etymology	ara: χalaṭa
ara: wḍḥ	rel:etymology	ara: waḍaḥa
ara: ˁyn	rel:etymology	ara: ˁayn
ara: Aṣl	rel:etymology	ara: aṣila
ara: ḳbs	rel:etymology	ara: ḳabasa
ara: bny	rel:etymology	ara: banā
ara: ḍrb	rel:etymology	ara: ḍaraba
ara: قلم	rel:etymology	grc: κάλαμος
ara: ماتريوشكا	rel:etymology	rus: матрёшка
ara: faraca	rel:etymology	ara: faraḳa
ara: cnb	rel:etymology	ara: canb 
ara: ˁanbar	rel:etymology	per: būy
ara: ˁmd	rel:etymology	ara: ˁamada
ara: naizak	rel:etymology	Orta Farsça: nīzak
ara: lft	rel:etymology	ara: lafata
ara: dafˁātan	rel:etymology	ara: dafˁa(t)
ara: ṭarafayn	rel:etymology	ara: ṭrf
ara: ˁṣr	rel:etymology	Aramice/Süryanice: ˁaṣarthā
ara: ḥmm	rel:etymology	ara: ḥamma
ara: wly	rel:etymology	ara: walā
ara: ksr	rel:etymology	ara: kasr
ara: ġrḳ	rel:etymology	ara: ġariḳa
ara: ḥkm	rel:etymology	ara: ḥakama
ara: tbwt	rel:etymology	Aramice/Süryanice: tēbūthā
ara: wzn	rel:etymology	ara: wazana
ara: rşw	rel:etymology	ara: raşā
ara: ˁwr	rel:etymology	ara: ˁāra
ara: krm	rel:etymology	ara: karuma
ara: smy	rel:etymology	ara: ism
ara: şhr	rel:etymology	ara: şahara
ara: ˁalama	rel:etymology	ara: Allāh
ara: ˁds	rel:etymology	ara: ˁds
ara: ˁlm	rel:etymology	ara: ˁilm
ara: dḳḳ	rel:etymology	ara: daḳīḳa(t)
ara: ﷼	rel:etymology	spa: real
ara: ṭyr	rel:etymology	ara: ṭāra
ara: ṣawwara	rel:etymology	ara: ṣūra(t)
ara: ˁanhā	rel:etymology	ara: minhā
ara: ḳalb	rel:etymology	per: zan
ara: zḥl	rel:etymology	ara: zaḥala
ara: ṭāġūt	rel:etymology	Aramice/Süryanice: ṭˁw
ara: khn	rel:etymology	Aramice/Süryanice: khn
ara: dfn	rel:etymology	ara: dafana
ara: ẓhr	rel:etymology	ara: ẓahara
ara: zabarcad	rel:etymology	Aramice/Süryanice: zmargad 
ara: bcl	rel:etymology	ara: bacula
ara: scm	rel:etymology	ara: sacama
ara: mdd	rel:etymology	ara: madda
ara: إبهام	rel:etymology	ara: أبهم
ara: ˁlf	rel:etymology	akk: elēpu
ara: daftar	rel:etymology	per: dār
ara: chl	rel:etymology	ara: cahala
ara: ˁalā	rel:etymology	ara: hu
ara: fcˁ	rel:etymology	ara: fcˁ
ara: kalba(t)	rel:etymology	ara: kalb
ara: kff	rel:etymology	Aramice/Süryanice: kp
ara: kşf	rel:etymology	ara: kaşafa
ara: blġ	rel:etymology	ara: balaġa
ara: ḳwm	rel:etymology	ara: ḳāma
ara: wsˁ	rel:etymology	ara: wasuˁa
ara: ḏll	rel:etymology	ara: ḏalla
ara: kfr	rel:etymology	ara: kāfir
ara: frc	rel:etymology	Aramice/Süryanice: parəgod
ara: Ahl	rel:etymology	ara: ahl
ara: wld	rel:etymology	ara: walada
ara: krs	rel:etymology	ara: kursī
ara: fyḍ	rel:etymology	ara: fāḍa
ara: kbr	rel:etymology	ara: kabura
ara: ḳasā	rel:etymology	Aramice/Süryanice: #ḳşy
ara: علوي	rel:etymology	ara: علا
ara: ḳhr	rel:etymology	ara: ḳahara
ara: نبي	rel:etymology	ara: نبا
ara: ġrr	rel:etymology	ara: ġarra
ara: zwr	rel:etymology	ara: zāra
ara: ġmz	rel:etymology	ara: ġamaza
ara: Awl	rel:etymology	ara: āla
ara: fincān	rel:etymology	per: pingān
ara: ṭmr	rel:etymology	Orta Yunanca: tomárion
ara: fḥş	rel:etymology	ara: faḥuşa
ara: cdd	rel:etymology	ara: cadīd
ara: s̠ny	rel:etymology	ara: ṯanā
ara: ḏī	rel:etymology	ara: al-yadd
ara: wḳˁ	rel:etymology	ara: waḳaˁa
ara: سرانديب	rel:etymology	fas: سراندیپ
ara: ˁry	rel:etymology	ara: ˁarā
ara: ˁff	rel:etymology	ara: ˁaffa
ara: şrˁ	rel:etymology	ara: şarˁ
ara: ˁulwī	rel:etymology	ara: ˁlw
ara: χzn	rel:etymology	Orta Farsça: ganz 
ara: dˁw	rel:etymology	ara: daˁā
ara: aṯṯara	rel:etymology	ara: aṯar
ara: ḏāt	rel:etymology	ara: canb
ara: χrc	rel:etymology	ara: χaraca
ara: ks̠r	rel:etymology	ara: kaṯīr
ara: ḥlm	rel:etymology	ara: ḥilm
ara: ḥṣl	rel:etymology	ara: ḥaṣala
ara: wrs̠	rel:etymology	ara: wariṯa
ara: ḳāḏūr	rel:etymology	ara: ḳaḏara
ara: χlc	rel:etymology	ara: χalaca
ara: brḳ	rel:etymology	ara: baraḳa
ara: مغرب	rel:etymology	ara: غرب
ara: ˁfw	rel:etymology	ara: ˁafā
ara: تكالب	rel:etymology	ara: كلب
ara: χṣm	rel:etymology	ara: χaṣama
ara: ḥṣl	rel:etymology	ara: ḥāṣila(t)
ara: acāba	rel:etymology	ara: cāba
ara: wcd	rel:etymology	ara: wacada
ara: ẓarufa	rel:etymology	ara: ẓarf
ara: ġyr	rel:etymology	ara: ġayyara
ara: fḍl	rel:etymology	ara: fāḍil
ara: şˁb	rel:etymology	ara: şaˁaba
ara: Ayd	rel:etymology	ara: ayyada
ara: ḳṣb	rel:etymology	ara: ḳaṣaba
ara: ḳbl	rel:etymology	ara: ḳabala
ara: بندورة	rel:etymology	ita: pomodoro
ara: Alf	rel:etymology	ara: alifa
ara: ḍḥl	rel:etymology	ara: iḍmaḥalla
ara: ˁcb	rel:etymology	ara: ˁacaba
ara: ḥaşam	rel:etymology	ara: ḥaşama
ara: ˁwd	rel:etymology	ara: ˁāda
ara: Aml	rel:etymology	ara: amala
ara: csm	rel:etymology	ara: casuma
ara: ḥannūş	rel:etymology	özel adından: ḥannā
ara: bny	rel:etymology	ara: banā
ara: ḳˁd	rel:etymology	ara: ḳaˁada
ara: ˁayyāş	rel:etymology	ara: ˁyş
ara: Alh	rel:etymology	Aramice/Süryanice: Alh
ara: wdy	rel:etymology	ara: wadā
ara: ḥḳḳ	rel:etymology	ara: ḥaḳḳa
ara: frk	rel:etymology	ara: faraka
ara: şry	rel:etymology	ara: şarā
ara: ymm	rel:etymology	ara: yammama
ara: ṭlsm	rel:etymology	grc: télesma
ara: أوار	rel:etymology	heb: אור
ara: şwḳ	rel:etymology	ara: şāḳa
ara: nẓm	rel:etymology	ara: naẓama
ara: cls	rel:etymology	ara: calasa
ara: cny	rel:etymology	Aramice/Süryanice: gny
ara: ˁḳl	rel:etymology	ara: ˁaḳala
ara: kuḥayl	rel:etymology	ara: kuḥl
ara: clb	rel:etymology	ara: calaba
ara: mss	rel:etymology	ara: massa
ara: cuzˀī	rel:etymology	ara: cuzˀ
ara: ˁmḳ	rel:etymology	ara: ˁamuḳa
ara: ميبة	rel:etymology	fas: می به
ara: bˁd	rel:etymology	ara: buˁd
ara: برج	rel:etymology	syc: ܒܘܪܓܐ
ara: ḥḳḳ	rel:etymology	ara: ḥaḳīḳa(t)
ara: bˁs̠	rel:etymology	ara: baˁaṯa
ara: χlw	rel:etymology	ara: χalā
ara: cnn	rel:etymology	ara: canna
ara: wfy	rel:etymology	ara: wafā
ara: ˁrḍ	rel:etymology	ara: ˁaraḍa
ara: şdd	rel:etymology	ara: şadda
ara: زعفران	rel:etymology	fas: زرپران
ara: knd	rel:etymology	Aramice/Süryanice: kannād
ara: bṭn	rel:etymology	ara: baṭana
ara: farˁī	rel:etymology	ara: frˁ
ara: ḥwl	rel:etymology	ara: ḥawl
ara: ġyẓ	rel:etymology	ara: ġāẓa
ara: ḏū	rel:etymology	ara: şāˀn
ara: ˁādatan	rel:etymology	ara: ˁāda(t)
ara: wry	rel:etymology	ara: warāˀ
ara: şwr	rel:etymology	ara: şāwara
ara: χṣl	rel:etymology	ara: χaṣala
ara: fˁl	rel:etymology	ara: faˁala
ara: brz	rel:etymology	ara: baraza
ara: dhy	rel:etymology	ara: dahā
ara: ˁṣy	rel:etymology	ara: ˁaṣā
ara: ḥmṣ	rel:etymology	Aramice/Süryanice: ḥemṣīn, ḥemṣāy
ara: amana	rel:etymology	İbranice ve Aramice/Süryanice: āmēn
ara: ṭrḥ	rel:etymology	ara: ṭaraḥa
ara: ḳatl ˁāmm	rel:etymology	ara: ḳatl
ara: sṭr	rel:etymology	ara: usṭūra(t)
ara: cadala	rel:etymology	Aramice/Süryanice: gdl
ara: ˁaşiḳa	rel:etymology	ara: ˁaşaḳ
ara: cls	rel:etymology	ara: calasa
ara: ˁyr	rel:etymology	ara: ˁāra
ara: ġubra(t)	rel:etymology	ara: ġabira
ara: ka ḏāliki	rel:etymology	ara: ḏāliku
ara: ḥṣl	rel:etymology	ara: ḥaṣala
ara: wsˁ	rel:etymology	ara: wasuˁa 
ara: şhw	rel:etymology	ara: şahā
ara: şˁr	rel:etymology	ara: şaˁara
ara: dawr	rel:etymology	ara: dāˀim
ara: ḥwc	rel:etymology	ara: ḥāca
ara: kml	rel:etymology	ara: kāmil
ara: Aχr	rel:etymology	ara: āχar
ara: fkk	rel:etymology	ara: fakka
ara: ḥwl	rel:etymology	ara: ḥāla
ara: şkk	rel:etymology	İbranice ve Aramice/Süryanice: şaḳḳ
ara: ḳys	rel:etymology	ara: ḳāsa
ara: ḥsn	rel:etymology	ara: ḥasuna
ara: şaχχaṣa	rel:etymology	ara: şaχṣ
ara: brk	rel:etymology	ara: baraka(t)
ara: ḥss	rel:etymology	ara: ḥassa
ara: Acr	rel:etymology	ara: acr
ara: nsḳ	rel:etymology	ara: nasaḳa
ara: ṭġy	rel:etymology	ara: ṭaġā
ara: ḳsm	rel:etymology	ara: ḳasama
ara: ṭūbāz	rel:etymology	fre: topaze
ara: dyr	rel:etymology	Süryanice: dayrā
ara: drr	rel:etymology	ara: darra
ara: ktb	rel:etymology	ara: kitāb
ara: ḏkr	rel:etymology	Aramice/Süryanice: dəkar
ara: إبريق	rel:etymology	fas: آبریز
ara: ṭlb	rel:etymology	ara: ṭalaba
ara: Acl	rel:etymology	ara: acila
ara: blm	rel:etymology	Orta Farsça: purmāh
ara: χṭṭ	rel:etymology	ara: χaṭṭa
ara: fcr	rel:etymology	ara: facara
ara: ktl	rel:etymology	ara: katala
ara: mlk	rel:etymology	ara: milk
ara: ˁbr	rel:etymology	ara: ˁabara
ara: χrc	rel:etymology	ara: χaraca
ara: ġāla	rel:etymology	ara: ġūl
ara: لقيمة	rel:etymology	ara: لقم
ara: ḥmḳ	rel:etymology	ara: ḥamuḳa
ara: ḳṭb	rel:etymology	ara: ḳaṭaba
ara: dhş	rel:etymology	ara: dahişa
ara: waḳura	rel:etymology	akk: (w)aḳāru
ara: ḳntr	rel:etymology	Orta Yunanca: kentinári(on)
ara: ḥwl	rel:etymology	ara: ḥāla
ara: ṣlḥ	rel:etymology	ara: ṣalaḥa
ara: ḳhr	rel:etymology	ara: ḳahara
ara: ḳazz	rel:etymology	Orta Farsça: kac 
ara: wzn	rel:etymology	ara: wazana
ara: bkr	rel:etymology	ara: bakr
ara: fsḳ	rel:etymology	ara: fasaḳa
ara: lˁn	rel:etymology	ara: laˁana
ara: şkr	rel:etymology	ara: şakara
ara: ḥrṣ	rel:etymology	ara: ḥaraṣa
ara: min al-ˁacāˀib	rel:etymology	ara: ˁcb
ara: ḏkr	rel:etymology	ara: ḏakara
ara: ḏū'l-ḳaˁda(t)	rel:etymology	ara: ḳˁd
ara: ḥbb	rel:etymology	ara: ḥabīb
ara: slw	rel:etymology	ara: salā
ara: زنجي	rel:etymology	fas: زنگی
ara: klm	rel:etymology	ara: kalama
ara: ˁamada	rel:etymology	Aramice/Süryanice: ˁammūd
ara: ḥsn	rel:etymology	ara: ḥasuna
ara: اب	rel:etymology	akk: 𒉈
ara: بيطار	rel:etymology	grc: ἱππιατρός
ara: rcˁ	rel:etymology	per: band
ara: χrc	rel:etymology	ara: χaraca
ara: rḥl	rel:etymology	ara: raḥala
ara: hzm	rel:etymology	ara: hazama
ara: ġyr	rel:etymology	ara: ġāra
ara: ˁwl	rel:etymology	ara: ˁāla
ara: btl	rel:etymology	Aramice/Süryanice: btūlā
ara: anānīya(t)	rel:etymology	ara: anā
ara: dyn	rel:etymology	ara: dīn
ara: هبوب	rel:etymology	ara: هب
ara: حقيقة	rel:etymology	ara: حق
ara: ḥss	rel:etymology	ara: ḥassa
ara: brḳ	rel:etymology	ara: baraḳa
ara: ḏū şāˀn	rel:etymology	ara: ḏū
ara: dbr	rel:etymology	ara: dabbara
ara: ġbn	rel:etymology	ara: ġabana
ara: bdl	rel:etymology	ara: badal
ara: ˁalāˀim-samāˀ	rel:etymology	ara: ˁlm
ara: unmūḏac	rel:etymology	Orta Farsça: nmūdak
ara: ḥrf	rel:etymology	ara: ḥarafa
ara: hwn	rel:etymology	ara: hawn
ara: fḥş	rel:etymology	ara: faḥuşa
ara: cdd	rel:etymology	ara: cadīd
ara: şml	rel:etymology	İbranice ve Aramice/Süryanice: simāl
ara: bˁd	rel:etymology	ara: baˁuda
ara: ḥml	rel:etymology	ara: ḥamala
ara: ġyr	rel:etymology	ara: ġayr
ara: *ˁacūza(t)	rel:etymology	ara: ˁacūz
ara: ġrb	rel:etymology	ara: ġaraba
ara: ḥml	rel:etymology	ara: ḥamala
ara: ḥkm	rel:etymology	Aramice/Süryanice: ḥākməthā
ara: ṭlb	rel:etymology	ara: ṭalaba
ara: şabaka	rel:etymology	Aramice/Süryanice: sebek
