eng: Samoa	rel:etymology	smo: Sāmoa
eng: nonpejorative	rel:etymology	eng: pejorative
eng: coorbital	rel:etymology	eng: orbital
eng: suitability	rel:etymology	eng: -ity
eng: astronomy	rel:etymology	fro: astronomie
eng: biconically	rel:etymology	eng: biconical
eng: monarchic	rel:etymology	eng: -ic
eng: orthodontist	rel:etymology	eng: orthodontic
eng: footpath	rel:etymology	eng: path
eng: indecorum	rel:etymology	Latin: indecorum
eng: feedforward	rel:etymology	eng: forward
eng: balister	rel:etymology	fro: balestre
eng: humourless	rel:etymology	eng: humour
eng: latten	rel:etymology	fro: laton
eng: clangorousness	rel:etymology	eng: -ness
eng: midpeninsular	rel:etymology	eng: peninsular
eng: mistressless	rel:etymology	eng: mistress
eng: bishopric	rel:etymology	ang: bisceoprice
eng: melodic	rel:etymology	French: mélodique
eng: misget	rel:etymology	eng: mis-
eng: Bosnian	rel:etymology	eng: Bosnia
eng: otacoustic	rel:etymology	eng: oto-
eng: reinterpretable	rel:etymology	eng: reinterpret
eng: playbus	rel:etymology	eng: bus
eng: yam	rel:etymology	West African sources. The Malay name is: ubi
eng: hawkishly	rel:etymology	eng: hawkish
eng: homopolar	rel:etymology	eng: polar
eng: lizardskin	rel:etymology	eng: skin
eng: monomethoxy	rel:etymology	eng: methoxy
eng: rotation	rel:etymology	PIE: *ret-
eng: unhired	rel:etymology	eng: un-
eng: intrasite	rel:etymology	eng: intra-
eng: kitemark	rel:etymology	eng: mark
eng: locomotor	rel:etymology	eng: locomotion
eng: adjectiveless	rel:etymology	eng: adjective
eng: storybook	rel:etymology	eng: story
eng: shitwork	rel:etymology	eng: shit
eng: inhomogenous	rel:etymology	eng: homogenous
eng: stethoscopist	rel:etymology	eng: stethoscope
eng: jackassery	rel:etymology	eng: jackass
eng: ringcraft	rel:etymology	eng: -craft
eng: impermissive	rel:etymology	eng: permissive
eng: poleax	rel:etymology	eng: poll
eng: sheetlet	rel:etymology	eng: sheet
eng: transdialect	rel:etymology	eng: trans-
eng: chubsucker	rel:etymology	eng: chub
eng: lineo- 	rel:etymology	eng: line
eng: unaccordable	rel:etymology	eng: un-
eng: scoreboard	rel:etymology	eng: board
eng: literacy	rel:etymology	eng: literate
eng: unwrittenness	rel:etymology	eng: unwritten
eng: calcariform	rel:etymology	eng: calcar
eng: mythization	rel:etymology	eng: -ization
eng: cooch	rel:etymology	eng: coochie
eng: endovenous	rel:etymology	eng: endo-
eng: doctourship	rel:etymology	eng: doctour
eng: intertidal	rel:etymology	eng: tidal
eng: tucker	rel:etymology	enm: tokker
eng: easternise	rel:etymology	eng: -ise
eng: biomolecule	rel:etymology	eng: bio-
eng: methoxypyrazine	rel:etymology	eng: methoxy
eng: prefight	rel:etymology	eng: pre-
eng: unbombable	rel:etymology	eng: un-
eng: portentousness	rel:etymology	eng: portentous
eng: macrophenomenon	rel:etymology	eng: phenomenon
eng: reticulum	rel:etymology	the folds of the membrane), from Latin: reticulum
eng: rompler	rel:etymology	eng: ROM
eng: earwax	rel:etymology	eng: wax
eng: counterion	rel:etymology	eng: counter-
eng: deadeningly	rel:etymology	eng: deadening
eng: puissant	rel:etymology	xno: puissant
eng: erythrophobia	rel:etymology	eng: erythro-
eng: degreed	rel:etymology	eng: degree
eng: sellable	rel:etymology	eng: sell
eng: nethergarment	rel:etymology	eng: garment
eng: volumize	rel:etymology	eng: volume
eng: unmodulated	rel:etymology	eng: un-
eng: abranchialism	rel:etymology	eng: abranchial
eng: Ignorantine	rel:etymology	fra: ignorantin
eng: anecdotally	rel:etymology	eng: anecdotal
eng: compliant	rel:etymology	eng: comply
eng: sultanship	rel:etymology	eng: sultan
eng: parleyvoo	rel:etymology	fra: parlez vous
eng: kiss-ass	rel:etymology	eng: ass
eng: hymnic	rel:etymology	eng: hymn
eng: beergarita	rel:etymology	eng: margarita
eng: flamelet	rel:etymology	eng: flame
eng: multipipe	rel:etymology	eng: pipe
eng: donkeydick	rel:etymology	eng: dick
eng: granitoid	rel:etymology	eng: granite
eng: bioburden	rel:etymology	eng: bio-
eng: inconnected	rel:etymology	eng: in-
eng: surgeonry	rel:etymology	eng: surgeon
eng: balkingly	rel:etymology	eng: balking
eng: vapidly	rel:etymology	eng: vapid
eng: tramplike	rel:etymology	eng: tramp
eng: nonmasculine	rel:etymology	eng: masculine
eng: evaporation	rel:etymology	assimilated form of: ex
eng: pseudopornographic	rel:etymology	eng: pornographic
eng: favouringly	rel:etymology	eng: favouring
eng: nucleus	rel:etymology	lat: nucleus
eng: multiliter	rel:etymology	eng: multi-
eng: discommission	rel:etymology	eng: dis-
eng: hypergrowth	rel:etymology	eng: growth
eng: fireplay	rel:etymology	eng: fire
eng: reinvention	rel:etymology	eng: reinvent
eng: gastro-œsophageal	rel:etymology	eng: gastro-
eng: clockwork	rel:etymology	eng: work
eng: wellhole	rel:etymology	eng: hole
eng: carpetless	rel:etymology	eng: -less
eng: nonwheeled	rel:etymology	eng: non-
eng: jeans	rel:etymology	eng: jean
eng: moron	rel:etymology	Greek (Attic): moron
eng: high-pitched	rel:etymology	eng: high
eng: ploughbote	rel:etymology	eng: plough
eng: largeheartedness	rel:etymology	eng: -ness
eng: lightmap	rel:etymology	eng: map
eng: prairie	rel:etymology	Vulgar Latin: *prataria
eng: cuntboy	rel:etymology	eng: boy
eng: preoperatory	rel:etymology	eng: pre-
eng: unyellowed	rel:etymology	eng: yellowed
eng: asseveration	rel:etymology	lat: asseveratio
eng: neuroparalytic	rel:etymology	eng: paralytic
eng: exhibitry	rel:etymology	eng: -ry
eng: Athenaeum	rel:etymology	Latinized form of Greek: Athenaion
eng: larderer	rel:etymology	eng: -er
eng: reheal	rel:etymology	eng: re-
eng: Humeian	rel:etymology	eng: Hume
eng: objectifier	rel:etymology	eng: objectify
eng: telesurgery	rel:etymology	eng: tele-
eng: sext-	rel:etymology	lat: sex
eng: nutshell	rel:etymology	eng: shell
eng: nonpaging	rel:etymology	eng: paging
eng: scoundrelly	rel:etymology	eng: -ly
eng: containment	rel:etymology	eng: contain
eng: is	rel:etymology	Germanic stem: *es-
eng: minirebellion	rel:etymology	eng: rebellion
eng: phagology	rel:etymology	eng: -logy
eng: augitic	rel:etymology	eng: augite
eng: narratorless	rel:etymology	eng: narrator
eng: hypersensitivity	rel:etymology	eng: sensitivity
eng: bedrock	rel:etymology	eng: bed
eng: galvanic	rel:etymology	fra: galvanique
eng: cybergoth	rel:etymology	eng: goth
eng: status	rel:etymology	lat: status
eng: chocolatelike	rel:etymology	eng: -like
eng: preboot	rel:etymology	eng: pre-
eng: chiastic	rel:etymology	Latinized form of Greek: khiastos
eng: deathlock	rel:etymology	eng: death
eng: enunciation	rel:etymology	Latin: enuntiationem
eng: nonairline	rel:etymology	eng: non-
eng: ulcer	rel:etymology	Latin: ulcus
eng: nonhorizontal	rel:etymology	eng: horizontal
eng: autocrat	rel:etymology	fra: autocrate
eng: scrape	rel:etymology	1540s. Related:: Scraped
eng: null recurrence	rel:etymology	eng: recurrence
eng: nondiscovered	rel:etymology	eng: discovered
eng: Afrikanerism	rel:etymology	eng: -ism
eng: streetsmart	rel:etymology	eng: street
eng: senility	rel:etymology	eng: -ity
eng: languet	rel:etymology	Latin: lingua
eng: phonophobia	rel:etymology	eng: -phobia
eng: wideawake	rel:etymology	eng: wide
eng: housetruck	rel:etymology	eng: house
eng: mar	rel:etymology	PIE root: *mers-
eng: stigmatizable	rel:etymology	eng: stigmatize
eng: esculent	rel:etymology	lat: esculentus
eng: electroviscous	rel:etymology	eng: viscous
eng: overbookish	rel:etymology	eng: over-
eng: intradimer	rel:etymology	eng: dimer
eng: finable	rel:etymology	eng: fine
eng: ibis	rel:etymology	Egyptian: hab
eng: godlessness	rel:etymology	eng: -ness
eng: elevatable	rel:etymology	eng: -able
eng: lucus a non lucendo 	rel:etymology	the same PIE root (: *leuk-
eng: gravitas	rel:etymology	Latin: gravitas
eng: antimale	rel:etymology	eng: male
eng: maintainership	rel:etymology	eng: -ship
eng: shameful	rel:etymology	eng: -ful
eng: birhythmic	rel:etymology	eng: bi-
eng: challah	rel:etymology	yid: חלה
eng: unextricable	rel:etymology	eng: un-
eng: nontechnological	rel:etymology	eng: technological
eng: multipolymer	rel:etymology	eng: multi-
eng: git-go	rel:etymology	eng: git
eng: multiexponential	rel:etymology	eng: multi-
eng: sorrowful	rel:etymology	eng: -ful
eng: nervousness	rel:etymology	eng: -ness
eng: solah	rel:etymology	urd: سلا
eng: Gallophone	rel:etymology	eng: Gallo-
eng: miltwaste	rel:etymology	eng: waste
eng: corrugated	rel:etymology	eng: corrugate
eng: shriek	rel:etymology	Old Norse: skrækja
eng: cappable	rel:etymology	eng: -able
eng: unadulterously	rel:etymology	eng: -ly
eng: billionaire	rel:etymology	eng: billion
eng: parodistic	rel:etymology	eng: parodist
eng: inn	rel:etymology	ang: inn
eng: upright	rel:etymology	eng: right
eng: articulable	rel:etymology	eng: -able
eng: keratopathy	rel:etymology	eng: -pathy
eng: ergo-	rel:etymology	grc: ἔργον
eng: orthopsychiatric	rel:etymology	eng: psychiatric
eng: antihazing	rel:etymology	eng: hazing
eng: opium	rel:etymology	Greek: opion
eng: robustious	rel:etymology	eng: -ious
eng: lapis lazuli	rel:etymology	Arabic: lazuward
eng: interbrachial	rel:etymology	eng: brachial
eng: difficult	rel:etymology	eng: difficulty
eng: prediagnostic	rel:etymology	eng: diagnostic
eng: porkless	rel:etymology	eng: pork
eng: nutless	rel:etymology	eng: nut
eng: sunswept	rel:etymology	eng: sun
eng: fingerplay	rel:etymology	eng: finger
eng: deprehension	rel:etymology	lat: deprehensio
eng: doobage	rel:etymology	eng: -age
eng: liberalish	rel:etymology	eng: -ish
eng: astrophilately	rel:etymology	eng: astro-
eng: nontriangular	rel:etymology	eng: triangular
eng: famous	rel:etymology	xno: famous
eng: stifftail	rel:etymology	eng: stiff
eng: nonwild	rel:etymology	eng: non-
eng: generator	rel:etymology	lat: generator
eng: mictomagnetism	rel:etymology	eng: micto-
eng: quartan	rel:etymology	xno: quartaine
eng: relay	rel:etymology	eng: lay
eng: werewolfdom	rel:etymology	eng: werewolf
eng: morcellation	rel:etymology	eng: morcellate
eng: flux	rel:etymology	Latin: fluxus
eng: laughterless	rel:etymology	eng: laughter
eng: vacillate	rel:etymology	lat: vacillatum
eng: chauvinistic	rel:etymology	eng: -ic
eng: absorbable	rel:etymology	eng: -able
eng: aswirl	rel:etymology	eng: a-
eng: electropuncture	rel:etymology	eng: electro-
eng: inviteth	rel:etymology	eng: invite
eng: bay	rel:etymology	fro: bay
eng: strangulation	rel:etymology	lat: strangulatio
eng: madras	rel:etymology	Arabic: madrasa
eng: corrovaline	rel:etymology	eng: corroval
eng: diploidization	rel:etymology	eng: -ization
eng: spitefully	rel:etymology	eng: spiteful
eng: unsoppy	rel:etymology	eng: soppy
eng: water	rel:etymology	enm: water
eng: tonalist	rel:etymology	eng: -ist
eng: latke	rel:etymology	Yiddish, from Russian: latka
eng: gauge	rel:etymology	enm: gage
eng: aerobiotic	rel:etymology	eng: biotic
eng: trendite	rel:etymology	eng: -ite
eng: oxyhaemocyanin	rel:etymology	eng: haemocyanin
eng: multiframework	rel:etymology	eng: framework
eng: counter	rel:etymology	fro: contre
eng: boulderlike	rel:etymology	eng: boulder
eng: nonexponentially	rel:etymology	eng: -ly
eng: submacular	rel:etymology	eng: sub-
eng: lexiconist	rel:etymology	eng: lexicon
eng: plutonism	rel:etymology	eng: -ism
eng: Oahu	rel:etymology	haw: Oʻahu
eng: norsolorinic	rel:etymology	eng: solorinic
eng: butterball	rel:etymology	eng: ball
eng: lookover	rel:etymology	eng: look
eng: ecotoxicity	rel:etymology	eng: toxicity
eng: magicker	rel:etymology	eng: -er
eng: cartway	rel:etymology	eng: cart
eng: throe	rel:etymology	enm: throwe
eng: Hollandish	rel:etymology	eng: Holland
eng: weatherwoman	rel:etymology	eng: weather
eng: unprolific	rel:etymology	eng: prolific
eng: nondiffusible	rel:etymology	eng: non-
eng: Sarajevo	rel:etymology	hbs: Sarajevo
eng: unsexiness	rel:etymology	eng: -ness
eng: spermlike	rel:etymology	eng: -like
eng: fatherless	rel:etymology	eng: father
eng: Mouseketeer	rel:etymology	eng: musketeer
eng: vealburger	rel:etymology	eng: burger
eng: blondish	rel:etymology	eng: blond
eng: fornix	rel:etymology	1680s in reference to various arched formations (especially in anatomy), from Latin: fornix
eng: pithless	rel:etymology	eng: -less
eng: politic	rel:etymology	grc: πολίτης
eng: kit (n.2)	rel:etymology	Middle Dutch: kitte
eng: dib 	rel:etymology	eng: dibs
eng: drum set	rel:etymology	eng: drum
eng: zonality	rel:etymology	eng: zonal
eng: semifable	rel:etymology	eng: fable
eng: ecotype	rel:etymology	eng: type
eng: unhumanize	rel:etymology	eng: un-
eng: facialist	rel:etymology	eng: facial
eng: metalloregulatory	rel:etymology	eng: regulatory
eng: rehoop	rel:etymology	eng: hoop
eng: paleoethological	rel:etymology	eng: paleo-
eng: malignant	rel:etymology	Latin: ecclesiam malignantum
eng: bialy	rel:etymology	yid: ביאַלי
eng: harpyish	rel:etymology	eng: harpy
eng: Archimedean	rel:etymology	eng: -an
eng: daks	rel:etymology	eng: DAKS
eng: Pollyannish	rel:etymology	eng: Polyanna
eng: slobbery	rel:etymology	eng: -y
eng: cicisbeo	rel:etymology	ita: cicisbeo
eng: oversentimentally	rel:etymology	eng: oversentimental
eng: dipyrenous	rel:etymology	eng: di-
eng: aedile	rel:etymology	lat: aedilis
eng: Simonides	rel:etymology	grc: Σιμωνίδης
eng: nontextile	rel:etymology	eng: textile
eng: nonrubber	rel:etymology	eng: rubber
eng: sublet	rel:etymology	eng: sub-
eng: pastrylike	rel:etymology	eng: pastry
eng: homoeopathical	rel:etymology	eng: -al
eng: Godwinian	rel:etymology	eng: -ian
eng: tohew	rel:etymology	enm: tohewen
eng: privately	rel:etymology	eng: private
eng: hookup	rel:etymology	verbal phrase: hook up
eng: nonandrogynous	rel:etymology	eng: non-
eng: subesophageal	rel:etymology	eng: esophageal
eng: silkwear	rel:etymology	eng: -wear
eng: exclusionism	rel:etymology	eng: exclusion
eng: preseasonally	rel:etymology	eng: -ly
eng: Huang He	rel:etymology	cmn: 黄河
eng: boutonniere	rel:etymology	fra: boutonnière
eng: Phillipson	rel:etymology	eng: -son
eng: hyperparathyroidism	rel:etymology	eng: parathyroid
eng: nonenvironmentally	rel:etymology	eng: nonenvironmental
eng: brink	rel:etymology	Proto-Germanic: *brenkon
eng: grapy	rel:etymology	eng: -y
eng: nonbarometric	rel:etymology	eng: barometric
eng: bariopyrochlore	rel:etymology	eng: bario-
eng: dunglike	rel:etymology	eng: dung
eng: lowly	rel:etymology	eng: -ly
eng: snowpit	rel:etymology	eng: pit
eng: nondeserted	rel:etymology	eng: deserted
eng: cardiorespiratory	rel:etymology	eng: cardio-
eng: minglingly	rel:etymology	eng: -ly
eng: domain	rel:etymology	Eski Fransızca: demeine
eng: cybercolonialism	rel:etymology	eng: cyber-
eng: antimajoritarianism	rel:etymology	eng: majoritarianism
eng: unsuspicion	rel:etymology	eng: suspicion
eng: phagotrophic	rel:etymology	eng: -ic
eng: ugliness	rel:etymology	eng: -ness
eng: niggerhead	rel:etymology	eng: head
eng: unremarked	rel:etymology	eng: remarked
eng: law-abiding	rel:etymology	eng: law
eng: reave	rel:etymology	PIE: *reup-
eng: pearlesque	rel:etymology	eng: pearl
eng: flattenable	rel:etymology	eng: flatten
eng: baboon	rel:etymology	Middle Dutch: baubijn
eng: Jedward	rel:etymology	eng: Edward
eng: nonorange	rel:etymology	eng: non-
eng: muttonheaded	rel:etymology	eng: -ed
eng: nutrition	rel:etymology	PIE: *nu-tri-
eng: frustum	rel:etymology	root: *bhreu-
eng: tattooee	rel:etymology	eng: tattoo
eng: ejection	rel:etymology	Middle French: ejection
eng: modelize	rel:etymology	eng: model
eng: uppluck	rel:etymology	eng: pluck
eng: xeroma	rel:etymology	eng: xer-
eng: æsthetical	rel:etymology	eng: æsthetic
eng: conciseness	rel:etymology	eng: -ness
eng: honeypot	rel:etymology	eng: pot
eng: foxglove	rel:etymology	eng: fox
eng: takeaway	rel:etymology	eng: take
eng: meracious	rel:etymology	lat: meracus
eng: Huxleyan	rel:etymology	eng: -an
eng: ulcus	rel:etymology	lat: ulcus
eng: unæquall	rel:etymology	eng: un-
eng: renunciatory	rel:etymology	eng: -ory
eng: inwardly (adv.)	rel:etymology	eng: -ly
eng: nonabuser	rel:etymology	eng: abuser
eng: hep (2)	rel:etymology	eng: hip
eng: sparky	rel:etymology	eng: -y
eng: rescale	rel:etymology	eng: re-
eng: machree 	rel:etymology	Irish-Gaelic: mo chroidhe
eng: sharehouse	rel:etymology	eng: house
eng: tight	rel:etymology	eating""), both from Proto-Germanic: *thinhta-
eng: scowl	rel:etymology	a Scandinavian source (compare Norwegian: skule
eng: antitherapy	rel:etymology	eng: therapy
eng: postbariatric	rel:etymology	eng: post-
eng: begloom	rel:etymology	eng: gloom
eng: unstarch	rel:etymology	eng: un-
eng: actress	rel:etymology	eng: -ess
eng: intercompartmental	rel:etymology	eng: inter-
eng: nonangry	rel:etymology	eng: non-
eng: azure	rel:etymology	Persian: lajward
eng: midcourse	rel:etymology	eng: course
eng: casteth	rel:etymology	eng: -eth
eng: barwoman	rel:etymology	eng: woman
eng: barwood	rel:etymology	eng: bar
eng: electromyograph	rel:etymology	eng: electro-
eng: genitalia	rel:etymology	Latin: genitalia (membra)
eng: joyous	rel:etymology	fro: joieus
eng: counterappeal	rel:etymology	eng: counter-
eng: feather-bed	rel:etymology	eng: feather
eng: wheel-house	rel:etymology	eng: house
eng: nonet	rel:etymology	ita: nonetto
eng: antenniferous	rel:etymology	eng: antenna
eng: vassalage	rel:etymology	Old French: vassalage
eng: saunter	rel:etymology	French: s'aventurer
eng: furtively (adv.)	rel:etymology	eng: furtive
eng: goldeye	rel:etymology	eng: eye
eng: fragilely	rel:etymology	eng: fragile
eng: orfeome	rel:etymology	eng: -ome
eng: compander	rel:etymology	eng: expander
eng: nondefamatory	rel:etymology	eng: defamatory
eng: pedophile	rel:etymology	eng: -phile
eng: emotionful	rel:etymology	eng: -ful
eng: extracranially	rel:etymology	eng: extracranial
eng: footballfish	rel:etymology	eng: fish
eng: laager	rel:etymology	nld: leger
eng: multiboson	rel:etymology	eng: multi-
eng: besung	rel:etymology	eng: besing
eng: icing sugar	rel:etymology	eng: icing
eng: tumbleweed	rel:etymology	eng: weed
eng: draft	rel:etymology	14c.; that of ""preliminary sketch from which a final copy is made"" is from 1520s; that of ""flow of a current of air"" is from c. 1770. Of beer from the 1830s, in reference to the method of ""drawing"" it from the cask. Sense in: bank draft
eng: hide	rel:etymology	ang: hyd
eng: mensch	rel:etymology	Old High German: mennisco
eng: shockingness	rel:etymology	eng: shocking
eng: nutritionwise	rel:etymology	eng: -wise
eng: forestaff	rel:etymology	eng: staff
eng: caprifoliaceous	rel:etymology	eng: Caprifoliaceae
eng: postpatriarchy	rel:etymology	eng: post-
eng: cusec	rel:etymology	eng: cubic
eng: upbeatness	rel:etymology	eng: upbeat
eng: positional	rel:etymology	eng: position
eng: ragtop	rel:etymology	eng: rag
eng: overparameterize	rel:etymology	eng: parameterize
eng: inheart	rel:etymology	eng: heart
eng: pithsome	rel:etymology	eng: -some
eng: prototypical	rel:etymology	eng: prototype
eng: jinn	rel:etymology	Arabic: jinn
eng: libidinously	rel:etymology	eng: libidinous
eng: tostart	rel:etymology	enm: tosterten
eng: iranite	rel:etymology	eng: Iran
eng: postfossette	rel:etymology	eng: post-
eng: willowware	rel:etymology	eng: -ware
eng: basinwide	rel:etymology	eng: basin
eng: stratigraphy	rel:etymology	Latin: strati-
eng: pillowy	rel:etymology	eng: pillow
eng: runcinate	rel:etymology	Modern Latin: runcinatus
eng: reportingly	rel:etymology	eng: -ly
eng: zax	rel:etymology	enm: sax
eng: lowness	rel:etymology	eng: -ness
eng: cagemate	rel:etymology	eng: cage
eng: abeyancy	rel:etymology	eng: -y
eng: bitbucket	rel:etymology	eng: bit
eng: tamperproof	rel:etymology	eng: tamper
eng: astrolithology	rel:etymology	eng: astro-
eng: bought 	rel:etymology	eng: buy
eng: nonregistrable	rel:etymology	eng: registrable
eng: Kuhnian	rel:etymology	eng: Kuhn
eng: Felicia 	rel:etymology	Latin: felix
eng: quasimathematical	rel:etymology	eng: quasi-
eng: vicenary	rel:etymology	lat: vicenarius
eng: unshowiness	rel:etymology	eng: unshowy
eng: monovisioned	rel:etymology	eng: mono-
eng: gourmet	rel:etymology	French: gourmet
eng: spine	rel:etymology	Latin: spina
eng: retag	rel:etymology	eng: re-
eng: spatterdock	rel:etymology	eng: spatter
eng: chainstay	rel:etymology	eng: stay
eng: unintelligently	rel:etymology	eng: unintelligent
eng: nonplace	rel:etymology	eng: place
eng: bema	rel:etymology	grc: βῆμα
eng: Pleiadean	rel:etymology	eng: Pleiades
eng: woodburning	rel:etymology	eng: wood
eng: parallel world	rel:etymology	eng: world
eng: nonprocreative	rel:etymology	eng: procreative
eng: stamina	rel:etymology	a figurative use of Latin: stamen
eng: bugbane	rel:etymology	eng: bane
eng: noselessness	rel:etymology	eng: noseless
eng: nonpremium	rel:etymology	eng: premium
eng: disownment	rel:etymology	eng: disown
eng: serendipitous	rel:etymology	eng: serendipity
eng: solution	rel:etymology	Latin: solutionem
eng: cross-stitcher	rel:etymology	eng: cross-stitch
eng: cherryless	rel:etymology	eng: -less
eng: non-Euclidean 	rel:etymology	eng: Euclidean
eng: nonasbestos	rel:etymology	eng: non-
eng: lynx	rel:etymology	Greek: lyngx
eng: remerge	rel:etymology	eng: re-
eng: woeless	rel:etymology	eng: woe
eng: skimpily	rel:etymology	eng: skimpy
eng: storeless	rel:etymology	eng: -less
eng: midsea	rel:etymology	eng: mid-
eng: nonpseudomorphic	rel:etymology	eng: non-
eng: occipitoaxial	rel:etymology	eng: occipito-
eng: thrillant	rel:etymology	eng: thrill
eng: forgetter	rel:etymology	eng: -er
eng: vert	rel:etymology	Latin: vertere
eng: nontelemetric	rel:etymology	eng: non-
eng: diarrhoea 	rel:etymology	eng: diarrhea
eng: hypocrite	rel:etymology	fro: ypocrite
eng: invader	rel:etymology	eng: -er
eng: laborless	rel:etymology	eng: -less
eng: nonicosahedral	rel:etymology	eng: non-
eng: erstwhile	rel:etymology	eng: erst
eng: boulimia	rel:etymology	grc: boulimía
eng: bedlamp	rel:etymology	eng: bed
eng: fantasizer	rel:etymology	eng: -er
eng: multigravid	rel:etymology	eng: gravid
eng: nonabsorbent	rel:etymology	eng: non-
eng: cloudy	rel:etymology	eng: -y
eng: try	rel:etymology	1690s; to: try (something) on for size
eng: upsy-daisy (adv.)	rel:etymology	Dutch: op zijn
eng: milken	rel:etymology	eng: milk
eng: unbeleaguered	rel:etymology	eng: beleaguered
eng: laystall	rel:etymology	eng: stall
eng: jaw-jaw	rel:etymology	earlier verb meaning ""talk tediously"" (1831), from reduplication of: jaw
eng: self-advancement	rel:etymology	eng: self-
eng: enclisis	rel:etymology	grc: ἔγκλισις
eng: bio-unavailable	rel:etymology	eng: bio-
eng: Dutchland	rel:etymology	enm: Duchelond
eng: inadeptness	rel:etymology	eng: -ness
eng: joltily	rel:etymology	eng: jolty
eng: lusûs naturæ	rel:etymology	lat: lusus naturae
eng: lithe	rel:etymology	PIE root: *lento-
eng: junklike	rel:etymology	eng: junk
eng: barwise	rel:etymology	eng: bar
eng: headwaters	rel:etymology	eng: water
eng: unordinate	rel:etymology	eng: un-
eng: unpunctual	rel:etymology	eng: punctual
eng: renice	rel:etymology	eng: nice
eng: fourness	rel:etymology	eng: four
eng: buttercrunch	rel:etymology	eng: crunch
eng: Pearson	rel:etymology	eng: -son
eng: disaffection	rel:etymology	eng: dis-
eng: wingfish	rel:etymology	eng: wing
eng: abstractiveness	rel:etymology	eng: abstractive
eng: hypomethylating	rel:etymology	eng: hypo-
eng: dogshank	rel:etymology	eng: dog
eng: armada	rel:etymology	1590s. The fleet sent by Philip II of Spain against England in 1588 was being called the: Spanish Armada
eng: ikey	rel:etymology	eng: -y
eng: nonfungicide	rel:etymology	eng: fungicide
eng: unratified	rel:etymology	eng: un-
eng: teleprogramming	rel:etymology	eng: programming
eng: metallic	rel:etymology	Greek: metallikos
eng: tugless	rel:etymology	eng: tug
eng: hypercriticize	rel:etymology	eng: hyper-
eng: fireless	rel:etymology	eng: fire
eng: stool	rel:etymology	French, which relegated: stool
eng: quitrent	rel:etymology	eng: quit
eng: magicker	rel:etymology	eng: magic
eng: situation	rel:etymology	fra: situation
eng: avidiously	rel:etymology	eng: -ly
eng: underdraw	rel:etymology	eng: draw
eng: twice (adv.)	rel:etymology	PIE: *dwis-
eng: topstitch	rel:etymology	eng: top
eng: nonhegemonic	rel:etymology	eng: hegemonic
eng: Dschubba	rel:etymology	ara: جبهة
eng: terminally	rel:etymology	eng: terminal
eng: checkerbloom	rel:etymology	eng: checker
eng: steeplechaser	rel:etymology	eng: -er
eng: prehistory	rel:etymology	eng: pre-
eng: perfectly (adv.)	rel:etymology	eng: perfect
eng: tridirectional	rel:etymology	eng: tri-
eng: counteract	rel:etymology	eng: act
eng: nonreductionist	rel:etymology	eng: reductionist
eng: ultraleft	rel:etymology	eng: left
eng: leadeth	rel:etymology	eng: -eth
eng: bepraise	rel:etymology	eng: be-
eng: lanceolate	rel:etymology	Late Latin: lanceolatus
eng: nonproteinic	rel:etymology	eng: proteinic
eng: favoredness	rel:etymology	eng: favored
eng: guitarist	rel:etymology	eng: -ist
eng: capitularly	rel:etymology	eng: capitular
eng: poisonlike	rel:etymology	eng: -like
eng: unacknowledged	rel:etymology	eng: acknowledge
eng: boxcar	rel:etymology	eng: box
eng: actively (adv.)	rel:etymology	eng: -ly
eng: exocellular	rel:etymology	eng: exo-
eng: deadbeat	rel:etymology	eng: dead
eng: unpledged	rel:etymology	eng: pledged
eng: pucelage	rel:etymology	fra: pucelage
eng: warrantee	rel:etymology	eng: -ee
eng: simony	rel:etymology	fro: simonie
eng: stipule	rel:etymology	French: stipule
eng: collet	rel:etymology	Latin: collum
eng: hyperkeratinization	rel:etymology	eng: keratinization
eng: piccaninny	rel:etymology	West Indies patois, formed as a diminutive from Spanish: pequeño
eng: osteopenia	rel:etymology	eng: osteo-
eng: histrionicism	rel:etymology	eng: -ism
eng: Ireland 	rel:etymology	eng: land
eng: offbeat	rel:etymology	eng: beat
eng: infelonious	rel:etymology	eng: felonious
eng: peaberry	rel:etymology	eng: pea
eng: depollute	rel:etymology	eng: de-
eng: metergram	rel:etymology	eng: meter
eng: nonherbivore	rel:etymology	eng: herbivore
eng: bicyclist	rel:etymology	eng: bicycle
eng: superseder	rel:etymology	eng: supersede
eng: postexistent	rel:etymology	eng: existent
eng: singleness	rel:etymology	eng: single
eng: specific	rel:etymology	Late Latin: specificus
eng: muchwhat	rel:etymology	eng: what
eng: Zoquean	rel:etymology	eng: Zoque
eng: hyperliteral	rel:etymology	eng: literal
eng: antisacerdotal	rel:etymology	eng: sacerdotal
eng: brimmer	rel:etymology	eng: -er
eng: unabsorbable	rel:etymology	eng: absorbable
eng: manurer	rel:etymology	eng: -er
eng: overfocus	rel:etymology	eng: over-
eng: urogastric	rel:etymology	eng: uro-
eng: auk	rel:etymology	isl: álka
eng: claybed	rel:etymology	eng: bed
eng: straight-faced	rel:etymology	expression: keep a straight face
eng: typist	rel:etymology	eng: type
eng: outdoorsman	rel:etymology	eng: man
eng: shabbiness	rel:etymology	eng: -ness
eng: squintingly	rel:etymology	eng: squinting
eng: vulture	rel:etymology	lat: vultur
eng: gynaecologic	rel:etymology	eng: -ic
eng: nonagency	rel:etymology	eng: agency
eng: superhub	rel:etymology	eng: hub
eng: clothier	rel:etymology	eng: cloth
eng: noncognate	rel:etymology	eng: non-
eng: undeviating	rel:etymology	eng: un-
eng: enround	rel:etymology	eng: round
eng: ungladdened	rel:etymology	eng: un-
eng: howdah	rel:etymology	Arabic: haudaj
eng: pickleless	rel:etymology	eng: -less
eng: archenteric	rel:etymology	eng: archenteron
eng: findfault	rel:etymology	eng: fault
eng: falseface	rel:etymology	eng: face
eng: berob	rel:etymology	eng: rob
eng: seely	rel:etymology	enm: sely
eng: imporous	rel:etymology	eng: porous
eng: possibility	rel:etymology	enm: possibilitee
eng: kerfuffle	rel:etymology	1946 as: kafuffle
eng: year	rel:etymology	verbal root: *ei-
eng: appropriate	rel:etymology	enm: appropriaten
eng: prosit (interj.)	rel:etymology	16c., famously a drinking pledge by German students), Latin, literally ""may it advantage (you),"" third person singular present subjunctive of: prodesse
eng: dimethylbenzylamine	rel:etymology	eng: benzylamine
eng: osteoconductivity	rel:etymology	eng: -ity
eng: dishonoureth	rel:etymology	eng: honour
eng: invertibility	rel:etymology	eng: -ity
eng: nonprestigious	rel:etymology	eng: prestigious
eng: antihaemophilia	rel:etymology	eng: anti-
eng: undercelebrated	rel:etymology	eng: celebrated
eng: waveshaper	rel:etymology	eng: wave
eng: insue	rel:etymology	eng: ensue
eng: cybertrash	rel:etymology	eng: trash
eng: unimitable	rel:etymology	eng: imitable
eng: multimillion	rel:etymology	eng: million
eng: profaneness	rel:etymology	eng: profane
eng: Singh 	rel:etymology	Sanskrit: simhah
eng: overshake	rel:etymology	eng: over-
eng: Medigap	rel:etymology	eng: gap
eng: schemaless	rel:etymology	eng: schema
eng: utahite	rel:etymology	eng: Utah
eng: aerogel	rel:etymology	eng: gel
eng: clack	rel:etymology	Old Norse: klaka
eng: kofta	rel:etymology	fas: کوفته
eng: declimb	rel:etymology	eng: de-
eng: neosocialist	rel:etymology	eng: socialist
eng: nonsolenoidal	rel:etymology	eng: solenoidal
eng: skewerer	rel:etymology	eng: skewer
eng: impaction	rel:etymology	Latin: impactionem
eng: fourfoldness	rel:etymology	eng: fourfold
eng: hieroglyphical	rel:etymology	eng: hieroglyph
eng: cyberbarrier	rel:etymology	eng: barrier
eng: deletee	rel:etymology	eng: -ee
eng: strength	rel:etymology	ang: strengþu
eng: glumness	rel:etymology	eng: -ness
eng: bride	rel:etymology	fra: bride
eng: conveniently	rel:etymology	eng: convenient
eng: flatulently	rel:etymology	eng: -ly
eng: Perlish	rel:etymology	eng: -ish
eng: snackless	rel:etymology	eng: -less
eng: chapman	rel:etymology	Latin: caupo
eng: wambulance	rel:etymology	eng: ambulance
eng: bodywork	rel:etymology	eng: work
eng: oligophagy	rel:etymology	eng: -phagy
eng: macroherbivore	rel:etymology	eng: herbivore
eng: choke	rel:etymology	enm: choken
eng: betone	rel:etymology	eng: tone
eng: midweight	rel:etymology	eng: weight
eng: perihilar	rel:etymology	eng: hilar
eng: endoproteinase	rel:etymology	eng: endo-
eng: deformational	rel:etymology	eng: -al
eng: anhedonia	rel:etymology	Greek: an-
eng: arrastão	rel:etymology	por: arrastão
eng: piazza	rel:etymology	Greek: plateia (hodos)
eng: broadspreading	rel:etymology	eng: broad
eng: anticorporate	rel:etymology	eng: corporate
eng: toleration	rel:etymology	PIE: *tele-
eng: bushwalker	rel:etymology	eng: bush
eng: fraudulence	rel:etymology	Middle French: fraudulence
eng: isodoublet	rel:etymology	eng: iso-
eng: holo-	rel:etymology	grc: ὅλος
eng: Tamil 	rel:etymology	Pali: Damila
eng: merocyanine	rel:etymology	eng: mero-
eng: phlebogram	rel:etymology	eng: phlebo-
eng: lames	rel:etymology	fra: lame
eng: demographics	rel:etymology	eng: demography
eng: emancipate	rel:etymology	lat: emancipatus
eng: arbitrariously	rel:etymology	eng: arbitrarious
eng: devise	rel:etymology	""to arrange a division"" (especially via a will), a meaning present in the Old French word. Related:: Devised
eng: hedonism	rel:etymology	Greek: hedone
eng: topoisomeric	rel:etymology	eng: topoisomer
eng: Vlach	rel:etymology	Old Church Slavonic: vlakhu
eng: bibliophile	rel:etymology	French: bibliophile
eng: taxwise	rel:etymology	eng: tax
eng: tortoise	rel:etymology	enm: tortuse
eng: collect	rel:etymology	enm: collecten
eng: unbrewed	rel:etymology	eng: brewed
eng: outhold	rel:etymology	eng: hold
eng: spawny	rel:etymology	eng: spawn
eng: thicknet	rel:etymology	eng: thick
eng: preassessment	rel:etymology	eng: pre-
eng: fieldboot	rel:etymology	eng: field
eng: autophoretic	rel:etymology	eng: auto-
eng: sederunt	rel:etymology	eng: *sed-
eng: nonoccupant	rel:etymology	eng: non-
eng: malleolus	rel:etymology	Latin: malleolus
eng: trecento	rel:etymology	ita: trecento
eng: Idumaean	rel:etymology	Latin: Idumaea
eng: ferrokinoshitalite	rel:etymology	eng: kinoshitalite
eng: brain-wave	rel:etymology	eng: brain
eng: luxate	rel:etymology	lat: luxo
eng: leverage	rel:etymology	eng: -age
eng: sandish	rel:etymology	eng: sand
eng: orthonormal	rel:etymology	eng: normal
eng: PHPer	rel:etymology	eng: PHP
eng: recyclist	rel:etymology	eng: -ist
eng: Sammy	rel:etymology	eng: Uncle Sam
eng: rhizogen	rel:etymology	eng: -gen
eng: show-place	rel:etymology	eng: place
eng: l.s.d. 	rel:etymology	first letters of Late Latin: librae
eng: shareth	rel:etymology	eng: share
eng: haltless	rel:etymology	eng: halt
eng: brunet	rel:etymology	a Germanic source, from Proto-Germanic: *brunaz
eng: cacao	rel:etymology	which cocoa and chocolate are made, 1550s, from Spanish: cacao
eng: mithe	rel:etymology	enm: mithen
eng: desoxyribose	rel:etymology	eng: ribose
eng: incorruption	rel:etymology	eng: in-
eng: biogasoline	rel:etymology	eng: gasoline
eng: factorial	rel:etymology	eng: -al
eng: Intereuropean	rel:etymology	eng: European
eng: cycloisomerization	rel:etymology	eng: cyclo-
eng: tetrahydrate	rel:etymology	eng: tetra-
eng: achronologically	rel:etymology	eng: achronological
eng: y'all's	rel:etymology	eng: -'s
eng: disproportion	rel:etymology	eng: proportion
eng: paraphrasable	rel:etymology	eng: -able
eng: insinuendo	rel:etymology	eng: innuendo
eng: e-literacy	rel:etymology	eng: literacy
eng: cabin	rel:etymology	mid-14c.: Cabin fever
eng: cycasin	rel:etymology	eng: cycad
eng: snowbound	rel:etymology	eng: snow
eng: agoraphobia	rel:etymology	German: Agorophobie
eng: eyelessness	rel:etymology	eng: -ness
eng: assuasive	rel:etymology	eng: assume
eng: dischurch	rel:etymology	eng: church
eng: occlude	rel:etymology	assimilated form of: ob
eng: New Wave 	rel:etymology	French: Nouvelle Vague,
eng: unidirectionally	rel:etymology	eng: unidirectional
eng: hajib	rel:etymology	ara: حاجب
eng: windproof	rel:etymology	eng: wind
eng: shin	rel:etymology	ang: scinu
eng: well-mannered	rel:etymology	eng: well
eng: underhand	rel:etymology	ang: ''[[under]] [[hand]]''
eng: descriptively	rel:etymology	eng: descriptive
eng: exoticize	rel:etymology	eng: exotic
eng: iPodification	rel:etymology	eng: -ification
eng: laxist	rel:etymology	eng: lax
eng: macrophallic	rel:etymology	eng: phallic
eng: holour	rel:etymology	fro: holier
eng: forgetfulness	rel:etymology	eng: forgetful
eng: twoer	rel:etymology	eng: two
eng: uninterruptedness	rel:etymology	eng: -ness
eng: craziness	rel:etymology	eng: -ness
eng: nonaccommodative	rel:etymology	eng: non-
eng: laughster	rel:etymology	eng: -ster
eng: ballproof	rel:etymology	eng: ball
eng: oologist	rel:etymology	eng: oology
eng: begrudgingness	rel:etymology	eng: -ness
eng: hagiographer	rel:etymology	eng: -er
eng: unbreathed	rel:etymology	eng: breathed
eng: branchiomere	rel:etymology	eng: -mere
eng: whirlabout	rel:etymology	eng: whirl
eng: normally	rel:etymology	eng: -ly
eng: overheavy	rel:etymology	eng: heavy
eng: masonrylike	rel:etymology	eng: -like
eng: underbust	rel:etymology	eng: under-
eng: magnum	rel:etymology	lat: magnum
eng: interborough	rel:etymology	eng: borough
eng: methene	rel:etymology	eng: ethylene
eng: namby-pamby	rel:etymology	satiric nickname of English poet: Ambrose Philips
eng: vicenarian	rel:etymology	lat: vicenarius
eng: witless	rel:etymology	eng: -less
eng: second	rel:etymology	frm: seconder
eng: gnathoschisis	rel:etymology	eng: gnatho-
eng: faculties	rel:etymology	eng: faculty
eng: unstaffed	rel:etymology	eng: un-
eng: frameset	rel:etymology	eng: set
eng: pardine	rel:etymology	eng: pard
eng: Somnus	rel:etymology	Latin: somnus
eng: misdeal	rel:etymology	eng: deal
eng: preterhuman	rel:etymology	eng: human
eng: inextendible	rel:etymology	eng: in-
eng: mayonnaisey	rel:etymology	eng: mayonnaise
eng: yearnful	rel:etymology	enm: yernful
eng: noncharacteristically	rel:etymology	eng: noncharacteristic
eng: Buddhistic	rel:etymology	eng: Buddhist
eng: chevalier	rel:etymology	Anglo-French: chivaler
eng: screamingly	rel:etymology	eng: screaming
eng: noncelebrity	rel:etymology	eng: celebrity
eng: imped	rel:etymology	eng: -ed
eng: dextromenthol	rel:etymology	eng: dextro-
eng: reconversion	rel:etymology	eng: conversion
eng: advanced	rel:etymology	eng: advance
eng: unfarmable	rel:etymology	eng: farmable
eng: coinquirer	rel:etymology	eng: co-
eng: antielitism	rel:etymology	eng: anti-
eng: nonlegitimate	rel:etymology	eng: non-
eng: supermind	rel:etymology	eng: super-
eng: Atlantis	rel:etymology	grc: Ἀτλαντίς
eng: expressivist	rel:etymology	eng: expressive
eng: prelunch	rel:etymology	eng: pre-
eng: velocity	rel:etymology	lat: velocitas
eng: extra-amniotic	rel:etymology	eng: extra-
eng: waveless	rel:etymology	eng: -less
eng: choleroid	rel:etymology	eng: -oid
eng: sinapate	rel:etymology	eng: -ate
eng: equinal	rel:etymology	eng: -al
eng: entropylike	rel:etymology	eng: -like
eng: creak	rel:etymology	enm: creken
eng: biogeny	rel:etymology	eng: bio-
eng: tenantable	rel:etymology	eng: tenant
eng: bescorn	rel:etymology	eng: scorn
eng: epoxy	rel:etymology	eng: oxygen
eng: baddest	rel:etymology	eng: bad
eng: coachbox	rel:etymology	eng: coach
eng: thiohemiketal	rel:etymology	eng: hemiketal
eng: erudition	rel:etymology	lat: eruditio
eng: nonforest	rel:etymology	eng: non-
eng: reinstil	rel:etymology	eng: re-
eng: hashhouse	rel:etymology	eng: hash
eng: microdiscectomy	rel:etymology	eng: discectomy
eng: smake	rel:etymology	enm: smaken
eng: parodiable	rel:etymology	eng: -able
eng: suturelike	rel:etymology	eng: suture
eng: behaviorism	rel:etymology	eng: behavior
eng: oceanographer	rel:etymology	eng: oceanography
eng: conduce	rel:etymology	lat: conducere
eng: supermilitant	rel:etymology	eng: super-
eng: postlude	rel:etymology	eng: prelude
eng: postdoctorally	rel:etymology	eng: -ly
eng: arch-	rel:etymology	lat: archi-
eng: accentuation	rel:etymology	past participle stem of: accentuare
eng: rectococcygeal	rel:etymology	eng: recto-
eng: Karl 	rel:etymology	eng: Carl
eng: Osroene	rel:etymology	grc: Όσροηνῆ
eng: Gaylord 	rel:etymology	early 13c.), also: Galliard
eng: blossomest	rel:etymology	eng: -est
eng: principally	rel:etymology	eng: -ly
eng: sightly	rel:etymology	eng: -ly
eng: aristocratically	rel:etymology	eng: -ally
eng: haillike	rel:etymology	eng: hail
eng: martingale	rel:etymology	Arabic: almartak
eng: redology	rel:etymology	eng: red
eng: Neanderthal	rel:etymology	the Graecized form of Joachim: Neumann
eng: Riviera	rel:etymology	Marseilles to La Spezia, which became popular 19c. as a winter resort. Thence adopted (sometimes ironically) in reference to areas of other countries, as in: American Riviera
eng: neoglycopolymer	rel:etymology	eng: glycopolymer
eng: Frigga	rel:etymology	non: Frigg
eng: persistently	rel:etymology	eng: -ly
eng: merknight	rel:etymology	eng: knight
eng: neatify	rel:etymology	eng: neat
eng: gazee	rel:etymology	eng: -ee
eng: antifundamentalist	rel:etymology	eng: anti-
eng: hairlike	rel:etymology	eng: -like
eng: ulcerative	rel:etymology	eng: -ive
eng: Oliver	rel:etymology	fro: Olivier
eng: obduration	rel:etymology	past participle stem of: obdurare
eng: befold	rel:etymology	enm: bifealden
eng: amperage	rel:etymology	eng: ampere
eng: booklet	rel:etymology	eng: book
eng: epiphenomenon	rel:etymology	eng: phenomenon
eng: stupend	rel:etymology	lat: stupendus
eng: dipyrenous	rel:etymology	eng: -ous
eng: scuffball	rel:etymology	eng: scuff
eng: noncuticular	rel:etymology	eng: cuticular
eng: Briton	rel:etymology	fro: Breton
eng: blackish	rel:etymology	eng: -ish
eng: chambermaid	rel:etymology	eng: chamber
eng: stovetop	rel:etymology	eng: stove
eng: downcast	rel:etymology	past participle of obsolete verb: downcast
eng: Irishwoman	rel:etymology	eng: Irish
eng: Spad	rel:etymology	acronym of: Societé pour Aviation et ses Dérivés
eng: bird-cage	rel:etymology	eng: cage
eng: jawfallen	rel:etymology	eng: jaw
eng: circumvolution	rel:etymology	past participle stem of Latin: circumvolvere
eng: consanguine	rel:etymology	Latin: consanguineus
eng: prefixoid	rel:etymology	eng: prefix
eng: traveleth	rel:etymology	eng: travel
eng: unbemused	rel:etymology	eng: un-
eng: megadump	rel:etymology	eng: dump
eng: weighbeam	rel:etymology	eng: weigh
eng: countrified	rel:etymology	eng: countrify
eng: instanciate	rel:etymology	eng: -ate
eng: studylike	rel:etymology	eng: -like
eng: lineation	rel:etymology	Latin: lineationem
eng: occultation	rel:etymology	Latin: occultationem
eng: simagre	rel:etymology	fra: simagrée
eng: artillerist	rel:etymology	eng: -ist
eng: squamously	rel:etymology	eng: -ly
eng: webphone	rel:etymology	eng: phone
eng: epidural	rel:etymology	eng: epi-
eng: antipsoriasis	rel:etymology	eng: anti-
eng: rehospitalization	rel:etymology	eng: hospitalization
eng: copolyimide	rel:etymology	eng: co-
eng: Hulkamaniac	rel:etymology	eng: -a-
eng: doomsayer	rel:etymology	eng: sayer
eng: simplistically	rel:etymology	eng: -ally
eng: amidst (prep.)	rel:etymology	mid-15c., probably by association with superlatives in: -st
eng: interbeat	rel:etymology	eng: beat
eng: emoter	rel:etymology	eng: emote
eng: put	rel:etymology	enm: putten
eng: exuvial	rel:etymology	lat: exuviae
eng: pulpify	rel:etymology	eng: pulp
eng: querpo	rel:etymology	spa: cuerpo
eng: mollification	rel:etymology	Old French: mollificacion
eng: bench-warmer	rel:etymology	eng: bench
eng: pathogenesis	rel:etymology	eng: patho-
eng: gangbang	rel:etymology	eng: gang
eng: reshapable	rel:etymology	eng: reshape
eng: hysteria	rel:etymology	PIE: *udtero-
eng: style	rel:etymology	fra: estile
eng: nonmelodic	rel:etymology	eng: non-
eng: gigawatt	rel:etymology	eng: watt
eng: timesuck	rel:etymology	eng: time
eng: bearcat	rel:etymology	eng: cat
eng: nonengineer	rel:etymology	eng: non-
eng: polyadenosine	rel:etymology	eng: adenosine
eng: chokehold	rel:etymology	eng: choke
eng: androecious	rel:etymology	eng: -ecious
eng: bipolar	rel:etymology	1810 in figurative sense of ""of double aspect;"" 1859 with reference to anatomy (""having two processes from opposite poles,"" of nerve cells). Psychiatric use in reference to what had been called: manic-depressive psychosis
eng: unpadlock	rel:etymology	eng: padlock
eng: nieceship	rel:etymology	eng: -ship
eng: forwards	rel:etymology	eng: -s
eng: untolled	rel:etymology	eng: tolled
eng: berlin	rel:etymology	PIE: *ber-
eng: craftsmanly	rel:etymology	eng: -ly
eng: hyperphosphatemia	rel:etymology	eng: hyper-
eng: personalization	rel:etymology	eng: -ation
eng: prosecution	rel:etymology	Middle French: prosecution
eng: nonpregnancy	rel:etymology	eng: pregnancy
eng: cleat	rel:etymology	enm: clete
eng: superohmic	rel:etymology	eng: super-
eng: Hepburnian	rel:etymology	eng: Hepburn
eng: toysome	rel:etymology	eng: -some
eng: regimen	rel:etymology	Old French: regimen
eng: dehumidifier	rel:etymology	eng: de-
eng: alight	rel:etymology	enm: alight
eng: monitorially	rel:etymology	eng: -ly
eng: convertible	rel:etymology	Latin: convertere
eng: cybervigilantism	rel:etymology	eng: vigilantism
eng: reinstruct	rel:etymology	eng: instruct
eng: Islamofascist	rel:etymology	eng: facist
eng: overbend	rel:etymology	eng: bend
eng: Hispanic	rel:etymology	lat: Hispania
eng: hyperliteracy	rel:etymology	eng: hyper-
eng: virose	rel:etymology	lat: virosus
eng: abolition	rel:etymology	past participle stem of: abolere
eng: glycobiology	rel:etymology	eng: biology
eng: glomerulitis	rel:etymology	eng: -itis
eng: spitefulness	rel:etymology	eng: spiteful
eng: pemtumomab	rel:etymology	eng: -tum-
eng: endian	rel:etymology	eng: end
eng: hypercontractile	rel:etymology	eng: contractile
eng: roastee	rel:etymology	eng: roast
eng: hydrogenize	rel:etymology	eng: -ize
eng: voicism	rel:etymology	eng: -ism
eng: evangelistic	rel:etymology	eng: -ic
eng: degenerative	rel:etymology	eng: -ive
eng: valerin	rel:etymology	eng: valeric
eng: unbigoted	rel:etymology	eng: bigoted
eng: gargoyle	rel:etymology	Medieval Latin: gargola
eng: onanistically	rel:etymology	eng: -ally
eng: fandom	rel:etymology	eng: fan
eng: unwiped	rel:etymology	eng: un-
eng: brownstone	rel:etymology	eng: brown
eng: healthward	rel:etymology	eng: -ward
eng: vino	rel:etymology	the Italian and Spanish word for ""wine,"" from Latin: vinum
eng: southward	rel:etymology	eng: south
eng: confamilial	rel:etymology	eng: con-
eng: sleeper	rel:etymology	eng: sleep
eng: dissymmetrical	rel:etymology	eng: dis-
eng: tyrannically	rel:etymology	eng: -ly
eng: rheumatoid	rel:etymology	Greek: rheumat-
eng: hungry	rel:etymology	ang: hungrig
eng: superhelix	rel:etymology	eng: helix
eng: forejudgment	rel:etymology	eng: fore-
eng: predicrotic	rel:etymology	eng: pre-
eng: glycolytic	rel:etymology	eng: glyco-
eng: horology	rel:etymology	lat: horologia
eng: Chadwickian	rel:etymology	eng: -ian
eng: equestrianship	rel:etymology	eng: -ship
eng: sluttish	rel:etymology	eng: -ish
eng: Bias	rel:etymology	grc: Βίας
eng: screamfest	rel:etymology	eng: -fest
eng: macroglia	rel:etymology	eng: glia
eng: first-timer	rel:etymology	eng: first
eng: rootzone	rel:etymology	eng: root
eng: oppression	rel:etymology	Latin: oppressionem
eng: semisatiric	rel:etymology	eng: satiric
eng: Bahktinian	rel:etymology	eng: -ian
eng: zonulin	rel:etymology	eng: zonula
eng: ubiquitariness	rel:etymology	eng: -ness
eng: fetishise	rel:etymology	eng: fetish
eng: dorsoulnar	rel:etymology	eng: ulnar
eng: snuff-box	rel:etymology	eng: box
eng: shutdown	rel:etymology	eng: down
eng: Ockhamistic	rel:etymology	eng: Ockham
eng: athermotactic	rel:etymology	eng: thermotactic
eng: nonrestricted	rel:etymology	eng: restricted
eng: endobronchial	rel:etymology	eng: endo-
eng: unsportsmanlike	rel:etymology	eng: un-
eng: heterogangliate	rel:etymology	eng: gangliate
eng: sully	rel:etymology	enm: sulien
eng: bandstand	rel:etymology	eng: band
eng: babylike	rel:etymology	eng: baby
eng: pickmire	rel:etymology	eng: mire
eng: glammy	rel:etymology	eng: -y
eng: multisegment	rel:etymology	eng: multi-
eng: likely	rel:etymology	non: líkligr
eng: voiceband	rel:etymology	eng: band
eng: unbellicose	rel:etymology	eng: bellicose
eng: nonfermentable	rel:etymology	eng: non-
eng: nonoffensive	rel:etymology	eng: non-
eng: canal	rel:etymology	Latin: canalis
eng: approvingly	rel:etymology	eng: -ly
eng: nonconfident	rel:etymology	eng: confident
eng: uncomplimentary	rel:etymology	eng: complimentary
eng: Judaeophobe	rel:etymology	eng: -phobe
eng: claustrophobic	rel:etymology	eng: claustrophobia
eng: eunuchlike	rel:etymology	eng: eunuch
eng: insinewed	rel:etymology	eng: -ed
eng: prevaricator	rel:etymology	Old French: prevaricator
eng: slate	rel:etymology	fro: esclate
eng: midstream	rel:etymology	eng: stream
eng: core	rel:etymology	enm: core
eng: shadow-box	rel:etymology	eng: shadow
eng: cookie	rel:etymology	Dutch: koekje
eng: comprecation	rel:etymology	lat: comprecatio
eng: logicker	rel:etymology	eng: logic
eng: Socratic	rel:etymology	1580s), ""of or pertaining to Greek philosopher: Socrates
eng: outleap	rel:etymology	eng: leap
eng: stitchlike	rel:etymology	eng: -like
eng: deportation	rel:etymology	Middle French: déportation
eng: nomenclator	rel:etymology	lat: nomenclator
eng: packetlike	rel:etymology	eng: packet
eng: tobaccoish	rel:etymology	eng: tobacco
eng: silverily	rel:etymology	eng: silvery
eng: lateritious	rel:etymology	lat: lateritius
eng: Novatianism	rel:etymology	eng: Novatian
eng: nontrained	rel:etymology	eng: trained
eng: homobatrachotoxin	rel:etymology	eng: homo-
eng: sciatic	rel:etymology	the pelvis to the thigh, 1540s, from Middle French: sciatique
eng: nonbauxite	rel:etymology	eng: bauxite
eng: absorptivity	rel:etymology	eng: absorption
eng: sabot	rel:etymology	fra: sabot
eng: raincheck	rel:etymology	eng: check
eng: bladderful	rel:etymology	eng: bladder
eng: equidecomposable	rel:etymology	eng: decomposable
eng: lidar	rel:etymology	eng: radar
eng: vehement	rel:etymology	lat: vehemens
eng: bananaless	rel:etymology	eng: -less
eng: mutualism	rel:etymology	eng: -ism
eng: treatable	rel:etymology	eng: treat
eng: teosinte	rel:etymology	fra: téosinte
eng: niggerbitch	rel:etymology	eng: bitch
eng: nonintercourse	rel:etymology	eng: non-
eng: prerequisite	rel:etymology	eng: pre-
eng: cropduster	rel:etymology	eng: crop
eng: calculation	rel:etymology	Late Latin: calculationem
eng: orotundly	rel:etymology	eng: orotund
eng: superselected	rel:etymology	eng: selected
eng: repressive	rel:etymology	Latin: repress-
eng: postable	rel:etymology	eng: -able
eng: bogusly	rel:etymology	eng: bogus
eng: developer	rel:etymology	eng: develop
eng: workest	rel:etymology	eng: work
eng: frank	rel:etymology	fra: franc
eng: nondeclared	rel:etymology	eng: non-
eng: ridealong	rel:etymology	eng: along
eng: bluntly (adv.)	rel:etymology	eng: blunt
eng: abasement	rel:etymology	eng: -ment
eng: orthoperiodate	rel:etymology	eng: ortho-
eng: muss	rel:etymology	eng: mess
eng: crushability	rel:etymology	eng: crush
eng: traditionality	rel:etymology	eng: -ity
eng: nonumbilic	rel:etymology	eng: non-
eng: embathe	rel:etymology	eng: em-
eng: defeminization	rel:etymology	eng: -ation
eng: protohuman	rel:etymology	eng: human
eng: inspan	rel:etymology	eng: in
eng: edition	rel:etymology	lat: editio
eng: nonhostility	rel:etymology	eng: non-
eng: nonalarmed	rel:etymology	eng: alarmed
eng: strawberryish	rel:etymology	eng: strawberry
eng: exclamation	rel:etymology	Middle French: exclamation
eng: multivesicular	rel:etymology	eng: vesicular
eng: tessera	rel:etymology	Latin: tessera
eng: uncork	rel:etymology	eng: cork
eng: chew	rel:etymology	enm: chewen
eng: lye	rel:etymology	ang: leag
eng: populatable	rel:etymology	eng: populate
eng: jocularly	rel:etymology	eng: -ly
eng: laudableness	rel:etymology	eng: -ness
eng: herblore	rel:etymology	eng: lore
eng: playwright	rel:etymology	eng: wright
eng: unresourceful	rel:etymology	eng: un-
eng: flightiness	rel:etymology	eng: -ness
eng: theoryless	rel:etymology	eng: -less
eng: hemimetabolism	rel:etymology	eng: metabolism
eng: hypomania	rel:etymology	eng: mania
eng: brogan	rel:etymology	Irish and Gaelic: brogan
eng: pirogi	rel:etymology	the Turkic language of the Kazan Tatars (compare Turkish: borek
eng: subtropical	rel:etymology	eng: sub-
eng: collectable	rel:etymology	eng: collect
eng: unframe	rel:etymology	eng: frame
eng: unplight	rel:etymology	enm: unpliȝt
eng: sourness	rel:etymology	eng: -ness
eng: southeastward	rel:etymology	eng: southeast
eng: Lucite 	rel:etymology	stem of: lucere
eng: transparentize	rel:etymology	eng: transparent
eng: gawpingly	rel:etymology	eng: -ly
eng: shoddily	rel:etymology	eng: shoddy
eng: steak	rel:etymology	non: steik
eng: fathomlessly	rel:etymology	eng: fathomless
eng: driveller	rel:etymology	eng: -er
eng: vamp	rel:etymology	eng: vampire
eng: polyornithine	rel:etymology	eng: ornithine
eng: ruffianism	rel:etymology	eng: ruffian
eng: dead	rel:etymology	Proto-Germanic: *daudaz
eng: teleguide	rel:etymology	eng: tele-
eng: holly	rel:etymology	Frankish: *huls
eng: my-	rel:etymology	grc: μῦς
eng: gimmickry	rel:etymology	eng: gimmick
eng: chalastic	rel:etymology	grc: χαλαστικός
eng: unwrenched	rel:etymology	eng: un-
eng: fund	rel:etymology	1690s; sense of ""store of anything to be drawn upon"" is from 1704.: Funds
eng: reedless	rel:etymology	eng: -less
eng: fledged	rel:etymology	eng: fledge
eng: loaminess	rel:etymology	eng: -ness
eng: altarist	rel:etymology	eng: -ist
eng: stayedness	rel:etymology	eng: stayed
eng: æstheticization	rel:etymology	eng: æstheticize
eng: resynchronisation	rel:etymology	eng: re-
eng: occipitoaxial	rel:etymology	eng: axial
eng: consumerize	rel:etymology	eng: consumer
eng: losingly	rel:etymology	eng: -ly
eng: baseburner	rel:etymology	eng: burner
eng: hæmorrhoidal	rel:etymology	eng: hæmorrhoid
eng: famine	rel:etymology	Vulgar Latin: *famina
eng: nonfulfilling	rel:etymology	eng: non-
eng: night	rel:etymology	enm: night
eng: payor	rel:etymology	eng: pay
eng: inadequate	rel:etymology	eng: adequate
eng: prebake	rel:etymology	eng: pre-
eng: preconceit	rel:etymology	eng: conceit
eng: multilepton	rel:etymology	eng: multi-
eng: cyberactivist	rel:etymology	eng: cyber-
eng: jaguar	rel:etymology	Portuguese: jaguar
eng: ultranationalism	rel:etymology	eng: ultra-
eng: cheesy	rel:etymology	eng: -y
eng: embasement	rel:etymology	eng: embase
eng: Imeldific	rel:etymology	eng: -ific
eng: firmitude	rel:etymology	lat: firmitudo
eng: vitiligo	rel:etymology	PIE: *wi-tu-
eng: liquefiable	rel:etymology	eng: -able
eng: thrillseeking	rel:etymology	eng: seeking
eng: colorless	rel:etymology	eng: -less
eng: preunion	rel:etymology	eng: union
eng: uninspirable	rel:etymology	eng: un-
eng: antidefendant	rel:etymology	eng: anti-
eng: superslow	rel:etymology	eng: super-
eng: defensory	rel:etymology	lat: defensorius
eng: cryselephantine	rel:etymology	Greek: khryselephantinos
eng: kitsch	rel:etymology	dialectal: kitschen
eng: extravehicular	rel:etymology	eng: extra-
eng: transaxle	rel:etymology	eng: axle
eng: white-ant	rel:etymology	eng: white ant
eng: sexennial	rel:etymology	lat: sexennium
eng: saltcat	rel:etymology	eng: salt
eng: spaciousness	rel:etymology	eng: -ness
eng: typography	rel:etymology	Medieval Latin: typographia
eng: daft	rel:etymology	PIE: *dhabh-
eng: overtly	rel:etymology	eng: overt
eng: abolitionary	rel:etymology	eng: -ary
eng: answerless	rel:etymology	eng: -less
eng: whalecraft	rel:etymology	eng: whale
eng: unpresentable	rel:etymology	eng: un-
eng: stookie	rel:etymology	eng: stucco
eng: grantable	rel:etymology	eng: grant
eng: lea	rel:etymology	enm: legh
eng: perivascular	rel:etymology	eng: peri-
eng: artfully	rel:etymology	eng: artful
eng: lousily	rel:etymology	eng: lousy
eng: prejump	rel:etymology	eng: pre-
eng: abstinent	rel:etymology	Latin: abstinentem
eng: mettlesome	rel:etymology	eng: mettle
eng: orarian	rel:etymology	lat: orarius
eng: waitest	rel:etymology	eng: wait
eng: unconditionalness	rel:etymology	eng: unconditional
eng: uncommunicable	rel:etymology	eng: un-
eng: handblown	rel:etymology	eng: hand
eng: inconsumable	rel:etymology	eng: in-
eng: Camdenite	rel:etymology	eng: Camden
eng: resinless	rel:etymology	eng: resin
eng: pricket	rel:etymology	eng: -et
eng: immersionist	rel:etymology	eng: immersion
eng: noncartilaginous	rel:etymology	eng: non-
eng: nonhardy	rel:etymology	eng: non-
eng: meaneth	rel:etymology	eng: -eth
eng: stool	rel:etymology	Proto-Germanic: *stolaz
eng: rehat	rel:etymology	eng: hat
eng: adsorbable	rel:etymology	eng: -able
eng: telecheck	rel:etymology	eng: tele-
eng: absenter	rel:etymology	eng: absent
eng: cloth	rel:etymology	enm: cloth
eng: homevid	rel:etymology	eng: home
eng: underfur	rel:etymology	eng: fur
eng: koi	rel:etymology	jpn: 鯉
eng: dashy	rel:etymology	eng: -y
eng: xylophonelike	rel:etymology	eng: xylophone
eng: crossbow	rel:etymology	eng: cross
eng: agentively	rel:etymology	eng: -ly
eng: nondifferentiable	rel:etymology	eng: differentiable
eng: leadenly	rel:etymology	eng: leaden
eng: ministry	rel:etymology	Old French: menistere
eng: adept	rel:etymology	fra: adepte
eng: unactioned	rel:etymology	eng: actioned
eng: niggerdom	rel:etymology	eng: -dom
eng: torchless	rel:etymology	eng: -less
eng: insultment	rel:etymology	eng: insult
eng: icosasphere	rel:etymology	eng: icosa-
eng: overhit	rel:etymology	eng: hit
eng: soar	rel:etymology	1929. Related:: Soared
eng: stint	rel:etymology	ang: styntan
eng: hoverchair	rel:etymology	eng: hover
eng: promotee	rel:etymology	eng: promote
eng: seriocomic	rel:etymology	eng: serious
eng: catery	rel:etymology	eng: -y
eng: nonlimited	rel:etymology	eng: limited
eng: percarburet	rel:etymology	eng: carburet
eng: antepaschal	rel:etymology	eng: ante-
eng: sadist	rel:etymology	eng: -ist
eng: dish	rel:etymology	ang: disc
eng: cataclysm	rel:etymology	fra: cataclysme
eng: nonimporting	rel:etymology	eng: importing
eng: Venuslike	rel:etymology	eng: -like
eng: glut	rel:etymology	c. 1400. Related:: Glutted
eng: skyful	rel:etymology	eng: -ful
eng: oedematic	rel:etymology	eng: -ic
eng: isorotational	rel:etymology	eng: rotational
eng: powerfulness	rel:etymology	eng: -ness
eng: kiss-ass	rel:etymology	eng: kiss
eng: intricable	rel:etymology	frm: intricable
eng: chiasmus	rel:etymology	lat: chiasmus
eng: inventorship	rel:etymology	eng: -ship
eng: unconquerableness	rel:etymology	eng: -ness
eng: Exodus	rel:etymology	grc: ἔξοδος
eng: thoughtworthy	rel:etymology	eng: -worthy
eng: radiophosphorus	rel:etymology	eng: phosphorus
eng: crackberry	rel:etymology	eng: crack
eng: lithographist	rel:etymology	eng: -ist
eng: yogh	rel:etymology	eng: Y
eng: cyberanarchist	rel:etymology	eng: cyber-
eng: scrappiness	rel:etymology	eng: scrappy
eng: bandwidth	rel:etymology	eng: width
eng: backset	rel:etymology	eng: back
eng: undertake	rel:etymology	enm: undertaken
eng: superconnected	rel:etymology	eng: super-
eng: malacology	rel:etymology	fra: malacologie
eng: cutey	rel:etymology	eng: cute
eng: nonspatial	rel:etymology	eng: spatial
eng: skylark	rel:etymology	eng: sky
eng: minicell	rel:etymology	eng: mini-
eng: unscale	rel:etymology	eng: un-
eng: deglutition	rel:etymology	fra: déglutition
eng: revilement	rel:etymology	eng: revile
eng: hypolipemic	rel:etymology	eng: hypo-
eng: uncolour'd	rel:etymology	eng: un-
eng: Lee-Enfield 	rel:etymology	eng: Enfield
eng: talent	rel:etymology	Greek: talanton
eng: afore-	rel:etymology	eng: a-
eng: wincingly	rel:etymology	eng: -ly
eng: nonshared	rel:etymology	eng: shared
eng: raving	rel:etymology	eng: rave
eng: radically (adv.)	rel:etymology	eng: radical
eng: buckler	rel:etymology	Old French: bocler
eng: chemothalamectomy	rel:etymology	eng: chemo-
eng: nonsteroid	rel:etymology	eng: non-
eng: megabitch	rel:etymology	eng: mega-
eng: pertinaciously	rel:etymology	eng: pertinacious
eng: infosociety	rel:etymology	eng: society
eng: umbrella	rel:etymology	ita: ombrella
eng: chanceably	rel:etymology	eng: chanceable
eng: lexicostatistics	rel:etymology	eng: statistics
eng: Compsognathus	rel:etymology	Greek: kompsos
eng: rethink	rel:etymology	eng: think
eng: usability	rel:etymology	eng: -ity
eng: pinnable	rel:etymology	eng: -able
eng: neurosomatic	rel:etymology	eng: somatic
eng: chargrill	rel:etymology	eng: grill
eng: nonfermented	rel:etymology	eng: non-
eng: bicarbonate	rel:etymology	eng: carbonate
eng: boilerman	rel:etymology	eng: man
eng: titmouse	rel:etymology	enm: titmose
eng: foulbrood	rel:etymology	eng: brood
eng: milliarcsecond	rel:etymology	eng: milli-
eng: anthocyanin	rel:etymology	eng: antho-
eng: niggardness	rel:etymology	eng: niggard
eng: second nature	rel:etymology	medieval Aristotelian philosophy, contrasted to phenomena that were: super naturam
eng: newscrawl	rel:etymology	eng: news
eng: sphagnum	rel:etymology	Greek: sphagnos
eng: motorable	rel:etymology	eng: -able
eng: customarily	rel:etymology	eng: customary
eng: montroyalite	rel:etymology	eng: Mont Royal
eng: overexuberant	rel:etymology	eng: over-
eng: smilet	rel:etymology	eng: -et
eng: metis	rel:etymology	French: métis
eng: panendeism	rel:etymology	eng: panentheism
eng: octonaphthene	rel:etymology	eng: octo-
eng: unendingness	rel:etymology	eng: -ness
eng: gnome (n.2)	rel:etymology	Medieval Latin: gnomus
eng: overcompetitiveness	rel:etymology	eng: overcompetitive
eng: woaden	rel:etymology	eng: -en
eng: unstodgy	rel:etymology	eng: stodgy
eng: umpireship	rel:etymology	eng: -ship
eng: asbestosis	rel:etymology	eng: -osis
eng: hiply	rel:etymology	eng: -ly
eng: cytochemical	rel:etymology	eng: cyto-
eng: resacralize	rel:etymology	eng: re-
eng: meme	rel:etymology	Greek sources, such as: mimeisthai
eng: nicotinic	rel:etymology	eng: -ic
eng: dykon	rel:etymology	eng: dyke
eng: garcon	rel:etymology	Proto-Germanic: *wrakjon
eng: portsale	rel:etymology	eng: port
eng: divorceable	rel:etymology	eng: -able
eng: golfaholic	rel:etymology	eng: -aholic
eng: zodacite	rel:etymology	eng: Zodac
eng: workforce	rel:etymology	eng: work
eng: remission	rel:etymology	past participle stem of: remittere
eng: vividness	rel:etymology	eng: -ness
eng: baize	rel:etymology	French: baies
eng: idolizer	rel:etymology	eng: idolize
eng: altivolant	rel:etymology	lat: altivolans
eng: undershut	rel:etymology	eng: shut
eng: lingual	rel:etymology	Old Latin: dingua
eng: table saw	rel:etymology	eng: saw
eng: hendeca-	rel:etymology	grc: ἕνδεκα
eng: uncomputed	rel:etymology	eng: computed
eng: siphoner	rel:etymology	eng: siphon
eng: Microshaft	rel:etymology	eng: shaft
eng: panidiomorphic	rel:etymology	eng: pan-
eng: multirow	rel:etymology	eng: row
eng: attal	rel:etymology	enm: atlien
eng: interparoxysmal	rel:etymology	eng: paroxysmal
eng: nondelinquent	rel:etymology	eng: delinquent
eng: left	rel:etymology	enm: left
eng: prayerless	rel:etymology	eng: -less
eng: occasionally	rel:etymology	eng: occasional
eng: brakeless	rel:etymology	eng: brake
eng: menarche	rel:etymology	Greek: men
eng: intersticed	rel:etymology	eng: -ed
eng: unskilled	rel:etymology	eng: un-
eng: interlock	rel:etymology	eng: lock
eng: nooby	rel:etymology	eng: noob
eng: noncoached	rel:etymology	eng: non-
eng: nonreducible	rel:etymology	eng: non-
eng: becomer	rel:etymology	eng: -er
eng: nonconical	rel:etymology	eng: non-
eng: freakish	rel:etymology	eng: freak
eng: uncookable	rel:etymology	eng: cookable
eng: multirack	rel:etymology	eng: rack
eng: tribunal	rel:etymology	Old French: tribunal
eng: hygienist	rel:etymology	eng: -ist
eng: unspontaneous	rel:etymology	eng: un-
eng: terraceless	rel:etymology	eng: terrace
eng: monopolistic	rel:etymology	eng: -istic
eng: foison	rel:etymology	fro: foison
eng: embrothel	rel:etymology	eng: em-
eng: opportunely	rel:etymology	eng: opportune
eng: brainfest	rel:etymology	eng: -fest
eng: unalike	rel:etymology	eng: alike
eng: contumacious	rel:etymology	lat: contumax
eng: meritedly	rel:etymology	eng: merited
eng: nonpredetermined	rel:etymology	eng: non-
eng: virologist	rel:etymology	eng: -ist
eng: spirography	rel:etymology	eng: spiro-
eng: unlikely	rel:etymology	eng: likely
eng: nondematiaceous	rel:etymology	eng: dematiaceous
eng: bonedog	rel:etymology	eng: dog
eng: warmful	rel:etymology	eng: warm
eng: fiveth	rel:etymology	eng: -eth
eng: resheath	rel:etymology	eng: re-
eng: geekspeak	rel:etymology	eng: -speak
eng: radioneon	rel:etymology	eng: radio-
eng: swung 	rel:etymology	eng: swing
eng: ornately	rel:etymology	eng: ornate
eng: nonneuroleptic	rel:etymology	eng: non-
eng: riverboarding	rel:etymology	eng: river
eng: nonaugmentative	rel:etymology	eng: non-
eng: curmur	rel:etymology	sco: curmur
eng: monarchess	rel:etymology	eng: -ess
eng: shirtless	rel:etymology	eng: -less
eng: inexpansible	rel:etymology	eng: expansible
eng: cortex	rel:etymology	Latin: cortex
eng: commandment	rel:etymology	early 13c. In Old English they were: ða bebodu
eng: featurelessness	rel:etymology	eng: -ness
eng: noncoverage	rel:etymology	eng: non-
eng: barline	rel:etymology	eng: bar
eng: nonannotated	rel:etymology	eng: annotated
eng: brownish	rel:etymology	eng: -ish
eng: fogeyish	rel:etymology	eng: fogey
eng: regrease	rel:etymology	eng: grease
eng: cill 	rel:etymology	eng: sill
eng: psycholinguistics	rel:etymology	eng: linguistics
eng: vilify	rel:etymology	lat: vilificare
eng: hypotonic	rel:etymology	eng: tonic
eng: Britishism	rel:etymology	eng: British
eng: nonappointment	rel:etymology	eng: non-
eng: bitty	rel:etymology	eng: bit
eng: Akron	rel:etymology	grc: ἄκρον
eng: Honolulu 	rel:etymology	Hawaiian: hono
eng: mycotoxin	rel:etymology	eng: toxin
eng: bachelor	rel:etymology	Latin: baculum
eng: peacemaker	rel:etymology	eng: peace
eng: celerylike	rel:etymology	eng: -like
eng: dialectality	rel:etymology	eng: -ity
eng: frisky	rel:etymology	Middle English adjective: frisk
eng: apartheid	rel:etymology	Dutch: apart
eng: forgitty	rel:etymology	eng: forgit
eng: playspace	rel:etymology	eng: play
eng: abovestairs	rel:etymology	eng: stairs
eng: centriole	rel:etymology	Modern Latin: centriolum
fre/eng: contamination	rel:etymology	lat: contaminare
eng: salsalike	rel:etymology	eng: salsa
eng: androphilia	rel:etymology	eng: andro-
eng: disreverence	rel:etymology	eng: dis-
eng: enarration	rel:etymology	lat: enarratio
eng: geostrategist	rel:etymology	eng: geo-
eng: orthorhombic	rel:etymology	eng: ortho-
eng: pragmatical	rel:etymology	Latin: pragmaticus
eng: microvolume	rel:etymology	eng: micro-
eng: blocklike	rel:etymology	eng: -like
eng: inveterately	rel:etymology	eng: -ly
eng: maltol	rel:etymology	eng: malt
eng: stereo- 	rel:etymology	Greek: stereos
eng: nonbudding	rel:etymology	eng: non-
eng: Nintendinitis	rel:etymology	eng: tendinitis
eng: unpushed	rel:etymology	eng: pushed
eng: Ishmaelitish	rel:etymology	eng: -ish
eng: post-millennial	rel:etymology	eng: millennial
eng: overinflate	rel:etymology	eng: inflate
eng: isospectrality	rel:etymology	eng: iso-
eng: trine	rel:etymology	Old French: trine
eng: autobarotropic	rel:etymology	eng: barotropic
eng: cultlike	rel:etymology	eng: cult
eng: nimmer	rel:etymology	eng: -er
eng: chef-d'œuvre	rel:etymology	fra: chef-d'œuvre
eng: segmentable	rel:etymology	eng: -able
eng: gripeful	rel:etymology	eng: gripe
eng: treatably	rel:etymology	eng: treatable
eng: sucktacular	rel:etymology	eng: spectacular
eng: utopist	rel:etymology	eng: Utopia
eng: minuteslong	rel:etymology	eng: minutes
eng: chuck	rel:etymology	eng: woodchuck
eng: scalable	rel:etymology	eng: scale
eng: pitchblende	rel:etymology	deu: Pechblende
eng: ettin	rel:etymology	Proto-Germanic: *itunoz
eng: nitraniline	rel:etymology	eng: aniline
eng: encrisped	rel:etymology	eng: crisp
eng: receptible	rel:etymology	lat: receptibilis
eng: red-backed hawk	rel:etymology	eng: hawk
eng: overflatter	rel:etymology	eng: flatter
eng: winebibber	rel:etymology	eng: bibber
eng: inband	rel:etymology	eng: band
eng: underkind	rel:etymology	eng: kind
eng: atechnical	rel:etymology	eng: a-
eng: scabies	rel:etymology	lat: scabies
eng: overconvergent	rel:etymology	eng: convergent
eng: Alpestrine	rel:etymology	lat: Alpestris
eng: panbronchiolitis	rel:etymology	eng: bronchiolitis
eng: unfolder	rel:etymology	eng: unfold
eng: reportorial	rel:etymology	eng: -ial
eng: dishonourest	rel:etymology	eng: dishonour
eng: maddish	rel:etymology	eng: -ish
eng: unrememberable	rel:etymology	eng: un-
eng: birdbath	rel:etymology	eng: bird
eng: prebagged	rel:etymology	eng: bagged
eng: outdo	rel:etymology	eng: out-
eng: rasp	rel:etymology	Old French: rasper
eng: cottony	rel:etymology	eng: -y
eng: dihydromethysticin	rel:etymology	eng: di-
eng: nut	rel:etymology	Germence: *hnut-
eng: neuromechanics	rel:etymology	eng: mechanics
eng: crossruff	rel:etymology	eng: cross
eng: chainlet	rel:etymology	eng: -let
eng: hairnet	rel:etymology	eng: net
eng: trollopy	rel:etymology	eng: -y
eng: compote	rel:etymology	Vulgar Latin: *composita
eng: intrapancreatic	rel:etymology	eng: pancreatic
eng: predecided	rel:etymology	eng: decided
eng: discuss	rel:etymology	Latin: discuss-
eng: pharyngoepiglottic	rel:etymology	eng: epiglottic
eng: Stephenson	rel:etymology	eng: Stephen
eng: nephewless	rel:etymology	eng: -less
eng: mofussil	rel:etymology	urd: مفصل
eng: systaltic	rel:etymology	Late Latin: systalticus
eng: cultivate	rel:etymology	Late Latin: cultivus
eng: wonder	rel:etymology	enm: wonder
eng: hurricane	rel:etymology	the late 16c., including: forcane
eng: noncryogenic	rel:etymology	eng: cryogenic
eng: sugarholic	rel:etymology	eng: sugar
eng: botch	rel:etymology	xno: boche
eng: unmomentous	rel:etymology	eng: momentous
eng: easygoingness	rel:etymology	eng: easygoing
eng: washeteria	rel:etymology	eng: cafeteria
eng: contendingly	rel:etymology	eng: contending
eng: hew	rel:etymology	PIE: *kau-
eng: electrogilding	rel:etymology	eng: electro-
eng: loosely	rel:etymology	eng: -ly
eng: multibed	rel:etymology	eng: multi-
eng: fewly	rel:etymology	eng: -ly
eng: abaxially	rel:etymology	eng: -ly
eng: paleohabitat	rel:etymology	eng: habitat
eng: involuntariness	rel:etymology	eng: involuntary
eng: octapartite	rel:etymology	eng: octa-
eng: capsule	rel:etymology	French: capsule
eng: misconceive	rel:etymology	eng: mis-
eng: diarchy	rel:etymology	eng: -archy
eng: under-employment	rel:etymology	eng: under
eng: footman	rel:etymology	eng: foot
eng: sempstress	rel:etymology	eng: -ess
eng: centricalness	rel:etymology	eng: -ness
eng: unuse	rel:etymology	eng: un-
eng: heartdeep	rel:etymology	eng: deep
eng: inquorate	rel:etymology	eng: quorate
eng: antirealistic	rel:etymology	eng: anti-
eng: Gibson	rel:etymology	eng: -son
eng: bookstaff	rel:etymology	enm: bocstaff
eng: nongated	rel:etymology	eng: gated
eng: unblinkingly	rel:etymology	eng: blinkingly
eng: to trend	rel:etymology	Germence: *trandjan
eng: fuseway	rel:etymology	eng: way
eng: multifoldness	rel:etymology	eng: -ness
eng: Georgianophobia	rel:etymology	eng: -phobia
eng: belly-punch	rel:etymology	eng: belly
eng: slocken	rel:etymology	non: slokna
eng: puttee	rel:etymology	Sanskrit: pattah
eng: metalsmith	rel:etymology	eng: smith
eng: beau	rel:etymology	Latin: bellus
eng: redefinability	rel:etymology	eng: -ity
eng: elbaite	rel:etymology	eng: -ite
eng: onerously	rel:etymology	eng: -ly
eng: snarlingly	rel:etymology	eng: snarling
eng: nonbreeding	rel:etymology	eng: breeding
eng: patchoulol	rel:etymology	eng: -ol
eng: urethritis	rel:etymology	eng: urethra
eng: unsupportable	rel:etymology	eng: un-
eng: economic	rel:etymology	eng: -ic
eng: rehabilitationism	rel:etymology	eng: -ism
eng: bacteriophage	rel:etymology	French: bactériophage
eng: constrainable	rel:etymology	eng: -able
eng: photoheterotrophy	rel:etymology	eng: heterotrophy
eng: analept	rel:etymology	eng: ana-
eng: postcommissure	rel:etymology	eng: post-
eng: unprovably	rel:etymology	eng: -ly
eng: carhouse	rel:etymology	eng: car
eng: transplace	rel:etymology	eng: trans-
eng: coal-tar	rel:etymology	eng: coal
eng: irretrievableness	rel:etymology	eng: -ness
eng: hyperinstrument	rel:etymology	eng: hyper-
eng: compandor	rel:etymology	eng: expander
eng: antiplaintiff	rel:etymology	eng: plaintiff
eng: stormglass	rel:etymology	eng: glass
eng: labmate	rel:etymology	eng: mate
eng: dead	rel:etymology	root: *dheu-
eng: chamberlain	rel:etymology	a Germanic source (perhaps Frankish: *kamerling
eng: reimpregnate	rel:etymology	eng: impregnate
eng: catsuited	rel:etymology	eng: catsuit
eng: nontariff	rel:etymology	eng: tariff
eng: nontenure	rel:etymology	eng: non-
eng: awash	rel:etymology	eng: a-
eng: centinewton	rel:etymology	eng: centi-
eng: homocitric acid	rel:etymology	eng: homo-
eng: enslavement	rel:etymology	eng: -ment
eng: nephewless	rel:etymology	eng: nephew
eng: supersession	rel:etymology	lat: supersessio
eng: lacquerer	rel:etymology	eng: lacquer
eng: blowfish	rel:etymology	eng: blow
eng: peaty	rel:etymology	eng: peat
eng: pseudohaltere	rel:etymology	eng: haltere
eng: Quechua	rel:etymology	Spanish, from Quechua (Inca): kechua
eng: accessariness	rel:etymology	eng: -ness
eng: intensively	rel:etymology	eng: intensive
eng: unquivering	rel:etymology	eng: un-
eng: undulled	rel:etymology	eng: dulled
eng: nonemotional	rel:etymology	eng: emotional
eng: vocalizational	rel:etymology	eng: vocalization
eng: disinfector	rel:etymology	eng: disinfect
eng: genocide	rel:etymology	lat: genus
eng: workword	rel:etymology	eng: word
eng: dopaminergic	rel:etymology	eng: -ergic
eng: declamatory	rel:etymology	eng: -atory
eng: succumbest	rel:etymology	eng: -est
eng: gastrodome	rel:etymology	eng: gastro-
eng: musophobia	rel:etymology	lat: mus
eng: congressman	rel:etymology	eng: -man
eng: wheelbarrowlike	rel:etymology	eng: wheelbarrow
eng: angioplasty	rel:etymology	eng: -plasty
eng: succinimidyl	rel:etymology	eng: -yl
eng: fantabulously	rel:etymology	eng: -ly
eng: glamourise	rel:etymology	eng: glamour
eng: inopulent	rel:etymology	eng: in-
eng: inadherent	rel:etymology	eng: adherent
eng: ionomer	rel:etymology	eng: -mer
eng: thanksgiving	rel:etymology	eng: thanks
eng: symptomatically	rel:etymology	eng: symptomatic
eng: lardless	rel:etymology	eng: lard
eng: unstressful	rel:etymology	eng: stressful
eng: deductible	rel:etymology	Latin: deducere
eng: shirtless	rel:etymology	eng: -less
eng: radiocobalt	rel:etymology	eng: cobalt
eng: abatjour	rel:etymology	fra: abat-jour
eng: postgenderism	rel:etymology	eng: -ism
eng: blastodisk	rel:etymology	eng: disk
eng: paysite	rel:etymology	eng: pay
eng: tunicwise	rel:etymology	eng: -wise
eng: godmotherhood	rel:etymology	eng: -hood
eng: pyretic	rel:etymology	Greek: pyretos
eng: supralunar	rel:etymology	eng: lunar
eng: dewax	rel:etymology	eng: wax
eng: microneighborhood	rel:etymology	eng: neighborhood
eng: commissar	rel:etymology	Medieval Latin: commissarius
eng: nontransmural	rel:etymology	eng: transmural
eng: biodegradation	rel:etymology	eng: bio-
eng: unisilicate	rel:etymology	eng: uni-
eng: stirps	rel:etymology	lat: stirps
eng: patrolman	rel:etymology	eng: man
eng: starhood	rel:etymology	eng: star
eng: vor 	rel:etymology	eng: fore
eng: top-sider	rel:etymology	eng: side
eng: Burtonian	rel:etymology	eng: -ian
eng: nave (n.2)	rel:etymology	Proto-Germanic: *nabo-
eng: alphabetizable	rel:etymology	eng: alphabetize
eng: interceptive	rel:etymology	eng: -ive
eng: nonoffending	rel:etymology	eng: non-
eng: lignitic	rel:etymology	eng: -ic
eng: minicar	rel:etymology	eng: car
eng: something (pron.)	rel:etymology	1570s. Meaning ""a thing worthy of consideration"" is from 1580s; emphatic form: something else
eng: Plasticine	rel:etymology	eng: plastic
eng: barehandedly	rel:etymology	eng: -ly
eng: toy-box	rel:etymology	eng: box
eng: Rudra 	rel:etymology	stem of: rudati
eng: outbear	rel:etymology	enm: outberen
eng: hugeously	rel:etymology	eng: hugeous
eng: sleetiness	rel:etymology	eng: -ness
eng: Christianist	rel:etymology	eng: Christian
eng: scleritome	rel:etymology	eng: tome
eng: unwithstandable	rel:etymology	eng: un-
eng: cupboard	rel:etymology	eng: cup
eng: contrariously	rel:etymology	eng: contrarious
eng: semicircumference	rel:etymology	eng: circumference
eng: hali- 	rel:etymology	Greek: hali-
eng: antired	rel:etymology	eng: red
eng: undermaintain	rel:etymology	eng: maintain
eng: sanctum sanctorum	rel:etymology	lat: sanctum sanctorum
eng: platly	rel:etymology	eng: plat
eng: broil	rel:etymology	enm: broilen
eng: snobbily	rel:etymology	eng: snobby
eng: noncoaching	rel:etymology	eng: coaching
eng: discrete	rel:etymology	Latin: discretus
eng: mythologizable	rel:etymology	eng: -able
eng: danceable	rel:etymology	eng: -able
eng: voddy	rel:etymology	eng: -y
eng: mesel	rel:etymology	xno: mesel
eng: shoot-out	rel:etymology	eng: shoot
eng: autoredox	rel:etymology	eng: auto-
eng: sportbike	rel:etymology	eng: bike
eng: adventuresomely	rel:etymology	eng: -ly
eng: jumpoff	rel:etymology	eng: off
eng: chuffily	rel:etymology	eng: chuffy
eng: belligerati	rel:etymology	eng: belligerent
eng: uninked	rel:etymology	eng: inked
eng: amaurotic	rel:etymology	eng: amaurosis
eng: leafroll	rel:etymology	eng: leaf
eng: Carmelite	rel:etymology	eng: -ite
eng: whale-path	rel:etymology	eng: path
eng: exploitatively	rel:etymology	eng: exploitative
eng: nondelinquent	rel:etymology	eng: non-
eng: sportingly	rel:etymology	eng: -ly
eng: insuppressible	rel:etymology	eng: in-
eng: carnivalesque	rel:etymology	eng: carnival
eng: heart-throb	rel:etymology	eng: heart
eng: interpale	rel:etymology	eng: pale
eng: isotypical	rel:etymology	eng: typical
eng: nitrokeg	rel:etymology	eng: keg
eng: indamaged	rel:etymology	eng: in-
eng: deliberatively	rel:etymology	eng: -ly
eng: lying	rel:etymology	eng: -ing
eng: tapper	rel:etymology	eng: tap
eng: farmscape	rel:etymology	eng: -scape
eng: mauve	rel:etymology	Old French: mauve
eng: outspin	rel:etymology	eng: spin
eng: misseek	rel:etymology	eng: seek
eng: pineth	rel:etymology	eng: pine
eng: tarragon	rel:etymology	Byzantine Greek: tarchon
eng: cross-street	rel:etymology	eng: cross-
eng: argumentive	rel:etymology	eng: -ive
eng: hyperstress	rel:etymology	eng: hyper-
eng: selective	rel:etymology	eng: -ive
eng: autophagy	rel:etymology	eng: auto-
eng: au pair	rel:etymology	eng: pair
eng: iodiferous	rel:etymology	eng: iodine
eng: extraprovincial	rel:etymology	eng: provincial
eng: dismissiveness	rel:etymology	eng: -ness
eng: noninspiring	rel:etymology	eng: non-
eng: convalescently	rel:etymology	eng: -ly
eng: diarrheic	rel:etymology	eng: -ic
eng: interminableness	rel:etymology	eng: -ness
eng: stearone	rel:etymology	eng: -one
eng: flagstaff	rel:etymology	eng: staff
eng: pavilionlike	rel:etymology	eng: pavilion
eng: post factum 	rel:etymology	eng: fact
eng: canaliculus	rel:etymology	lat: canaliculus
eng: dalliance	rel:etymology	eng: -ance
eng: disinheritor	rel:etymology	eng: disinherit
eng: earlock	rel:etymology	eng: lock
eng: ciliary	rel:etymology	lat: cilium
eng: debted	rel:etymology	eng: -ed
eng: upsway	rel:etymology	eng: sway
eng: inarticulateness	rel:etymology	eng: -ness
eng: you (pron.)	rel:etymology	Proto-Germanic: *juz-
eng: remoting	rel:etymology	eng: remote
eng: unworded	rel:etymology	eng: un-
eng: unsubmittable	rel:etymology	eng: submittable
eng: inanition	rel:etymology	lack of nourishment,"" c. 1400, ""pathological draining or depletion of blood, humors, or bodily fluids,"" from Old French: inanition
eng: incredulity	rel:etymology	Middle French: incrédulité
eng: brook	rel:etymology	Proto-Germanic: *broka-
eng: hazardproof	rel:etymology	eng: -proof
eng: complimentariness	rel:etymology	eng: -ness
eng: polycytidylic	rel:etymology	eng: poly-
eng: multialgorithm	rel:etymology	eng: algorithm
eng: nonwedlock	rel:etymology	eng: wedlock
eng: subcelestial	rel:etymology	eng: sub-
eng: unshell	rel:etymology	eng: un-
eng: unblack	rel:etymology	eng: black
eng: fallowness	rel:etymology	eng: fallow
eng: ample	rel:etymology	Old French: ample
eng: garfish	rel:etymology	eng: fish
eng: overdevelopment	rel:etymology	eng: -ment
eng: Winnipegger	rel:etymology	eng: Winnipeg
eng: Hexapla	rel:etymology	grc: ἑξαπλά
eng: semimythic	rel:etymology	eng: semi-
eng: tachypacing	rel:etymology	eng: tachy-
eng: counterdefense	rel:etymology	eng: counter-
eng: gynophobia	rel:etymology	eng: -phobia
eng: pseudotumor	rel:etymology	eng: tumor
eng: nondithering	rel:etymology	eng: non-
eng: hyperrectangular	rel:etymology	eng: hyper-
eng: radially	rel:etymology	eng: radial
eng: mesostasis	rel:etymology	eng: meso-
eng: indigogen	rel:etymology	eng: -gen
eng: nonminimal	rel:etymology	eng: non-
eng: confoundeth	rel:etymology	eng: -eth
eng: pseudobulge	rel:etymology	eng: bulge
eng: tuberless	rel:etymology	eng: tuber
eng: run-down	rel:etymology	eng: down
eng: retrofuturism	rel:etymology	eng: futurism
eng: bigwig	rel:etymology	eng: wig
eng: classicly	rel:etymology	eng: -ly
eng: agamous	rel:etymology	eng: a-
eng: scolex	rel:etymology	Greek: skolex
eng: cooper	rel:etymology	late 12c. as a surname, either from Old English (unattested) or from a Low German source akin to Middle Dutch: cuper
eng: culturalization	rel:etymology	eng: cultural
eng: abusable	rel:etymology	eng: abuse
eng: Finnicization	rel:etymology	eng: -ation
eng: nonsolitary	rel:etymology	eng: non-
eng: breadbasket	rel:etymology	eng: bread
eng: merry-andrew	rel:etymology	eng: merry
eng: possesseth	rel:etymology	eng: -eth
eng: tunesmith	rel:etymology	eng: tune
eng: bistate	rel:etymology	eng: state
eng: assumption	rel:etymology	enm: assumpcioun
eng: hypercapnia	rel:etymology	eng: hyper-
eng: nannydom	rel:etymology	eng: nanny
eng: saw	rel:etymology	enm: sawe
eng: scriptural	rel:etymology	Latin: scriptura
eng: multimilitary	rel:etymology	eng: multi-
eng: errorless	rel:etymology	eng: -less
eng: hepatitis	rel:etymology	Greek: hepatos
eng: Asterix	rel:etymology	fra: Astérix
eng: nonresidency	rel:etymology	eng: residency
eng: unseparable	rel:etymology	eng: separable
eng: west	rel:etymology	ang: west
eng: Asian	rel:etymology	Latin: Asianus
eng: Randroid	rel:etymology	eng: Rand
eng: skywave	rel:etymology	eng: wave
eng: prelate	rel:etymology	fro: prelat
eng: clockmaker	rel:etymology	eng: clock
eng: disrepute	rel:etymology	eng: dis-
eng: new	rel:etymology	the adjective.: New math
eng: neurogenetic	rel:etymology	eng: genetic
eng: attoliter	rel:etymology	eng: liter
eng: evolutionary	rel:etymology	eng: evolution
eng: throatband	rel:etymology	eng: throat
eng: dystopian	rel:etymology	eng: dystopia
eng: Louis Quatorzian	rel:etymology	eng: Louis Quatorze
eng: hollowness	rel:etymology	eng: -ness
eng: anathematise	rel:etymology	eng: anathematize
eng: re-fuse	rel:etymology	eng: fuse
eng: gnarly	rel:etymology	eng: gnarl
eng: tarotist	rel:etymology	eng: tarot
eng: Kubrickian	rel:etymology	eng: Kubrick
eng: Pollockian	rel:etymology	eng: -ian
eng: trapless	rel:etymology	eng: trap
eng: marcantant	rel:etymology	ita: mercatante
eng: clearheadedness	rel:etymology	eng: -ness
eng: beaverskin	rel:etymology	eng: beaver
eng: denotify	rel:etymology	eng: de-
eng: movableness	rel:etymology	eng: -ness
eng: midwinter	rel:etymology	eng: mid-
eng: nonoutlying	rel:etymology	eng: outlying
eng: balancement	rel:etymology	eng: -ment
eng: hypersecretion	rel:etymology	eng: hyper-
eng: meerschaum	rel:etymology	1789 as ""tobacco pipe with a bowl made of meerschaum clay,"" from German: Meerschaum
eng: unstableness	rel:etymology	eng: unstable
eng: bull	rel:etymology	eng: dog
eng: alphabetician	rel:etymology	eng: -ic
eng: manifestly	rel:etymology	eng: manifest
eng: daintify	rel:etymology	eng: -ify
eng: unascertainable	rel:etymology	eng: un-
eng: acoustoelectronic	rel:etymology	eng: acousto-
eng: battleworthy	rel:etymology	eng: -worthy
eng: groupspeak	rel:etymology	eng: group
eng: bug-bite	rel:etymology	eng: bite
eng: nondegeneracy	rel:etymology	eng: degeneracy
eng: astomatous	rel:etymology	eng: a-
eng: feloniously	rel:etymology	eng: -ly
eng: protomerite	rel:etymology	eng: -ite
eng: sheltery	rel:etymology	eng: -y
eng: unassemble	rel:etymology	eng: assemble
eng: unbreakable	rel:etymology	eng: breakable
eng: biphyletic	rel:etymology	eng: bi-
eng: forwear	rel:etymology	enm: forweren
eng: unsympathizingly	rel:etymology	eng: -ly
eng: Madonnawise	rel:etymology	eng: Madonna
eng: phenylindole	rel:etymology	eng: phenyl
eng: Caligulan	rel:etymology	eng: Caligula
eng: metalmark	rel:etymology	eng: mark
eng: adducent	rel:etymology	lat: adducens
eng: seminal	rel:etymology	lat: seminalis
eng: overwater	rel:etymology	eng: over-
eng: fæcally	rel:etymology	eng: -ly
eng: bottle-o	rel:etymology	eng: -o
eng: scrape	rel:etymology	Old Norse: skrapa
eng: churnalist	rel:etymology	eng: journalist
eng: redresser	rel:etymology	eng: redress
eng: accommodative	rel:etymology	eng: accommodate
eng: onsend	rel:etymology	enm: onsenden
eng: tartronate	rel:etymology	eng: tartronic
eng: labium	rel:etymology	Latin: labium
eng: postchemotherapy	rel:etymology	eng: chemotherapy
eng: ambrosial	rel:etymology	1660s. Other adjectives were: ambrosiac
eng: hyperaware	rel:etymology	eng: aware
eng: holoplankton	rel:etymology	eng: holo-
eng: covertness	rel:etymology	eng: -ness
eng: solemnity	rel:etymology	enm: solemnity
eng: murrain	rel:etymology	xno: mourine
eng: progerin	rel:etymology	eng: progeria
eng: endofacial	rel:etymology	eng: facial
eng: unsecularize	rel:etymology	eng: un-
eng: chronotherapeutic	rel:etymology	eng: chrono-
eng: doodle	rel:etymology	dialectal: doodle, dudle
eng: execution	rel:etymology	Latin: executionem
eng: ionization	rel:etymology	eng: ionize
eng: carapace	rel:etymology	French: carapace
eng: unteam	rel:etymology	eng: team
eng: boyz	rel:etymology	eng: -z
eng: half-sibling	rel:etymology	eng: sibling
eng: affliction	rel:etymology	past participle stem of: affligere
eng: tarantass	rel:etymology	rus: тарантас
eng: noncooled	rel:etymology	eng: cooled
eng: princessly	rel:etymology	eng: princess
eng: postcrime	rel:etymology	eng: crime
eng: prospereth	rel:etymology	eng: -eth
eng: seaward	rel:etymology	eng: sea
eng: flaw	rel:etymology	Old Norse: flaga
eng: Yerazgavors	rel:etymology	hye: Երազգավորս
eng: cleftgraft	rel:etymology	eng: cleft
eng: trichoscopy	rel:etymology	eng: -scopy
eng: mushroomless	rel:etymology	eng: -less
eng: miniorchestra	rel:etymology	eng: orchestra
eng: nonstipendiary	rel:etymology	eng: stipendiary
eng: extravital	rel:etymology	eng: vital
eng: netball	rel:etymology	eng: net
eng: paleoseismology	rel:etymology	eng: seismology
eng: iffy	rel:etymology	eng: if
eng: kudu	rel:etymology	Kaffir (Xhosa): iqhude
eng: frogbit	rel:etymology	eng: frog
eng: uncustomed	rel:etymology	eng: -ed
eng: styptic	rel:etymology	lat: stypticus
eng: overpessimistic	rel:etymology	eng: pessimistic
eng: coxless	rel:etymology	eng: cox
eng: byplay	rel:etymology	eng: by-
eng: Blairista	rel:etymology	eng: Blair
eng: lustlessness	rel:etymology	eng: -ness
eng: fritter	rel:etymology	Late Latin: frictura
eng: hayward	rel:etymology	eng: hay
eng: dichotomic	rel:etymology	eng: dichotomy
eng: nonvoiced	rel:etymology	eng: voiced
eng: archmagician	rel:etymology	eng: arch-
eng: belinkedness	rel:etymology	eng: be-
eng: paleontology	rel:etymology	eng: -logy
eng: helophyte	rel:etymology	eng: -phyte
eng: unparished	rel:etymology	eng: parished
eng: usualness	rel:etymology	eng: -ness
eng: pushover	rel:etymology	eng: push
eng: untroubling	rel:etymology	eng: troubling
eng: crotalism	rel:etymology	eng: -ism
eng: nonclarified	rel:etymology	eng: clarified
eng: troponym	rel:etymology	eng: tropo-
eng: remixture	rel:etymology	eng: mixture
eng: scarily (adv.)	rel:etymology	eng: scary
eng: hamsterlike	rel:etymology	eng: hamster
eng: beastly	rel:etymology	eng: beast
eng: aftergame	rel:etymology	eng: game
eng: downscale	rel:etymology	eng: down
eng: Southeyan	rel:etymology	eng: -an
eng: interagent	rel:etymology	eng: inter-
eng: centrosymmetry	rel:etymology	eng: symmetry
eng: soulster	rel:etymology	eng: soul
eng: gluttonish	rel:etymology	eng: -ish
eng: footfucker	rel:etymology	eng: -er
eng: paragraphless	rel:etymology	eng: -less
eng: donor	rel:etymology	fre: donneur
eng: spicenut	rel:etymology	eng: nut
eng: embellish	rel:etymology	Old French: embelliss-
eng: luteocobaltic	rel:etymology	eng: cobaltic
eng: nongonococcal	rel:etymology	eng: gonococcal
eng: autolocalization	rel:etymology	eng: auto-
eng: alymphocytosis	rel:etymology	eng: a-
eng: ornithoscopy	rel:etymology	eng: -scopy
eng: lampshaded	rel:etymology	eng: -ed
eng: studiousness	rel:etymology	eng: studious
eng: jumperlike	rel:etymology	eng: jumper
eng: multibiometrics	rel:etymology	eng: multi-
eng: holidaymaking	rel:etymology	eng: making
eng: priceless	rel:etymology	eng: price
eng: insuperable	rel:etymology	lat: insuperabilis
eng: oxybutyric	rel:etymology	eng: oxy-
eng: Ottawa 	rel:etymology	the Algonquian people who lived in Michigan and Ontario. Their name is said to be from: adawe
eng: hyperchlorhydria	rel:etymology	eng: hyper-
eng: nonextensive	rel:etymology	eng: non-
eng: copulation	rel:etymology	eng: -tion
eng: gallipot	rel:etymology	eng: galley
eng: Judaeo-Spanish	rel:etymology	eng: Judaeo-
eng: lusern	rel:etymology	fra: loup-cervier
eng: nowhere	rel:etymology	eng: no
eng: foxtrot	rel:etymology	eng: fox
eng: balsa	rel:etymology	a native word of Peru. Related:: Balsa-wood
eng: immutation	rel:etymology	lat: immutatio
eng: noncytotoxic	rel:etymology	eng: cytotoxic
eng: set-to	rel:etymology	eng: set
eng: newsstand	rel:etymology	eng: stand
eng: tablemate	rel:etymology	eng: -mate
eng: redocumentation	rel:etymology	eng: re-
eng: traitorly	rel:etymology	eng: -ly
eng: repellency	rel:etymology	eng: repellent
eng: nonfracturing	rel:etymology	eng: non-
eng: ballgame	rel:etymology	eng: ball
eng: wormhole	rel:etymology	eng: hole
eng: caldera	rel:etymology	spa: caldera
eng: downer	rel:etymology	eng: down
eng: cigarettelike	rel:etymology	eng: -like
eng: hyperspecific	rel:etymology	eng: specific
eng: collegewide	rel:etymology	eng: -wide
eng: unphotographable	rel:etymology	eng: photographable
eng: flappy	rel:etymology	eng: -y
eng: midkine	rel:etymology	eng: -kine
eng: Platonist	rel:etymology	eng: Platonic
eng: colicroot	rel:etymology	eng: root
eng: pyroelectrodynamic	rel:etymology	eng: electrodynamic
eng: perfection	rel:etymology	past participle stem of: perficere
eng: preintermission	rel:etymology	eng: intermission
eng: trisexual	rel:etymology	eng: tri-
eng: nonhomicidal	rel:etymology	eng: homicidal
eng: nonducted	rel:etymology	eng: non-
eng: dutchie	rel:etymology	eng: Dutch
eng: chartlike	rel:etymology	eng: chart
eng: nonrejection	rel:etymology	eng: non-
eng: inbuild	rel:etymology	eng: build
eng: étatisme	rel:etymology	fra: étatisme
eng: off-site	rel:etymology	eng: site
eng: dresslike	rel:etymology	eng: dress
eng: submarshal	rel:etymology	eng: marshal
eng: golfer	rel:etymology	eng: golf
eng: unretainable	rel:etymology	eng: un-
