spa: tercero	rel:etymology	lat: tertiarius
spa: balanza	rel:etymology	lat: bilanx
spa: sospechar	rel:etymology	lat: suspectare
spa: hipertrófico	rel:etymology	spa: -ico
spa: honorable	rel:etymology	lat: honorabilis
spa: innato	rel:etymology	lat: innatus
spa: mordisquear	rel:etymology	spa: mordisco
spa: mercaderil	rel:etymology	spa: -il
spa: Morales	rel:etymology	spa: mora
spa: protozoo	rel:etymology	spa: proto-
spa: antepecho	rel:etymology	spa: pecho
spa: izquierda	rel:etymology	eus: ezkerra
spa: Bermúdez	rel:etymology	spa: Bermudo
spa: grieta	rel:etymology	lat: crepita
spa: salmón del Danubio	rel:etymology	spa: Danubio
spa: veintinueve	rel:etymology	spa: nueve
spa: motero	rel:etymology	spa: -ero
spa: separador	rel:etymology	lat: separator
spa: fortaleza	rel:etymology	oci: fortalessa
spa: deshidratación	rel:etymology	spa: -ción
spa: maridar	rel:etymology	lat: maritare
spa: -ista	rel:etymology	lat: -ista
spa: -oma	rel:etymology	grc: -ωμα
spa: perfectamente	rel:etymology	spa: -mente
spa: separadamente	rel:etymology	spa: separado
spa: cicuta	rel:etymology	lat: cicuta
spa: demasía	rel:etymology	spa: -ía
spa: hawaiano	rel:etymology	spa: -ano
spa: incitación	rel:etymology	spa: -ción
spa: papito	rel:etymology	spa: -ito
spa: extrínsecamente	rel:etymology	spa: -mente
spa: maldad	rel:etymology	lat: malitas
spa: cana	rel:etymology	lat: canus
spa: enyegüecer	rel:etymology	spa: en-
spa: lascivia	rel:etymology	lat: lascivia
spa: achaque	rel:etymology	spa: achacar
spa: éxito	rel:etymology	lat: exitus
spa: rapsodia	rel:etymology	lat: rhapsodia
spa: antes	rel:etymology	spa: ante
spa: cuestionable	rel:etymology	spa: cuestión
spa: fajar	rel:etymology	arg: faxar
spa: -fono	rel:etymology	grc: -φωνος
spa: virreinato	rel:etymology	spa: virreino
spa: estrechez	rel:etymology	spa: estrecho
spa: sucesivamente	rel:etymology	spa: -mente
spa: desacreditar	rel:etymology	spa: des-
spa: entrañar	rel:etymology	spa: entraña
spa: usar	rel:etymology	lat: usus
spa: vivero	rel:etymology	lat: vivarium
spa: mordiente	rel:etymology	spa: -iente
spa: -ecilla	rel:etymology	spa: -illo
spa: hormiga	rel:etymology	lat: formica
spa: oro	rel:etymology	lat: aurum
spa: buque	rel:etymology	fra: buc
spa: talmúdico	rel:etymology	spa: -ico
spa: eslogan	rel:etymology	eng: slogan
spa: cuestionar	rel:etymology	lat: quaestionare
spa: chili con carne	rel:etymology	eng: chili con carne
spa: negligentemente	rel:etymology	spa: negligente
spa: cauterium	rel:etymology	grc: καυτήριον
spa: hipotrocoide	rel:etymology	spa: trocoide
spa: biblia	rel:etymology	lat: biblia
spa: disnea	rel:etymology	lat: dyspnoea
spa: peatón	rel:etymology	fra: piéton
spa: bocacalle	rel:etymology	spa: calle
spa: cazador	rel:etymology	spa: cazar
spa: inferioridad	rel:etymology	spa: -dad
spa: -teca	rel:etymology	nci: -tecatl
spa: frambuesa	rel:etymology	fra: framboise
spa: prepucio	rel:etymology	lat: praeputium
spa: semanalmente	rel:etymology	spa: semanal
spa: hipnotizar	rel:etymology	lat: hypnotize
spa: chilli	rel:etymology	Nahuatl (Aztek) dilinde: chilli
spa: congregar	rel:etymology	lat: congregare
spa: barnizar	rel:etymology	spa: -ar
spa: cachete	rel:etymology	lat: capulus
spa: aburridamente	rel:etymology	spa: aburrido
spa: fenología	rel:etymology	spa: feno-
spa: vecindad	rel:etymology	lat: vicinitas
spa: cifrar	rel:etymology	spa: cifra
spa: pervivir	rel:etymology	spa: vivir
spa: semanario	rel:etymology	spa: semana
spa: epigrafía	rel:etymology	spa: -ía
spa: grafitear	rel:etymology	spa: grafiti
spa: epigrafista	rel:etymology	spa: epígrafe
spa: enrarecer	rel:etymology	spa: -ecer
spa: arbori-	rel:etymology	lat: arbor
spa: mesurar	rel:etymology	lat: mensurare
spa: castañeta	rel:etymology	spa: castaña
spa: desnucar	rel:etymology	spa: nuca
spa: extranjerismo	rel:etymology	spa: -ismo
spa: tragasables	rel:etymology	spa: sables
spa: sobreseer	rel:etymology	lat: supersedere
spa: payaso	rel:etymology	ita: pagliaccio
spa: cobra	rel:etymology	por: cobra
spa: virus	rel:etymology	lat: virus
spa: blasfemo	rel:etymology	lat: blasphemus
spa: engrasar	rel:etymology	spa: grasa
spa: inhumar	rel:etymology	lat: inhumare
spa: Papa	rel:etymology	lat: papas
spa: circulatorio	rel:etymology	lat: circulatorius
spa: mandil	rel:etymology	ara: منديل
spa: hitlerismo	rel:etymology	spa: -ismo
spa: cristalería	rel:etymology	spa: -ería
spa: bello	rel:etymology	lat: bellus
spa: típicamente	rel:etymology	spa: -mente
spa: ágora	rel:etymology	grc: ἀγορά
spa: cacao	rel:etymology	nci: cacahuatl
spa: misticismo	rel:etymology	spa: -ismo
spa: tuyo	rel:etymology	lat: tuus
spa: separar	rel:etymology	lat: separare
spa: francamente	rel:etymology	spa: franca
spa: sota	rel:etymology	lat: subtus
spa: virreinato	rel:etymology	spa: -ato
spa: petatearse	rel:etymology	spa: petate
spa: agrietar	rel:etymology	spa: grieta
spa: jocosamente	rel:etymology	spa: jocoso
spa: provocativo	rel:etymology	spa: provocar
spa: verso	rel:etymology	lat: versus
spa: rudamente	rel:etymology	spa: -mente
spa: cepo	rel:etymology	lat: cippus
spa: tentador	rel:etymology	spa: tentar
spa: pizzería	rel:etymology	spa: pizza
spa: reliquia	rel:etymology	lat: reliquiae
spa: viuda	rel:etymology	lat: vidua
spa: desempeñar	rel:etymology	spa: empeñar
spa: neuropsiquiatría	rel:etymology	spa: neuro-
spa: ñoño	rel:etymology	lat: nonnus
spa: folclore	rel:etymology	eng: folklore
spa: pollito	rel:etymology	spa: pollo
spa: fantásticamente	rel:etymology	spa: fantástico
spa: abdicativamente	rel:etymology	spa: abdicativo
spa: antiepiléptico	rel:etymology	spa: anti-
spa: judaicamente	rel:etymology	spa: judaica
spa: tomata	rel:etymology	Nahuatl (Aztek) dilinde: tomatl
spa: deidad	rel:etymology	lat: deitas
spa: hispano-italiano	rel:etymology	spa: italiano
spa: Roma	rel:etymology	lat: Roma
spa: obviamente	rel:etymology	spa: obvia
spa: flagelo	rel:etymology	lat: flagellum
spa: mercado	rel:etymology	lat: mercatus
spa: íntegramente	rel:etymology	spa: íntegro
spa: abnegadamente	rel:etymology	spa: -mente
spa: alternativamente	rel:etymology	spa: alternativo
spa: estatua	rel:etymology	lat: statua
spa: cantaleta	rel:etymology	spa: -leta
spa: electricidad	rel:etymology	spa: -idad
spa: eufórico	rel:etymology	spa: euforia
spa: desnudar	rel:etymology	lat: denudare
spa: paisanito	rel:etymology	spa: -ito
spa: perpendicularmente	rel:etymology	spa: perpendicular
spa: le	rel:etymology	lat: illi
spa: naipe	rel:etymology	cat: naip
spa: epilepsia	rel:etymology	lat: epilepsia
spa: gluten	rel:etymology	lat: gluten
spa: borraja	rel:etymology	cat: borratja
spa: tedio	rel:etymology	lat: taedium
spa: bibliófilo	rel:etymology	spa: biblio-
spa: lisonjeramente	rel:etymology	spa: -mente
spa: sujeto	rel:etymology	lat: subiectus
spa: uretral	rel:etymology	spa: -al
spa: antedata	rel:etymology	spa: data
spa: donar	rel:etymology	lat: donare
spa: hipocicloide	rel:etymology	spa: cicloide
spa: estúpidamente	rel:etymology	spa: estúpido
spa: arquidiócesis	rel:etymology	spa: diócesis
spa: lealtad	rel:etymology	spa: lealdad
spa: gigánticamente	rel:etymology	spa: -mente
spa: florero	rel:etymology	spa: -ero
spa: muelle	rel:etymology	lat: mollis
spa: jungla	rel:etymology	lat: jungle
spa: lagosta	rel:etymology	lat: lacusta
spa: incorrectamente	rel:etymology	spa: incorrecto
spa: alejamiento	rel:etymology	spa: -miento
spa: breviario	rel:etymology	lat: breviarium
spa: jabalina	rel:etymology	fra: javeline
spa: setenta	rel:etymology	lat: septuaginta
spa: polémica	rel:etymology	grc: πολεμικός
spa: chocolatín	rel:etymology	spa: chocolate
spa: desesperadamente	rel:etymology	spa: -mente
spa: camarote	rel:etymology	spa: -ote
spa: azote	rel:etymology	ara: سوط
spa: nenúfar	rel:etymology	ara: نيلوفر
spa: pulsar	rel:etymology	lat: pulsare
spa: pobremente	rel:etymology	spa: -mente
spa: achacar	rel:etymology	ara: شكا
spa: esfera	rel:etymology	lat: sphera
spa: específicamente	rel:etymology	spa: -mente
spa: pabellón	rel:etymology	lat: papilionem
spa: moderno	rel:etymology	lat: modernus
spa: bermudeño	rel:etymology	spa: -eño
spa: congelable	rel:etymology	spa: -able
spa: neuralgia	rel:etymology	spa: -algia
spa: hipónimo	rel:etymology	spa: hipo-
spa: durable	rel:etymology	lat: durabilis
spa: catapultar	rel:etymology	spa: -ar
spa: Valencia	rel:etymology	lat: ''[[Valentia]], [[valentia]]''
spa: carne	rel:etymology	lat: carne
spa: mono-	rel:etymology	grc: μόνος
spa: putita	rel:etymology	spa: puta
spa: juntar	rel:etymology	spa: junto
spa: cuestionable	rel:etymology	spa: -able
spa: estornudar	rel:etymology	lat: sternutare
spa: fotogénico	rel:etymology	fra: photogénique
spa: camisa	rel:etymology	lat: camisia
spa: percutáneo	rel:etymology	spa: cutáneo
spa: delicioso	rel:etymology	lat: deliciosus
spa: reino	rel:etymology	lat: regnum
spa: coscoja	rel:etymology	spa: coscojo
spa: cursilísimo	rel:etymology	spa: -ísimo
spa: valle	rel:etymology	lat: vallis
spa: ágilmente	rel:etymology	spa: ágil
spa: fuertemente	rel:etymology	spa: -mente
spa: propio	rel:etymology	lat: proprius
spa: antinefrítico	rel:etymology	spa: anti-
spa: asesinato	rel:etymology	spa: -ato
spa: hieroglífico	rel:etymology	lat: hieroglyphicus
spa: geco	rel:etymology	eng: gecko
spa: vinoteca	rel:etymology	spa: -teca
spa: vicuña	rel:etymology	que: wikúña
spa: albatros	rel:etymology	eng: albatross
spa: virtuoso	rel:etymology	lat: virtuosus
spa: coro	rel:etymology	lat: chorus
spa: epigráfico	rel:etymology	spa: -ico
spa: desayunar	rel:etymology	spa: des-
spa: lucio	rel:etymology	lat: lucius
spa: puñar	rel:etymology	lat: pugnare
spa: persuadir	rel:etymology	lat: persuadeo
spa: alminar	rel:etymology	fra: minaret
spa: abnegadamente	rel:etymology	spa: abnegado
spa: deudor	rel:etymology	lat: debitor
spa: hierba	rel:etymology	spa: herba
spa: ahuehuete	rel:etymology	nci: ahuehuetl
spa: motivador	rel:etymology	spa: motivar
spa: impuramente	rel:etymology	spa: impuro
spa: Hefesto	rel:etymology	grc: Ἥφαιστος
spa: simultáneamente	rel:etymology	spa: simultáneo
spa: pitido	rel:etymology	spa: pito
spa: tecnocracia	rel:etymology	spa: -cracia
spa: salso	rel:etymology	lat: salsus
spa: pizco	rel:etymology	spa: pizcar
spa: flexión	rel:etymology	lat: flexio
spa: inmediatamente	rel:etymology	spa: inmediato
spa: tibio	rel:etymology	lat: tepidus
spa: visualmente	rel:etymology	spa: -mente
spa: pudín	rel:etymology	eng: pudding
spa: inicialmente	rel:etymology	spa: -mente
spa: aclamar	rel:etymology	lat: acclamare
spa: fronda	rel:etymology	lat: frons
spa: trentón	rel:etymology	spa: -ón
spa: Danubio	rel:etymology	lat: Danuvius
spa: vuestra	rel:etymology	lat: vostra
spa: sobre	rel:etymology	lat: super
spa: intrincar	rel:etymology	lat: intricare
spa: calilla	rel:etymology	spa: cala
spa: postergar	rel:etymology	lat: postergare
spa: neoclasicismo	rel:etymology	spa: neoclásico
spa: fotográficamente	rel:etymology	spa: fotográfico
spa: xerográficamente	rel:etymology	spa: -mente
spa: plétora	rel:etymology	lat: plethora
spa: morbosamente	rel:etymology	spa: morboso
spa: boxear	rel:etymology	eng: box
spa: hisopillo	rel:etymology	spa: hisopo
spa: agraciadamente	rel:etymology	spa: agraciado
spa: modista	rel:etymology	spa: -ista
spa: jabalín	rel:etymology	spa: jabalí
spa: rúnico	rel:etymology	spa: -ico
spa: mandioca	rel:etymology	tpw: manioka
spa: dispensar	rel:etymology	lat: dispensare
spa: zapar	rel:etymology	spa: sapa
spa: osamenta	rel:etymology	lat: ossa
spa: acocil	rel:etymology	nci: acocil
spa: sagacidad	rel:etymology	lat: sagacitas
spa: niebla	rel:etymology	lat: nebula
spa: aparear	rel:etymology	spa: parear
spa: miserablemente	rel:etymology	spa: miserable
spa: anticonstitucional	rel:etymology	spa: constitucional
spa: cardenalato	rel:etymology	spa: -ato
spa: trepador	rel:etymology	spa: trepar
spa: moderar	rel:etymology	lat: moderari
spa: paladear	rel:etymology	spa: paladar
spa: flexiblemente	rel:etymology	spa: -mente
spa: gusto	rel:etymology	lat: gustus
spa: democrático	rel:etymology	grc: δημοκρατικός
spa: Mercedes	rel:etymology	spa: mercedes
spa: zafiro	rel:etymology	lat: sapphirus
spa: rogar	rel:etymology	lat: rogare
spa: pediatría	rel:etymology	grc: παῖς
spa: jugabilidad	rel:etymology	spa: -idad
spa: seaborgio	rel:etymology	spa: Seaborg
spa: tantear	rel:etymology	spa: -ear
spa: fitohemaglutinina	rel:etymology	spa: hemaglutinina
spa: cocer	rel:etymology	lat: coquere
spa: terno	rel:etymology	lat: ternus
spa: guagua	rel:etymology	que: wawa
spa: medir	rel:etymology	lat: metiri
spa: ligero	rel:etymology	fra: léger
spa: mitómano	rel:etymology	fra: mythomane
spa: escrupulosamente	rel:etymology	spa: escrupulosa
spa: existencial	rel:etymology	spa: existencia
spa: típicamente	rel:etymology	spa: típica
spa: ebrio	rel:etymology	lat: ebrius
spa: antipútrido	rel:etymology	spa: pútrido
spa: salchicha	rel:etymology	ita: salciccia
spa: comúnmente	rel:etymology	spa: común
spa: rudamente	rel:etymology	spa: rudo
spa: ininterrumpidamente	rel:etymology	spa: -mente
spa: escritor	rel:etymology	lat: scriptor
spa: montonazo	rel:etymology	spa: -azo
spa: pudoroso	rel:etymology	lat: pudorosus
spa: esmoquin	rel:etymology	eng: smoking jacket
spa: cavilar	rel:etymology	lat: cavillare
spa: desfiladero	rel:etymology	spa: desfilar
spa: jubilación	rel:etymology	lat: iubilatio
spa: abolir	rel:etymology	lat: abolere
spa: probable	rel:etymology	lat: probabilis
spa: tecnocrático	rel:etymology	spa: -ico
spa: cordillera	rel:etymology	osp: cordilla
spa: muñequera	rel:etymology	spa: -era
spa: otorgamiento	rel:etymology	spa: otorgar
spa: fotógrafo	rel:etymology	spa: -grafo
spa: evolución	rel:etymology	lat: evolutio
spa: desnivel	rel:etymology	spa: nivel
spa: deceno	rel:etymology	lat: decenus
spa: cobre	rel:etymology	lat: cuprum
spa: natividad	rel:etymology	lat: nativitas
spa: ante-	rel:etymology	spa: ante-
spa: pedo	rel:etymology	lat: peditum
spa: rarísimo	rel:etymology	spa: -ísimo
spa: nuez	rel:etymology	lat: nuce
spa: deformidad	rel:etymology	lat: deformitas
spa: tianguis	rel:etymology	nci: tianquiztli
spa: bohrio	rel:etymology	spa: Bohr
spa: surgir	rel:etymology	lat: surgere
spa: escasamente	rel:etymology	spa: escaso
spa: narguile	rel:etymology	fra: narguilé
spa: recientemente	rel:etymology	spa: reciente
spa: ecología	rel:etymology	spa: eco-
spa: fresón	rel:etymology	spa: fresa
spa: lebrastillo	rel:etymology	spa: lebrasto
spa: creíble	rel:etymology	lat: credibilis
spa: corcho	rel:etymology	lat: cortex
spa: colchonero	rel:etymology	spa: colchón
spa: hawaiano	rel:etymology	spa: Hawái
spa: berkelio	rel:etymology	spa: -io
spa: pitonisa	rel:etymology	lat: pythonissa
spa: caballo	rel:etymology	lat: caballus
spa: juntamente	rel:etymology	spa: -mente
spa: bíceps	rel:etymology	lat: biceps
spa: transponer	rel:etymology	spa: trans-
spa: crema	rel:etymology	fra: crème
spa: antisocial	rel:etymology	spa: social
spa: contradecir	rel:etymology	lat: contradico
spa: fin	rel:etymology	lat: finis
spa: tortillita	rel:etymology	spa: tortilla
spa: agorar	rel:etymology	lat: augurare
spa: ocre	rel:etymology	fra: ocre
spa: desmarcar	rel:etymology	spa: des-
spa: tecnócrata	rel:etymology	spa: tecno-
spa: marbete	rel:etymology	xaa: مرباط
spa: escudo	rel:etymology	lat: scutum
spa: coloquialmente	rel:etymology	spa: -mente
spa: -ible	rel:etymology	lat: -ibilis
spa: blando	rel:etymology	lat: blandus
spa: ramo	rel:etymology	lat: ramus
spa: plastrón	rel:etymology	fra: plastron
spa: expedir	rel:etymology	lat: expedire
spa: chayote	rel:etymology	nci: chayohtli
spa: geografía	rel:etymology	lat: geographia
spa: económicamente	rel:etymology	spa: económica
spa: querella	rel:etymology	lat: querella
spa: rezar	rel:etymology	lat: recitare
spa: autorretrato	rel:etymology	spa: auto-
spa: carpintería	rel:etymology	spa: carpintero
spa: fructificar	rel:etymology	lat: fructificare
spa: higienista	rel:etymology	spa: -ista
spa: suntuosamente	rel:etymology	spa: -mente
spa: ejemplo	rel:etymology	lat: exemplum
spa: estoico	rel:etymology	lat: Stoicus
spa: enojo	rel:etymology	spa: enojar
spa: teogónico	rel:etymology	spa: -ico
spa: ecosistema	rel:etymology	spa: eco-
spa: chip	rel:etymology	eng: chip
spa: fortuitamente	rel:etymology	spa: -mente
spa: tinieblas	rel:etymology	lat: tenebrae
spa: juego	rel:etymology	lat: jocus
spa: sobreexplotar	rel:etymology	spa: sobre-
spa: ilegalmente	rel:etymology	spa: -mente
spa: largo	rel:etymology	lat: largus
spa: vibración	rel:etymology	lat: vibratio
spa: billar	rel:etymology	fra: billard
spa: otoñal	rel:etymology	spa: autumnalis
spa: abundosamente	rel:etymology	spa: abundoso
spa: pedagogía	rel:etymology	grc: παιδαγωγία
spa: druídico	rel:etymology	spa: druida
spa: remilgadamente	rel:etymology	spa: remilgado
spa: exclusivamente	rel:etymology	spa: -mente
spa: fehacientemente	rel:etymology	spa: -mente
spa: heno	rel:etymology	lat: faenum
spa: jugador	rel:etymology	spa: -dor
spa: albaricoque	rel:etymology	ara: برقوق
spa: segundariamente	rel:etymology	spa: -mente
spa: dolorosamente	rel:etymology	spa: -mente
spa: generar	rel:etymology	lat: generare
spa: servidumbre	rel:etymology	lat: servitudo
spa: menguar	rel:etymology	lat: minuere
spa: termita	rel:etymology	grc: θέρμη
spa: inciertamente	rel:etymology	spa: incierto
spa: -terapia	rel:etymology	grc: θεραπεία
spa: neuropatía	rel:etymology	spa: -patía
spa: jocosamente	rel:etymology	spa: -mente
spa: históricamente	rel:etymology	spa: -mente
spa: exclusivamente	rel:etymology	spa: exclusivo
spa: torpeza	rel:etymology	spa: torpe
spa: difícilmente	rel:etymology	spa: -mente
spa: gallipavo	rel:etymology	spa: pavo
spa: es	rel:etymology	lat: est
spa: callar	rel:etymology	lat: chalo
spa: piropo	rel:etymology	lat: pyropus
spa: spanglish	rel:etymology	spa: Spanglish
spa: patíbulo	rel:etymology	lat: patibulum
spa: escopeta	rel:etymology	ita: schioppetto
spa: tallar	rel:etymology	lat: taleare
spa: magno	rel:etymology	lat: magnus
spa: Octavio	rel:etymology	lat: Octavius
spa: cagón	rel:etymology	spa: -ón
spa: fraile	rel:etymology	oci: fraire
spa: Medusa	rel:etymology	grc: Μέδουσα
spa: Fulano	rel:etymology	ara: فلان
spa: giraffa	rel:etymology	ara: زرافة
spa: democratizar	rel:etymology	grc: δημοκρατίζειν
spa: resolver	rel:etymology	lat: resolvere
spa: aneldo	rel:etymology	lat: anethulus
spa: gigante	rel:etymology	lat: gigas
spa: azafate	rel:etymology	ara: سفط
spa: flemático	rel:etymology	lat: phlegmaticus
spa: fe	rel:etymology	lat: fides
spa: intimidación	rel:etymology	spa: -ción
spa: cigüeña	rel:etymology	lat: ciconia
spa: inferir	rel:etymology	lat: inferre
spa: pañalillo	rel:etymology	spa: pañal
spa: resinoso	rel:etymology	lat: resinosus
spa: olote	rel:etymology	nci: olotl
spa: lasaña	rel:etymology	ita: lasagna
spa: hallazgo	rel:etymology	spa: hallar
spa: lealmente	rel:etymology	spa: leal
spa: boludo	rel:etymology	spa: bola
spa: psicología	rel:etymology	lat: psychologia
spa: adyacente	rel:etymology	lat: adiacens
spa: histología	rel:etymology	spa: histo-
spa: hinchar	rel:etymology	lat: inflare
spa: egresar	rel:etymology	lat: egressus
spa: oda	rel:etymology	lat: oda
spa: esto	rel:etymology	lat: istud
spa: guillotinar	rel:etymology	spa: guillotina
spa: desclasificar	rel:etymology	spa: des-
spa: desalentarse	rel:etymology	spa: desalentar
spa: esmarfón	rel:etymology	eng: smartphone
spa: berilo	rel:etymology	lat: beryllus
spa: descomedir	rel:etymology	spa: des-
spa: marsupial	rel:etymology	lat: marsupialis
spa: realmente	rel:etymology	spa: -mente
spa: constitucionalismo	rel:etymology	spa: -ismo
spa: solver	rel:etymology	lat: solvere
spa: alfil	rel:etymology	ara: فيل
spa: martillo	rel:etymology	lat: martellus
spa: orejuela	rel:etymology	spa: -uela
spa: eros	rel:etymology	grc: ἔρως
spa: antro	rel:etymology	lat: antrum
spa: terrorífico	rel:etymology	spa: -ífico
spa: manguera	rel:etymology	spa: mango
spa: perfumería	rel:etymology	spa: -ería
spa: uretral	rel:etymology	spa: uretra
spa: luto	rel:etymology	lat: luctus
spa: sucesivamente	rel:etymology	spa: sucesiva
spa: gallina	rel:etymology	lat: gallina
spa: horeca	rel:etymology	spa: restaurante
spa: libra	rel:etymology	lat: libra
spa: lecho	rel:etymology	lat: lectus
spa: luego	rel:etymology	lat: loco
spa: coche	rel:etymology	hun: kocsi
spa: convexidad	rel:etymology	lat: convexitas
spa: tahúr	rel:etymology	ara: تكفور
spa: incienso	rel:etymology	lat: incensum
spa: marchitar	rel:etymology	spa: marchito
spa: mama	rel:etymology	lat: mamma
spa: megalomanía	rel:etymology	grc: μεγαλο-
spa: predador	rel:etymology	lat: praedator
spa: hincapié	rel:etymology	spa: hincar
spa: negrito	rel:etymology	spa: -ito
spa: ajedrez	rel:etymology	xaa: الشطرنج
spa: desahogar	rel:etymology	spa: des-
spa: deshidratación	rel:etymology	spa: deshidratar
spa: corro	rel:etymology	lat: currus
spa: sioux	rel:etymology	spa: Sioux
spa: estudio	rel:etymology	lat: studium
spa: heroicamente	rel:etymology	spa: -mente
spa: precisamente	rel:etymology	spa: preciso
spa: chéroqui	rel:etymology	spa: Cherokee
spa: parque	rel:etymology	fra: parc
spa: bendito	rel:etymology	lat: benedictus
spa: arrendajo	rel:etymology	spa: -ajo
spa: -ificar	rel:etymology	lat: -ificere
spa: cojo	rel:etymology	lat: coxus
spa: edecán	rel:etymology	fra: aide de camp
spa: retroactivamente	rel:etymology	spa: -mente
spa: indisputablemente	rel:etymology	spa: -mente
spa: quemar	rel:etymology	lat: cremare
spa: neptunio	rel:etymology	spa: -io
spa: brio	rel:etymology	pro: briu
spa: bibliográfico	rel:etymology	spa: bibliografía
spa: tundir	rel:etymology	lat: tondere
spa: maldecir	rel:etymology	lat: maledicere
spa: certidumbre	rel:etymology	lat: certitudo
spa: anglo-normando	rel:etymology	spa: normando
spa: sagazmente	rel:etymology	spa: sagaz
spa: rollito	rel:etymology	spa: rollo
spa: fácilmente	rel:etymology	spa: -mente
spa: engrasar	rel:etymology	spa: en-
spa: cisterna	rel:etymology	lat: cisterna
spa: locamente	rel:etymology	spa: loco
spa: alfabético	rel:etymology	spa: -ico
spa: desbaratar	rel:etymology	spa: des-
spa: milisegundo	rel:etymology	spa: segundo
spa: mañoso	rel:etymology	spa: maña
spa: bañista	rel:etymology	spa: -ista
spa: menor	rel:etymology	lat: minor
spa: rojo	rel:etymology	lat: russus
spa: lubricar	rel:etymology	lat: lubricare
spa: pedofilia	rel:etymology	grc: παῖς
spa: menta	rel:etymology	lat: menta
spa: negociador	rel:etymology	lat: negotiator
spa: España	rel:etymology	lat: Hispania
spa: junio	rel:etymology	lat: iunius
spa: desgraciadamente	rel:etymology	spa: -mente
spa: virtualmente	rel:etymology	spa: -mente
spa: perpetuamente	rel:etymology	spa: -mente
spa: pulcro	rel:etymology	lat: pulcher
spa: Tajo	rel:etymology	lat: Tagus
spa: yambo	rel:etymology	lat: iambus
spa: articular	rel:etymology	lat: articulare
spa: megalómano	rel:etymology	grc: μεγαλο-
spa: sesenta	rel:etymology	lat: sexaginta
spa: huipil	rel:etymology	nci: huipilli
spa: infinitamente	rel:etymology	spa: infinito
spa: peinar	rel:etymology	lat: pectinare
spa: Málaga	rel:etymology	ara: مالقة
spa: aire	rel:etymology	lat: aer
spa: plumón	rel:etymology	spa: -ón
spa: cavernícola	rel:etymology	spa: caverna
spa: balancín	rel:etymology	spa: balance
spa: ese	rel:etymology	lat: ipse
spa: cuásar	rel:etymology	lat: quasar
spa: químicamente	rel:etymology	spa: químico
spa: posición	rel:etymology	lat: positio
spa: llorón	rel:etymology	spa: lloró
spa: imparcialmente	rel:etymology	spa: imparcial
spa: caballero	rel:etymology	lat: caballarius
spa: almohadón	rel:etymology	spa: almohada
spa: guijarro	rel:etymology	spa: guija
spa: competición	rel:etymology	lat: competitio
spa: preciso	rel:etymology	lat: praecisus
spa: decena	rel:etymology	lat: decena
spa: romano	rel:etymology	lat: romanus
spa: ortodoncista	rel:etymology	spa: -ista
spa: venia	rel:etymology	lat: venia
spa: virilidad	rel:etymology	lat: virīlitās
spa: lentamente	rel:etymology	spa: lento
spa: yacer	rel:etymology	lat: iacere
spa: lentejuela	rel:etymology	spa: -uela
spa: mártir	rel:etymology	lat: martyr
spa: culturalmente	rel:etymology	spa: cultural
spa: Segovia	rel:etymology	lat: Segovia
spa: scandium	rel:etymology	lat: Scandia
spa: pacíficamente	rel:etymology	spa: pacífico
spa: llama	rel:etymology	que: llama
spa: torear	rel:etymology	spa: toro
spa: isomorfo	rel:etymology	spa: -morfo
spa: insano	rel:etymology	lat: sanus
spa: ayocote	rel:etymology	nah: ayocotl
spa: agrietar	rel:etymology	spa: -ar
spa: retribución	rel:etymology	spa: -ción
spa: indefinidamente	rel:etymology	spa: indefinido
spa: recuadrar	rel:etymology	lat: quadrare
spa: empeorar	rel:etymology	spa: peor
spa: solo	rel:etymology	lat: solum
spa: vacilación	rel:etymology	lat: vacillatio
spa: vezo	rel:etymology	lat: vitium
spa: diseñador	rel:etymology	spa: -ador
spa: perpendicularmente	rel:etymology	spa: -mente
spa: imposiblemente	rel:etymology	spa: imposible
spa: cabra	rel:etymology	lat: capra
spa: jubilosamente	rel:etymology	spa: -mente
spa: -zoo	rel:etymology	grc: ζῷον
spa: herrete	rel:etymology	spa: -ete
spa: textualmente	rel:etymology	spa: textual
spa: ardientemente	rel:etymology	spa: -mente
spa: subcultura	rel:etymology	spa: sub-
spa: horno	rel:etymology	osp: forno
spa: copa	rel:etymology	lat: cuppa
spa: -mento	rel:etymology	lat: -mentum
spa: bastión	rel:etymology	ita: bastione
spa: quirúrgicamente	rel:etymology	spa: quirúrgico
spa: piccione	rel:etymology	spa: pipio
spa: degeneración	rel:etymology	spa: degenerar
spa: piedad	rel:etymology	lat: pietas
spa: anochecer	rel:etymology	lat: noctescere
spa: urbe	rel:etymology	lat: urbs
spa: confiadamente	rel:etymology	spa: confiada
spa: tamborear	rel:etymology	spa: -ear
spa: fisiológicamente	rel:etymology	spa: fisiológico
spa: perjuicio	rel:etymology	lat: praeiudicium
spa: presencialmente	rel:etymology	spa: presencial
spa: einstenio	rel:etymology	spa: -io
spa: cabezota	rel:etymology	spa: -ota
spa: matrona	rel:etymology	lat: matrona
spa: rumboso	rel:etymology	spa: rumbo
spa: foca	rel:etymology	lat: phoca
spa: vuestro	rel:etymology	lat: voster
spa: equinoccio	rel:etymology	lat: aequinoctium
spa: amar	rel:etymology	lat: amare
spa: membrana	rel:etymology	lat: membrana
spa: abortar	rel:etymology	lat: abortare
spa: clavo	rel:etymology	lat: clavus
spa: potencia	rel:etymology	lat: potentia
spa: entrar	rel:etymology	lat: intrare
spa: secundar	rel:etymology	lat: secundus
spa: papacito	rel:etymology	spa: -cito
spa: son	rel:etymology	lat: sonus
spa: gotera	rel:etymology	spa: gota
spa: sacerdocio	rel:etymology	lat: sacerdotium
spa: similitud	rel:etymology	lat: similitudo
spa: imperfectamente	rel:etymology	spa: -mente
spa: siniestro	rel:etymology	lat: sinister
spa: candado	rel:etymology	lat: catenatus
spa: vela	rel:etymology	lat: vela
spa: mediocridad	rel:etymology	lat: mediocritas
spa: amable	rel:etymology	lat: amabilis
spa: inclinar	rel:etymology	lat: inclinare
spa: prudencialmente	rel:etymology	spa: prudencial
spa: derecho	rel:etymology	lat: directus
spa: detalladamente	rel:etymology	spa: -mente
spa: papel	rel:etymology	cat: paper
spa: amacollar	rel:etymology	spa: macolla
spa: antilógico	rel:etymology	spa: lógico
spa: alimentación	rel:etymology	spa: alimentar
spa: -eno	rel:etymology	lat: -enus
spa: abordador	rel:etymology	spa: abordar
spa: tranquilamente	rel:etymology	spa: tranquilo
spa: articular	rel:etymology	lat: articularis
spa: soportable	rel:etymology	spa: -able
spa: interjección	rel:etymology	lat: interiectio
spa: quizás	rel:etymology	spa: quizá
spa: Remedios	rel:etymology	spa: remedios
spa: clientela	rel:etymology	lat: clientela
spa: brujulear	rel:etymology	spa: -ear
spa: atestar	rel:etymology	lat: attestari
spa: rabo	rel:etymology	lat: rapum
spa: autótrofo	rel:etymology	spa: -trofo
spa: desconcertante	rel:etymology	spa: desconcertar
spa: bolsa	rel:etymology	lat: bursa
spa: arboricultura	rel:etymology	spa: arbori-
spa: milpa	rel:etymology	nci: milpan
spa: roto	rel:etymology	spa: rotar
spa: Partia	rel:etymology	lat: Parthia
spa: pelo	rel:etymology	lat: pilus
spa: cardiograma	rel:etymology	spa: cardio-
spa: mercadillo	rel:etymology	spa: -illo
spa: turquí	rel:etymology	ara: تركي
spa: inmaduro	rel:etymology	spa: in-
spa: ayudar	rel:etymology	lat: adiutare
spa: efigie	rel:etymology	lat: effigies
spa: carnal	rel:etymology	lat: carnalis
spa: adelfa	rel:etymology	ara: دفلى
spa: pastelito	rel:etymology	spa: -ito
spa: simétricamente	rel:etymology	spa: simétrico
spa: cardiológico	rel:etymology	spa: cardio-
spa: quetzal	rel:etymology	nci: quetzalli
spa: aceite	rel:etymology	ara: زيت
spa: ajenjo	rel:etymology	lat: absinthium
spa: acelga	rel:etymology	ara: السلقة
spa: heredero	rel:etymology	lat: hereditarius
spa: ea	rel:etymology	lat: eia
spa: sismológico	rel:etymology	spa: -lógico
spa: análogamente	rel:etymology	spa: -mente
spa: nuevamente	rel:etymology	spa: nuevo
spa: generalmente	rel:etymology	spa: general
spa: frutería	rel:etymology	spa: -ería
spa: insinuar	rel:etymology	lat: insinuare
spa: chingón	rel:etymology	spa: chingar
spa: cabezazo	rel:etymology	spa: cabeza
spa: bordo	rel:etymology	spa: borde
spa: baro-	rel:etymology	grc: βάρος
spa: degeneración	rel:etymology	spa: -ción
spa: cuento	rel:etymology	lat: computus
spa: -ear	rel:etymology	lat: -idiare
spa: bulto	rel:etymology	lat: vultus
spa: cuarterón	rel:etymology	spa: -ón
spa: mensualmente	rel:etymology	spa: -mente
spa: talón	rel:etymology	lat: talo
spa: viñedo	rel:etymology	lat: vinetum
spa: secta	rel:etymology	lat: sect
spa: allá	rel:etymology	lat: illac
spa: livor	rel:etymology	lat: livor
spa: noveno	rel:etymology	lat: novenus
spa: novillo	rel:etymology	lat: novellus
spa: reflexivamente	rel:etymology	spa: -mente
spa: ansiedad	rel:etymology	lat: anxietas
spa: soberbia	rel:etymology	lat: superbia
spa: fundar	rel:etymology	lat: fundare
spa: heroicamente	rel:etymology	spa: heroico
spa: detención	rel:etymology	spa: -ción
spa: hinduista	rel:etymology	spa: -ista
spa: maléfico	rel:etymology	lat: maleficus
spa: chao	rel:etymology	spa: ciao
spa: caso	rel:etymology	spa: casar
spa: androginia	rel:etymology	spa: andrógino
spa: conspirador	rel:etymology	spa: -dor
spa: vigilantemente	rel:etymology	spa: -mente
spa: -forme	rel:etymology	lat: -formis
spa: doctrina	rel:etymology	lat: doctrina
spa: exactamente	rel:etymology	spa: exacto
spa: denotar	rel:etymology	lat: denotare
spa: reusar	rel:etymology	spa: usar
spa: numerar	rel:etymology	lat: numerare
spa: implícitamente	rel:etymology	spa: implícito
spa: claxon	rel:etymology	spa: klaxon
spa: tifón	rel:etymology	ara: طوفان
spa: ruindad	rel:etymology	spa: ruin
spa: aristofanesco	rel:etymology	spa: Aristófanes
spa: espinal	rel:etymology	lat: spīnālis
spa: animadamente	rel:etymology	spa: animado
spa: verter	rel:etymology	lat: vertere
spa: escuincle	rel:etymology	nci: itzcuintli
spa: tejar	rel:etymology	spa: teja
spa: cacaotero	rel:etymology	spa: -ero
spa: revestimiento	rel:etymology	spa: -miento
spa: fitomedicina	rel:etymology	spa: medicina
spa: desarrollar	rel:etymology	spa: des-
spa: teogonía	rel:etymology	grc: θεογονία
spa: malvadamente	rel:etymology	spa: malvado
spa: pavoroso	rel:etymology	spa: -oso
spa: cítara	rel:etymology	spa: cithara
spa: pastelería	rel:etymology	spa: -ería
spa: útilmente	rel:etymology	spa: útil
spa: té	rel:etymology	nld: thee
spa: antemural	rel:etymology	spa: mural
spa: octagonal	rel:etymology	spa: octágono
spa: rueda	rel:etymology	lat: rota
spa: postrar	rel:etymology	lat: prostrare
spa: instantáneamente	rel:etymology	spa: -mente
spa: epigénesis	rel:etymology	spa: epi-
spa: sanear	rel:etymology	spa: sano
spa: hermanito	rel:etymology	spa: -ito
spa: sportinguista	rel:etymology	spa: Sporting
spa: científicamente	rel:etymology	spa: -mente
spa: esfínter	rel:etymology	lat: sphincter
spa: grafomanía	rel:etymology	spa: -manía
spa: lamentar	rel:etymology	lat: lamentare
spa: correctamente	rel:etymology	spa: -mente
spa: gaseoso	rel:etymology	spa: -oso
spa: pauta	rel:etymology	lat: pacta
spa: sino	rel:etymology	lat: sino-
spa: leño	rel:etymology	lat: lignum
spa: deontológico	rel:etymology	spa: deontología
spa: jirón	rel:etymology	fra: giron
spa: mamasanta	rel:etymology	spa: santa
spa: difunto	rel:etymology	lat: defunctus
spa: papada	rel:etymology	spa: papo
spa: fogosidad	rel:etymology	spa: fogoso
spa: ardid	rel:etymology	spa: ardido
spa: anticristo	rel:etymology	lat: Antichristus
spa: socavar	rel:etymology	spa: cavar
spa: cultivar	rel:etymology	lat: cultivare
spa: cervecería	rel:etymology	spa: -ería
spa: yermo	rel:etymology	lat: eremus
spa: pornografía	rel:etymology	spa: -ía
spa: hisopo	rel:etymology	lat: hysopum
spa: sintáctico	rel:etymology	grc: συντακτικός
spa: biodegradable	rel:etymology	spa: degradable
spa: pescador	rel:etymology	lat: piscator
spa: anagramático	rel:etymology	spa: anagrama
spa: coca	rel:etymology	que: kuka
spa: doloroso	rel:etymology	lat: dolorosus
spa: venganza	rel:etymology	spa: -anza
spa: sintaxis	rel:etymology	lat: syntaxis
spa: enigmáticamente	rel:etymology	spa: -mente
spa: tristemente	rel:etymology	spa: -mente
spa: tesorero	rel:etymology	spa: thesaurarius
spa: sutura	rel:etymology	lat: sutura
spa: teocinte	rel:etymology	nci: teocintli
spa: cubanito	rel:etymology	spa: -ito
spa: jubilar	rel:etymology	lat: iubilare
spa: Martín	rel:etymology	lat: Martinus
spa: gallinero	rel:etymology	lat: gallinarius
spa: nazismo	rel:etymology	spa: nazi
spa: admitir	rel:etymology	lat: admittere
spa: desembarcar	rel:etymology	spa: embarcar
spa: privar	rel:etymology	lat: privare
spa: pampa	rel:etymology	que: pampa
spa: idóneo	rel:etymology	lat: idoneus
spa: re-	rel:etymology	lat: re-
spa: descalzar	rel:etymology	lat: discalceare
spa: cirio	rel:etymology	lat: cereus
spa: milagrosamente	rel:etymology	spa: -mente
spa: overol	rel:etymology	eng: overall
spa: meter	rel:etymology	lat: mittere
spa: xerografiar	rel:etymology	spa: -ar
spa: baldar	rel:etymology	ara: باطل
spa: escabullimiento	rel:etymology	spa: escabullir
spa: coluro	rel:etymology	lat: colurus
spa: creer	rel:etymology	lat: credere
spa: golfo	rel:etymology	lat: colfus
spa: maleza	rel:etymology	lat: malitia
spa: prudencialmente	rel:etymology	spa: -mente
spa: paralelogramo	rel:etymology	lat: parallelogrammum
spa: animalmente	rel:etymology	spa: -mente
spa: lamero	rel:etymology	spa: -ero
spa: cocainómano	rel:etymology	spa: -mano
spa: auriga	rel:etymology	lat: auriga
spa: coipú	rel:etymology	arn: koypu
spa: oolítico	rel:etymology	spa: oolito
spa: pastelillo	rel:etymology	spa: pastel
spa: enema	rel:etymology	lat: enema
spa: incensar	rel:etymology	spa: -ar
spa: aldehídico	rel:etymology	spa: aldehído
spa: lluvia	rel:etymology	lat: pluvia
spa: suave	rel:etymology	lat: suavis
spa: costosamente	rel:etymology	spa: -mente
spa: berilio	rel:etymology	spa: -io
spa: brócoli	rel:etymology	ita: broccoli
spa: calcáreo	rel:etymology	lat: calcarius
spa: prisma	rel:etymology	lat: prisma
spa: fanfarrón	rel:etymology	ara: فرفار
spa: flojo	rel:etymology	lat: fluxus
spa: purgar	rel:etymology	lat: purgare
spa: biológico	rel:etymology	spa: bio-
spa: religiosamente	rel:etymology	spa: religioso
spa: telefónicamente	rel:etymology	spa: -mente
spa: finalmente	rel:etymology	spa: -mente
spa: cascote	rel:etymology	spa: -ote
spa: varsoviano	rel:etymology	spa: Varsovia
spa: anteponer	rel:etymology	lat: anteponere
spa: despótico	rel:etymology	spa: -ico
spa: estiramiento	rel:etymology	spa: estirar
spa: neurocirujano	rel:etymology	spa: cirujano
spa: mujerona	rel:etymology	spa: mujer
spa: portar	rel:etymology	lat: portare
spa: ganosamente	rel:etymology	spa: -mente
spa: evocar	rel:etymology	lat: evocare
spa: ocasionalmente	rel:etymology	spa: ocasional
spa: vaca	rel:etymology	lat: vacca
spa: hazmerreír	rel:etymology	spa: hazme
spa: amotinar	rel:etymology	fra: mutiner
spa: israelí	rel:etymology	spa: -í
spa: macerar	rel:etymology	lat: macero
spa: cero	rel:etymology	ita: zero
spa: mirón	rel:etymology	spa: mirar
spa: abismalmente	rel:etymology	spa: -mente
spa: patológicamente	rel:etymology	spa: -mente
spa: temáticamente	rel:etymology	spa: temático
spa: usualmente	rel:etymology	spa: -mente
spa: incensario	rel:etymology	spa: incienso
spa: telepatía	rel:etymology	spa: tele-
spa: bibliofilia	rel:etymology	spa: biblio-
spa: expresamente	rel:etymology	spa: -mente
spa: durar	rel:etymology	lat: durare
spa: apelar	rel:etymology	lat: appellare
spa: contener	rel:etymology	lat: continere
spa: abruptamente	rel:etymology	spa: -mente
spa: saltar	rel:etymology	ron: saltare
spa: lacrimoso	rel:etymology	lat: lacrimosus
spa: emulsión	rel:etymology	lat: emulsio
spa: azote	rel:etymology	ara: السوط
spa: matemáticamente	rel:etymology	spa: -mente
spa: pelear	rel:etymology	spa: pelo
spa: guanaco	rel:etymology	que: wanaku
spa: arrasamiento	rel:etymology	spa: arrasar
spa: habitualmente	rel:etymology	spa: -mente
spa: lumbrera	rel:etymology	lat: luminaria
spa: hispano-portugués	rel:etymology	spa: hispano-
spa: amenazar	rel:etymology	spa: amenaza
spa: rollo	rel:etymology	lat: rotulus
spa: druidismo	rel:etymology	spa: -ismo
spa: aproximadamente	rel:etymology	spa: -mente
spa: tronco	rel:etymology	lat: truncus
spa: deglutir	rel:etymology	lat: deglutire
spa: mecánicamente	rel:etymology	spa: mecánico
spa: repentino	rel:etymology	lat: repentinus
spa: monografía	rel:etymology	spa: mono-
spa: ca	rel:etymology	spa: quia
spa: piorrea	rel:etymology	grc: πυόρροια
spa: propenso	rel:etymology	lat: propensus
spa: sediciosamente	rel:etymology	spa: sedicioso
spa: psicodelia	rel:etymology	eng: psychedelia
spa: hidrológico	rel:etymology	spa: hidrología
spa: reusar	rel:etymology	spa: re-
spa: boludez	rel:etymology	spa: -ez
spa: motivador	rel:etymology	spa: -dor
spa: cladograma	rel:etymology	spa: clado-
spa: evitación	rel:etymology	lat: evitatio
spa: cojón	rel:etymology	lat: coleone
spa: microeconomía	rel:etymology	spa: micro-
spa: anteproyecto	rel:etymology	spa: ante-
spa: pereza	rel:etymology	lat: pigritia
spa: imposible	rel:etymology	lat: impossibilis
spa: ganar	rel:etymology	got: 𐌲𐌰𐌽𐌰𐌽
spa: posiblemente	rel:etymology	spa: -mente
spa: dañar	rel:etymology	lat: damnare
spa: vocalmente	rel:etymology	spa: vocal
spa: rinoplastia	rel:etymology	spa: rino-
spa: embeber	rel:etymology	lat: imbibere
spa: apanar	rel:etymology	spa: a-
spa: clon	rel:etymology	eng: clown
spa: ocupación	rel:etymology	lat: occupatio
spa: reelegir	rel:etymology	spa: elegir
spa: sí	rel:etymology	lat: sic
spa: ciprés	rel:etymology	oci: cipres
spa: fitogeografía	rel:etymology	spa: geografía
spa: accesibilidad	rel:etymology	spa: -idad
spa: ellas	rel:etymology	lat: illas
spa: miga	rel:etymology	lat: mica
spa: antropónimo	rel:etymology	spa: antropo-
spa: irregularmente	rel:etymology	spa: -mente
spa: farmacéuticamente	rel:etymology	spa: farmacéutico
spa: inmunidad	rel:etymology	lat: immunitas
spa: quinceaños	rel:etymology	spa: quince
spa: ranchería	rel:etymology	spa: rancho
spa: extramatrimonial	rel:etymology	spa: matrimonial
spa: amígdala	rel:etymology	lat: amygdalum
spa: frondosidad	rel:etymology	spa: frondoso
spa: zapatería	rel:etymology	spa: zapato
spa: armazón	rel:etymology	lat: armatio
spa: mayéutico	rel:etymology	grc: μαιευτικός
spa: legumbre	rel:etymology	lat: legumen
spa: tianguero	rel:etymology	spa: -ero
spa: gráficamente	rel:etymology	spa: gráfico
spa: whiskería	rel:etymology	spa: whisky
spa: venganza	rel:etymology	spa: vengar
spa: antesala	rel:etymology	spa: ante-
spa: pronunciador	rel:etymology	spa: -ador
spa: ácaro	rel:etymology	lat: acarus
spa: griego	rel:etymology	lat: graecus
spa: locamente	rel:etymology	spa: -mente
spa: esponjosamente	rel:etymology	spa: -mente
spa: vivito y coleando	rel:etymology	spa: vivito
spa: esculpir	rel:etymology	lat: sculpere
spa: cardíaco	rel:etymology	lat: cardiacus
spa: acequia	rel:etymology	ara: ساقية
spa: castigar	rel:etymology	lat: castigare
spa: sismógrafo	rel:etymology	spa: -grafo
spa: donación	rel:etymology	lat: donatio
spa: bajar	rel:etymology	spa: bajo
spa: aristotélico	rel:etymology	spa: -ico
spa: crio-	rel:etymology	grc: κρύος
spa: piso	rel:etymology	spa: pisar
spa: arañita	rel:etymology	spa: -ita
spa: onza	rel:etymology	lat: uncia
spa: descansar	rel:etymology	spa: cansar
spa: juntamente	rel:etymology	spa: junto
spa: sacamantecas	rel:etymology	spa: manteca
spa: allí	rel:etymology	lat: illic
spa: gorgotear	rel:etymology	spa: gorgor
spa: electricidad	rel:etymology	spa: eléctrico
spa: castañero	rel:etymology	spa: -ero
spa: rugir	rel:etymology	lat: rugire
spa: razón	rel:etymology	lat: ratio
spa: crío	rel:etymology	spa: criar
spa: dialectismo	rel:etymology	spa: dialecto
spa: comprender	rel:etymology	lat: comprendere
spa: epigrama	rel:etymology	spa: epigramma
spa: fanfarronear	rel:etymology	spa: fanfarrón
spa: atenazar	rel:etymology	spa: tenaza
spa: pentagonal	rel:etymology	spa: pentágono
spa: ambiguo	rel:etymology	lat: ambiguus
spa: cara	rel:etymology	lat: cara
spa: puentismo	rel:etymology	spa: -ismo
spa: militar	rel:etymology	lat: militaris
spa: ideograma	rel:etymology	spa: -grama
spa: desmarcar	rel:etymology	spa: marcar
spa: asustar	rel:etymology	lat: suscitare
spa: catapulta	rel:etymology	lat: catapulta
spa: zeugmático	rel:etymology	spa: -ico
spa: sedes	rel:etymology	lat: sitis
spa: instintivo	rel:etymology	spa: instinto
spa: genealogía	rel:etymology	lat: genealogia
spa: violinista	rel:etymology	spa: violín
spa: ciclón	rel:etymology	grc: κυκλῶν
spa: pésimo	rel:etymology	lat: pessimus
spa: excesivamente	rel:etymology	spa: -mente
spa: cadavérico	rel:etymology	spa: -ico
spa: este	rel:etymology	fra: est
spa: concebible	rel:etymology	spa: -ible
spa: clorofila	rel:etymology	fra: chlorophyll
spa: ungir	rel:etymology	lat: ungere
spa: bullir	rel:etymology	lat: bullire
spa: geoda	rel:etymology	lat: geodes
spa: suavemente	rel:etymology	spa: suave
spa: oralmente	rel:etymology	spa: -mente
spa: prematuramente	rel:etymology	spa: prematuro
spa: catalizador	rel:etymology	spa: catalizar
spa: sí	rel:etymology	lat: sibi
spa: haz	rel:etymology	lat: facies
spa: accidentalmente	rel:etymology	spa: accidental
spa: copal	rel:etymology	nci: copalli
spa: titanio	rel:etymology	spa: Titán
spa: corral	rel:etymology	lat: curralis
spa: ignominiosamente	rel:etymology	spa: -mente
spa: mustiamente	rel:etymology	spa: mustio
spa: epigénesis	rel:etymology	spa: -génesis
spa: administrador	rel:etymology	lat: administrator
spa: miembro	rel:etymology	lat: membrum
spa: telefónicamente	rel:etymology	spa: telefónico
spa: bocado	rel:etymology	spa: boca
spa: abollar	rel:etymology	lat: bulla
spa: silo	rel:etymology	lat: sirum
spa: ver	rel:etymology	lat: videre
spa: inadecuado	rel:etymology	spa: in-
spa: requetebién	rel:etymology	spa: bien
spa: uñeta	rel:etymology	spa: uña
spa: metódicamente	rel:etymology	spa: -mente
spa: cuchillo	rel:etymology	lat: cultellus
spa: ruidosamente	rel:etymology	spa: -mente
spa: tres	rel:etymology	lat: tres
spa: razonablemente	rel:etymology	spa: -mente
spa: estrella	rel:etymology	lat: stella
spa: morbosamente	rel:etymology	spa: -mente
spa: políticamente	rel:etymology	spa: -mente
spa: pepenar	rel:etymology	nci: pehpena
spa: islámico	rel:etymology	spa: -ico
spa: mijo	rel:etymology	lat: milium
spa: menopausia	rel:etymology	spa: menopausis
spa: extraordinariamente	rel:etymology	spa: extraordinario
spa: sideral	rel:etymology	nci: sideralis
spa: Dioniso	rel:etymology	lat: Dionysus
spa: sésamo	rel:etymology	lat: sesamum
spa: rápidamente	rel:etymology	spa: rápido
spa: karaoke	rel:etymology	eng: karaoke
spa: dolorosamente	rel:etymology	spa: doloroso
spa: sisar	rel:etymology	spa: sisa
spa: antropogonía	rel:etymology	spa: antropo-
spa: topacio	rel:etymology	spa: topazius
spa: bollo	rel:etymology	lat: bulla
spa: dialectismo	rel:etymology	spa: -ismo
spa: severamente	rel:etymology	spa: -mente
spa: traqueal	rel:etymology	spa: -al
spa: lámina	rel:etymology	lat: lamina
spa: vieira	rel:etymology	glg: vieira
spa: ambidiestro	rel:etymology	lat: ambidexter
spa: olor	rel:etymology	lat: odor
spa: efectivamente	rel:etymology	spa: -mente
spa: vinoteca	rel:etymology	spa: vino
spa: diagonalmente	rel:etymology	spa: -mente
spa: almuerzo	rel:etymology	lat: admorsus
spa: carrera	rel:etymology	lat: carraria
spa: tragasables	rel:etymology	spa: traga
spa: degustar	rel:etymology	lat: degustare
spa: ouest	rel:etymology	spa: west
spa: azúcar	rel:etymology	ara: سكر
spa: gestionar	rel:etymology	spa: gestión
spa: cárcel	rel:etymology	lat: carcer
spa: chayotera	rel:etymology	spa: -era
spa: cerveza	rel:etymology	lat: cervesia
spa: pesebre	rel:etymology	lat: praesepe
spa: reflejo	rel:etymology	lat: reflexus
spa: compilar	rel:etymology	lat: compilare
spa: titanio	rel:etymology	spa: -io
spa: soneto	rel:etymology	ita: sonetto
spa: tianguista	rel:etymology	spa: -ista
spa: tolerar	rel:etymology	lat: tolerare
spa: eficientemente	rel:etymology	spa: -mente
spa: verbo	rel:etymology	lat: verbum
spa: yapar	rel:etymology	que: yapay
spa: infinidad	rel:etymology	lat: infinitas
spa: válvula	rel:etymology	spa: valvula
spa: asfixia	rel:etymology	lat: asphyxia
spa: cabestro	rel:etymology	lat: capistrum
spa: catequesis	rel:etymology	lat: catechesis
spa: confortablemente	rel:etymology	spa: confortable
spa: hipnotizador	rel:etymology	spa: hipnotizar
spa: enyegüecer	rel:etymology	spa: -cer
spa: irregularmente	rel:etymology	spa: irregular
spa: muela	rel:etymology	lat: mola
spa: intimidad	rel:etymology	lat: intimitas
spa: cithara	rel:etymology	grc: κιθάρα
spa: cacle	rel:etymology	nci: cactli
spa: español	rel:etymology	oci: espaignol
spa: variar	rel:etymology	lat: variare
spa: gaseoso	rel:etymology	spa: gas
spa: preferiblemente	rel:etymology	spa: -mente
spa: macroeconomía	rel:etymology	spa: economía
spa: desdeñosamente	rel:etymology	spa: -mente
spa: veleidad	rel:etymology	fra: velléité
spa: lucífero	rel:etymology	lat: lucifer
spa: chantaje	rel:etymology	fra: chantage
spa: huerto	rel:etymology	lat: hortus
spa: obligado	rel:etymology	lat: obligātus
spa: comulgar	rel:etymology	lat: communicare
spa: mancomún	rel:etymology	spa: man
spa: legitimidad	rel:etymology	spa: -idad
spa: económicamente	rel:etymology	spa: -mente
spa: ortopedista	rel:etymology	spa: ortopedia
spa: choricito	rel:etymology	spa: chorizo
spa: prefabricación	rel:etymology	spa: fabricación
spa: recapitulación	rel:etymology	spa: -ción
spa: airar	rel:etymology	spa: ira
spa: maqueta	rel:etymology	spa: macchietta
spa: biográfico	rel:etymology	spa: -ico
spa: socráticamente	rel:etymology	spa: socrático
spa: hielo	rel:etymology	lat: gelū
spa: hispano-portugués	rel:etymology	spa: portugués
spa: víspera	rel:etymology	lat: vespera
spa: futbol	rel:etymology	eng: football
spa: coraje	rel:etymology	fro: corage
spa: catorce	rel:etymology	lat: quattuordecim
spa: económico	rel:etymology	lat: oeconomicus
spa: bollo	rel:etymology	lat: bulla
spa: capítulo	rel:etymology	lat: capitulum
spa: salamandra	rel:etymology	lat: salamandra
spa: sufijo	rel:etymology	lat: suffixus
spa: ignominiosamente	rel:etymology	spa: ignominioso
spa: mercadillo	rel:etymology	spa: mercado
spa: exquisitamente	rel:etymology	spa: exquisito
spa: valientemente	rel:etymology	spa: valiente
spa: chimpancé	rel:etymology	fra: chimpanzé
spa: paleta	rel:etymology	spa: -eta
spa: litote	rel:etymology	fra: litote
spa: accidentariamente	rel:etymology	spa: accidentario
spa: osario	rel:etymology	lat: ossarium
spa: pozole	rel:etymology	nci: pozolli
spa: -metría	rel:etymology	grc: -μετρία
spa: tlazol	rel:etymology	nci: tlahzolli
spa: quinaquina	rel:etymology	Quechua (İnka) dilinde: kina
spa: orográfico	rel:etymology	spa: orografía
spa: rubio	rel:etymology	lat: rubeus
spa: nefasto	rel:etymology	lat: nefastus
spa: siglo	rel:etymology	lat: saeculum
spa: ordinario	rel:etymology	lat: ordinarius
spa: contraatacar	rel:etymology	spa: atacar
spa: chingue	rel:etymology	arn: chinge
spa: preguntita	rel:etymology	spa: -ita
spa: cálcico	rel:etymology	spa: calcio
spa: antitóxico	rel:etymology	spa: anti-
spa: tianguista	rel:etymology	spa: tianguis
spa: zarcillo	rel:etymology	lat: circellus
spa: lúbrico	rel:etymology	lat: lubricus
spa: avispa	rel:etymology	lat: vespa
spa: he	rel:etymology	lat: habeo
spa: conminar	rel:etymology	lat: comminari
spa: protogermánico	rel:etymology	spa: proto-
spa: -ecillo	rel:etymology	spa: -illo
spa: madurar	rel:etymology	lat: maturare
spa: llamear	rel:etymology	spa: llama
spa: compromiso	rel:etymology	lat: compromissum
spa: extremamente	rel:etymology	spa: extremo
spa: güija	rel:etymology	eng: Ouija
spa: ahorrar	rel:etymology	spa: horro
spa: llantén	rel:etymology	lat: plantago
spa: cuyo	rel:etymology	lat: cuius
spa: bagaje	rel:etymology	ara: būḳca
spa: cicatriz	rel:etymology	lat: cicatrix
spa: escala	rel:etymology	lat: scala
spa: pan-	rel:etymology	grc: πᾶν
spa: antecapilla	rel:etymology	spa: capilla
spa: enjutar	rel:etymology	spa: enjuto
spa: apático	rel:etymology	spa: apatía
spa: imperfección	rel:etymology	lat: imperfectio
spa: teleconferencia	rel:etymology	spa: tele-
spa: anormalmente	rel:etymology	spa: -mente
spa: agilidad	rel:etymology	lat: agilitas
spa: tajar	rel:etymology	lat: taliare
spa: furtivamente	rel:etymology	spa: -mente
spa: corno	rel:etymology	lat: cornu
spa: convulsión	rel:etymology	lat: convulsio
spa: nazismo	rel:etymology	spa: -ismo
spa: coloquio	rel:etymology	lat: colloquium
spa: relampaguear	rel:etymology	spa: relámpago
spa: favor	rel:etymology	lat: favor
spa: otorrinolaringólogo	rel:etymology	grc: οὖς
spa: cinta	rel:etymology	lat: cincta
spa: ladrón	rel:etymology	lat: latro
spa: enfriar	rel:etymology	lat: infrigidare
spa: tapersex	rel:etymology	eng: Tupperware
spa: anclaje	rel:etymology	spa: ancla
spa: abrochar	rel:etymology	spa: broche
spa: doce	rel:etymology	lat: duodecim
spa: pacientemente	rel:etymology	spa: paciente
spa: marear	rel:etymology	spa: mar
spa: anquilosis	rel:etymology	grc: ἀγκύλωσις
spa: arzobispado	rel:etymology	spa: -ado
spa: ave	rel:etymology	lat: avis
spa: nacer	rel:etymology	lat: nasci
spa: asintótico	rel:etymology	spa: asíntota
spa: tendedero	rel:etymology	spa: -dero
spa: grandílocuo	rel:etymology	lat: grandiloquus
spa: accesoriamente	rel:etymology	spa: accesorio
spa: geriátrico	rel:etymology	spa: -ico
spa: farolear	rel:etymology	spa: farol
spa: aspro	rel:etymology	ell: ἄσπρον
spa: progresivamente	rel:etymology	spa: -mente
spa: problema	rel:etymology	lat: problema
spa: piragüismo	rel:etymology	spa: piragua
spa: levantista	rel:etymology	spa: Levante
spa: archivo	rel:etymology	lat: archivum
spa: insípidamente	rel:etymology	spa: -mente
spa: chinampero	rel:etymology	spa: chinampa
spa: detentar	rel:etymology	lat: detentare
spa: telepáticamente	rel:etymology	spa: -mente
spa: profeta	rel:etymology	lat: propheta
spa: teórico	rel:etymology	spa: -ico
spa: escaldar	rel:etymology	lat: excaldāre
spa: rey	rel:etymology	lat: rex
spa: fregar	rel:etymology	lat: fricare
spa: pleonasmo	rel:etymology	lat: pleonasmus
spa: breve	rel:etymology	lat: brevis
spa: día	rel:etymology	lat: dies
spa: panza	rel:etymology	lat: pantex
spa: fitoquímico	rel:etymology	spa: fito-
spa: zacatero	rel:etymology	spa: -ero
spa: trinchera	rel:etymology	ita: trincera
spa: trucar	rel:etymology	spa: truco
spa: diario	rel:etymology	spa: -ario
spa: hombrecillo	rel:etymology	spa: -cillo
spa: vellón	rel:etymology	lat: vellus
spa: longevidad	rel:etymology	lat: longaevitas
spa: arsénico	rel:etymology	lat: arsenicum
spa: emulsionar	rel:etymology	spa: emulsión
spa: vertical	rel:etymology	lat: verticalis
spa: cálcico	rel:etymology	spa: -ico
spa: loba	rel:etymology	lat: lupa
spa: campaña	rel:etymology	lat: campania
spa: -cillo	rel:etymology	spa: -illo
spa: me	rel:etymology	lat: me
spa: Hernández	rel:etymology	spa: Hernando
spa: laurel	rel:etymology	fro: laurier
spa: crujiente	rel:etymology	spa: crujir
spa: pasta	rel:etymology	lat: pasta
spa: gallardamente	rel:etymology	spa: -mente
spa: arboriforme	rel:etymology	spa: -forme
spa: acción	rel:etymology	lat: actio
spa: beneficiar	rel:etymology	spa: beneficio
spa: neuropsiquiatría	rel:etymology	spa: psiquiatría
spa: estiramiento	rel:etymology	spa: -miento
spa: galletina	rel:etymology	spa: galleta
spa: jabonoso	rel:etymology	spa: -oso
spa: tipológico	rel:etymology	spa: tipo
spa: derechos humanos	rel:etymology	spa: humanos
spa: serigráfico	rel:etymology	spa: -ico
spa: guitarrero	rel:etymology	spa: guitarra
spa: ávido	rel:etymology	lat: avidus
spa: gay	rel:etymology	spa: gay
spa: antisocial	rel:etymology	spa: anti-
spa: mufla	rel:etymology	fra: moufle
spa: matacandelas	rel:etymology	spa: candelas
spa: español	rel:etymology	spa: España
spa: pelleja	rel:etymology	spa: pellicula
spa: fantasía	rel:etymology	lat: phantasia
spa: musa	rel:etymology	lat: musa
spa: mecánicamente	rel:etymology	spa: -mente
spa: patéticamente	rel:etymology	spa: -mente
spa: -manía	rel:etymology	lat: mania
spa: look	rel:etymology	eng: look
spa: -tomo	rel:etymology	grc: -τομον
spa: angioma	rel:etymology	spa: -oma
spa: postreramente	rel:etymology	spa: postrero
spa: jota	rel:etymology	lat: iota
spa: frutería	rel:etymology	spa: fruta
spa: zopilote	rel:etymology	nah: tzopilotl
spa: cuño	rel:etymology	lat: cuneus
spa: mocoso	rel:etymology	spa: moco
spa: fiebre	rel:etymology	lat: febris
spa: malo	rel:etymology	lat: malus
spa: giboso	rel:etymology	lat: gibbosus
spa: absurdamente	rel:etymology	spa: -mente
spa: gordo	rel:etymology	lat: gurdus
spa: patético	rel:etymology	lat: patheticus
spa: retama	rel:etymology	ara: رتم
spa: tórtola	rel:etymology	lat: turtur
spa: histeria	rel:etymology	fra: hystérie
spa: ilegalmente	rel:etymology	spa: ilegal
spa: carbón	rel:etymology	lat: carbone
spa: Purificación	rel:etymology	spa: purificación
spa: sandiar	rel:etymology	spa: -ar
spa: morfológico	rel:etymology	spa: morfo-
spa: finanza	rel:etymology	fra: finance
spa: monstruo	rel:etymology	lat: monstrum
spa: nuera	rel:etymology	lat: nurus
spa: veedor	rel:etymology	spa: veer
spa: asterismo	rel:etymology	grc: ἀστερισμός
spa: viborear	rel:etymology	spa: víbora
spa: destellar	rel:etymology	lat: destillare
spa: muerte	rel:etymology	lat: morte
spa: restauración	rel:etymology	lat: restauratio
spa: alcista	rel:etymology	spa: -ista
spa: magicus	rel:etymology	grc: μαγικός
spa: foco	rel:etymology	lat: focus
spa: osezno	rel:etymology	spa: oso
spa: ostensiblemente	rel:etymology	spa: ostensible
spa: superficialmente	rel:etymology	spa: -mente
spa: torpeza	rel:etymology	spa: -eza
spa: exhumar	rel:etymology	lat: exhumare
spa: flexible	rel:etymology	lat: flexibilis
spa: literatura	rel:etymology	spa: litteratura
spa: mueca	rel:etymology	fro: moque
spa: giro	rel:etymology	lat: gyrus
spa: opinión	rel:etymology	lat: opinio
spa: vendedor	rel:etymology	lat: venditor
spa: tajantemente	rel:etymology	spa: tajante
spa: cerner	rel:etymology	lat: cernere
spa: demacrado	rel:etymology	spa: demacrar
spa: atañer	rel:etymology	lat: attangere
spa: carnoso	rel:etymology	spa: carne
spa: filológicamente	rel:etymology	spa: -mente
spa: obrar	rel:etymology	lat: operari
spa: íncubo	rel:etymology	lat: incubus
spa: melocotonero	rel:etymology	spa: melocotón
spa: sedentariamente	rel:etymology	spa: sedentario
spa: poliéster	rel:etymology	eng: polyester
spa: tapadera	rel:etymology	spa: -era
spa: espiga	rel:etymology	lat: spica
spa: imán	rel:etymology	ara: إمام
spa: advenir	rel:etymology	lat: advenire
spa: muñeco	rel:etymology	spa: muñeca
spa: glauco	rel:etymology	lat: glaucus
spa: higienista	rel:etymology	spa: higiene
spa: antropomórfico	rel:etymology	spa: -ico
spa: vidrio	rel:etymology	lat: vitrum
spa: secretamente	rel:etymology	spa: secreto
spa: desfallecimiento	rel:etymology	spa: -miento
spa: escarabajo	rel:etymology	lat: scarabaius
spa: habitar	rel:etymology	lat: habitare
spa: cuesta	rel:etymology	lat: costa
spa: alegre	rel:etymology	lat: alacri
spa: hipertrofia	rel:etymology	spa: hiper-
spa: castaña	rel:etymology	lat: castanea
spa: esquema	rel:etymology	lat: schema
spa: ocelote	rel:etymology	nci: ocelotl
spa: diagrama	rel:etymology	lat: diagramma
spa: emulación	rel:etymology	lat: aemulatio
spa: verja	rel:etymology	fra: verge
spa: caparazón	rel:etymology	pro: capairon
spa: infundir	rel:etymology	lat: infundere
spa: plato	rel:etymology	lat: platus
spa: cadáver	rel:etymology	lat: cadaver
spa: bestia	rel:etymology	lat: bestia
spa: visón	rel:etymology	fra: vison
spa: yeísmo	rel:etymology	spa: -ismo
spa: desagradar	rel:etymology	spa: agradar
spa: invisiblemente	rel:etymology	spa: visible
spa: metamorfosis	rel:etymology	lat: metamorphosis
spa: caudal	rel:etymology	lat: cauda
spa: sucursal	rel:etymology	lat: succursus
spa: inflorescencia	rel:etymology	lat: inflorescentia
spa: integral	rel:etymology	lat: integralis
spa: favorablemente	rel:etymology	spa: -mente
spa: arquitectónico	rel:etymology	lat: architectonicus
spa: onda	rel:etymology	lat: unda
spa: alarde	rel:etymology	ara: العرض
spa: ruta	rel:etymology	lat: ruta
spa: verdurita	rel:etymology	spa: verdura
spa: crónicamente	rel:etymology	spa: -mente
spa: mexica	rel:etymology	nci: mexihcah
spa: Gutiérrez	rel:etymology	spa: Gutierre
spa: mísero	rel:etymology	lat: miser
spa: vehementemente	rel:etymology	spa: -mente
spa: traslado	rel:etymology	lat: translatus
spa: paisano	rel:etymology	fro: païsan
spa: campanario	rel:etymology	spa: campana
spa: hidalguía	rel:etymology	spa: -ía
spa: cumpleañero	rel:etymology	spa: -ero
spa: cabo	rel:etymology	lat: caput
spa: bloquear	rel:etymology	fra: bloquer
spa: trilogía	rel:etymology	grc: τριλογία
spa: choricito	rel:etymology	spa: -ito
spa: galletina	rel:etymology	spa: -ina
spa: calzoncillo	rel:etymology	spa: -illo
spa: esqueje	rel:etymology	lat: schidiae
spa: abatidamente	rel:etymology	spa: -mente
spa: cacao	rel:etymology	nah: cacahuatl
spa: orina	rel:etymology	lat: urina
spa: de repente	rel:etymology	lat: repentē
spa: sazón	rel:etymology	lat: sationem
spa: artificialmente	rel:etymology	spa: -mente
spa: concurrir	rel:etymology	lat: concurrere
spa: completamente	rel:etymology	spa: -mente
spa: sostener	rel:etymology	lat: sustinēre
spa: género	rel:etymology	lat: genere
spa: rapsódico	rel:etymology	spa: -ico
spa: cuna	rel:etymology	lat: cunae
spa: veintinueve	rel:etymology	spa: veinte
spa: Sevilla	rel:etymology	ara: اشبيلية
spa: apocopar	rel:etymology	lat: apocopo
spa: emblemáticamente	rel:etymology	spa: -mente
spa: arquiepiscopal	rel:etymology	spa: arqui-
spa: numerador	rel:etymology	lat: numerator
spa: milagrosamente	rel:etymology	spa: milagroso
spa: cabal	rel:etymology	spa: cabo
spa: postimpresionismo	rel:etymology	spa: post-
spa: irracionalmente	rel:etymology	spa: -mente
spa: talar	rel:etymology	lat: talaris
spa: afrentoso	rel:etymology	spa: -oso
spa: cofundador	rel:etymology	spa: fundador
spa: vestíbulo	rel:etymology	lat: vestibulum
spa: haz	rel:etymology	spa: hacer
spa: apoyo	rel:etymology	spa: apoyar
spa: habar	rel:etymology	spa: -ar
spa: escaramuza	rel:etymology	ita: scaramuccia
spa: extraoficialmente	rel:etymology	spa: extraoficial
spa: acentuar	rel:etymology	lat: accentuare
spa: participio	rel:etymology	lat: participium
spa: cian	rel:etymology	spa: cyan
spa: rocalla	rel:etymology	spa: roca
spa: muy	rel:etymology	osp: muito
spa: zacamecate	rel:etymology	nci: zacamecatl
spa: arboricida	rel:etymology	spa: -cida
spa: hispano	rel:etymology	lat: hispanus
spa: árbol	rel:etymology	osp: arbol
spa: grado	rel:etymology	lat: gradus
spa: tomillo	rel:etymology	lat: thymus
spa: peyote	rel:etymology	nci: peyotl
spa: jazz	rel:etymology	spa: jazz
spa: subcultura	rel:etymology	spa: cultura
spa: rentabilidad	rel:etymology	spa: -idad
spa: cotransportador	rel:etymology	spa: co-
spa: juntura	rel:etymology	lat: iunctura
spa: amablemente	rel:etymology	spa: amable
spa: nectareus	rel:etymology	grc: νεκτάρεος
spa: acidificación	rel:etymology	spa: -ción
spa: urna	rel:etymology	lat: urna
spa: Bandar Seri Begawan	rel:etymology	msa: Bandar Seri Begawan
spa: replegar	rel:etymology	lat: replicare
spa: signo	rel:etymology	lat: signum
spa: dogmáticamente	rel:etymology	spa: -mente
spa: gol	rel:etymology	eng: goal
spa: arboriforme	rel:etymology	spa: arbori-
spa: eje	rel:etymology	lat: axis
spa: debilucho	rel:etymology	spa: -ucho
spa: diégesis	rel:etymology	grc: διήγησις
spa: tió de Nadal	rel:etymology	cat: tió de Nadal
spa: americanización	rel:etymology	spa: americanizar
spa: hidrotermal	rel:etymology	spa: hidro-
spa: cocotero	rel:etymology	spa: coco
spa: aguacate	rel:etymology	nci: ahuacatl
spa: tecolote	rel:etymology	nci: tecolotl
spa: sur	rel:etymology	fra: sud
spa: totalmente	rel:etymology	spa: total
spa: bibliofilia	rel:etymology	spa: -filia
spa: mitin	rel:etymology	eng: meeting
spa: fitófago	rel:etymology	spa: -fago
spa: telescopio	rel:etymology	spa: tele-
spa: caramelo	rel:etymology	por: caramelo
spa: gitanamente	rel:etymology	spa: gitano
spa: gritar	rel:etymology	osp: cridar
spa: avenir	rel:etymology	lat: advenire
spa: radicalmente	rel:etymology	spa: radical
spa: habiloso	rel:etymology	spa: -oso
spa: prosodia	rel:etymology	lat: prosodia
spa: venenoso	rel:etymology	lat: venenosus
spa: desconcertar	rel:etymology	spa: des-
spa: descentralizar	rel:etymology	spa: centralizar
spa: iniciar	rel:etymology	lat: initiare
spa: chipote	rel:etymology	nci: xixipochtic
spa: cieno	rel:etymology	lat: caenum
spa: monografista	rel:etymology	spa: monografía
spa: aparentemente	rel:etymology	spa: aparente
spa: plenamente	rel:etymology	spa: pleno
spa: boquete	rel:etymology	spa: boca
spa: enseres	rel:etymology	spa: ser
spa: dudosamente	rel:etymology	spa: dudoso
spa: púrpura	rel:etymology	lat: purpura
spa: otorgar	rel:etymology	lat: auctoricare
spa: -grafo	rel:etymology	grc: -γράφος
spa: sierpe	rel:etymology	lat: serpens
spa: cliente	rel:etymology	lat: cliens
spa: guacal	rel:etymology	nci: huacalli
spa: pacer	rel:etymology	lat: pascere
spa: antenoche	rel:etymology	spa: noche
spa: desalojar	rel:etymology	spa: des-
spa: apretadísimo	rel:etymology	spa: -ísimo
spa: esparto	rel:etymology	lat: spartum
spa: reorganizar	rel:etymology	spa: re-
spa: César	rel:etymology	lat: caesar
spa: inteligentemente	rel:etymology	spa: inteligente
spa: diario	rel:etymology	spa: día
spa: alfabeto	rel:etymology	lat: alphabetum
spa: yogur	rel:etymology	fra: yogourt
spa: descuidar	rel:etymology	spa: des-
spa: anfíbol	rel:etymology	fra: amphibole
spa: calladamente	rel:etymology	spa: -mente
spa: saxofonista	rel:etymology	spa: -ista
spa: negativamente	rel:etymology	spa: -mente
spa: curso	rel:etymology	lat: cursus
spa: cosmonauta	rel:etymology	rus: космонавт
spa: Kuala Lumpur	rel:etymology	msa: Kuala Lumpur
spa: extensamente	rel:etymology	spa: -mente
spa: nobelio	rel:etymology	spa: Nobel
spa: severamente	rel:etymology	spa: severo
spa: red	rel:etymology	lat: rete
spa: históricamente	rel:etymology	spa: histórico
spa: hermosura	rel:etymology	spa: -ura
spa: prohibición	rel:etymology	spa: prohibir
spa: chamánico	rel:etymology	spa: chamán
spa: intravenoso	rel:etymology	spa: intra-
spa: jeque	rel:etymology	xaa: شيخ
spa: activo	rel:etymology	lat: activus
spa: prominente	rel:etymology	lat: prominens
spa: mangonear	rel:etymology	lat: mango
spa: anticristiano	rel:etymology	spa: anti-
spa: pericia	rel:etymology	lat: peritia
spa: horaciano	rel:etymology	lat: Horatianus
spa: adiestramiento	rel:etymology	spa: adiestrar
spa: amarillo	rel:etymology	lat: amarellus
spa: Dios	rel:etymology	lat: Deus
spa: sarcásticamente	rel:etymology	spa: sarcástico
spa: tinto	rel:etymology	lat: tinctus
spa: singularmente	rel:etymology	spa: singular
spa: honrar	rel:etymology	lat: honorare
spa: pentágono	rel:etymology	lat: pentagonum
spa: siesta	rel:etymology	lat: sexta
spa: estrenar	rel:etymology	lat: strena
spa: rígidamente	rel:etymology	spa: -mente
spa: qué	rel:etymology	lat: quid
spa: lama	rel:etymology	spa: lama
spa: encapuchado	rel:etymology	spa: capucha
spa: incompletamente	rel:etymology	spa: -mente
spa: péndulo	rel:etymology	spa: pendulum
spa: fríamente	rel:etymology	spa: fría
spa: verbalmente	rel:etymology	spa: -mente
spa: animalmente	rel:etymology	spa: animal
spa: bario	rel:etymology	spa: barita
spa: -ado	rel:etymology	lat: -ātus
spa: fracasar	rel:etymology	ita: fracassare
spa: dueño	rel:etymology	lat: dominus
spa: cimentar	rel:etymology	spa: cimiento
spa: boda	rel:etymology	lat: vota
spa: desbaratar	rel:etymology	spa: baratar
spa: capilaridad	rel:etymology	spa: -idad
spa: tequilería	rel:etymology	spa: -ería
spa: pan	rel:etymology	lat: panis
spa: excesivamente	rel:etymology	spa: excesivo
spa: fermio	rel:etymology	spa: Fermi
spa: innecesariamente	rel:etymology	spa: -mente
spa: caudillaje	rel:etymology	spa: caudillo
spa: neuroma	rel:etymology	spa: -oma
spa: bruscamente	rel:etymology	spa: brusco
spa: superioridad	rel:etymology	spa: superior
spa: escalerilla	rel:etymology	spa: -illa
spa: contracción	rel:etymology	lat: contractio
spa: plantear	rel:etymology	spa: planta
spa: gradualmente	rel:etymology	spa: -mente
spa: bario	rel:etymology	spa: -io
spa: portentosamente	rel:etymology	spa: -mente
spa: alacrán	rel:etymology	ara: عقرب
spa: tren	rel:etymology	fra: train
spa: psicológicamente	rel:etymology	spa: psicológico
spa: pila	rel:etymology	lat: pila
spa: uterino	rel:etymology	spa: utero
spa: pedir	rel:etymology	lat: petere
spa: parrilla	rel:etymology	spa: parra
spa: agresivamente	rel:etymology	spa: -mente
spa: colgador	rel:etymology	spa: -ador
spa: rayo	rel:etymology	lat: radius
spa: abstractivamente	rel:etymology	spa: abstractivo
spa: alternar	rel:etymology	lat: alterno
spa: ornitomancia	rel:etymology	grc: ὄρνις
spa: pirámide	rel:etymology	lat: pyramis
spa: escáner	rel:etymology	eng: scanner
spa: sinvergonzonería	rel:etymology	spa: sinvergonzón
spa: combinación	rel:etymology	lat: combinatio
spa: mapuche	rel:etymology	arn: Mapuce
spa: gloriosamente	rel:etymology	spa: glorioso
spa: idilio	rel:etymology	lat: idyllium
spa: vasito	rel:etymology	spa: vaso
spa: sencillamente	rel:etymology	spa: -mente
spa: cancelar	rel:etymology	lat: cancellare
spa: surcir	rel:etymology	lat: sarcire
spa: coloquialmente	rel:etymology	spa: coloquial
spa: clima	rel:etymology	lat: clima
spa: cálido	rel:etymology	lat: calidus
spa: babear	rel:etymology	spa: -ear
spa: renovación	rel:etymology	spa: -ción
spa: cíclicamente	rel:etymology	spa: cíclico
spa: simbióticamente	rel:etymology	spa: -mente
spa: cruento	rel:etymology	lat: cruentus
spa: increíblemente	rel:etymology	spa: increíble
spa: nazi	rel:etymology	deu: Nazi
spa: cisma	rel:etymology	grc: σχίσμα
spa: angiografía	rel:etymology	spa: angio-
spa: horizontalmente	rel:etymology	spa: horizontal
spa: elegía	rel:etymology	lat: elegia
spa: brama	rel:etymology	spa: bramar
spa: profesionalizar	rel:etymology	spa: -izar
spa: comprable	rel:etymology	spa: -able
spa: repetidamente	rel:etymology	spa: -mente
spa: batatal	rel:etymology	spa: -al
spa: sarcásticamente	rel:etymology	spa: -mente
spa: desecho	rel:etymology	spa: des-
spa: sembrar	rel:etymology	lat: seminare
spa: hábil	rel:etymology	lat: habilis
spa: esclusa	rel:etymology	lat: exclusa
spa: reo	rel:etymology	lat: rhedo
spa: neoclasicismo	rel:etymology	spa: -ismo
spa: oclocrático	rel:etymology	spa: oclocracia
spa: quimono	rel:etymology	jpn: 着物
spa: vidriería	rel:etymology	spa: -ería
spa: putrefacto	rel:etymology	lat: putrefactus
spa: adecuar	rel:etymology	lat: adaequare
spa: quesería	rel:etymology	spa: queso
spa: tortita	rel:etymology	spa: -ita
spa: amorosamente	rel:etymology	spa: -mente
spa: vals	rel:etymology	deu: Waltzer
spa: esforzar	rel:etymology	spa: es-
spa: constitucionalismo	rel:etymology	spa: constitucional
spa: ballena	rel:etymology	osp: ballena
spa: telemedida	rel:etymology	spa: medida
spa: lebruno	rel:etymology	spa: -uno
spa: decreciente	rel:etymology	spa: decrescens
spa: guitara	rel:etymology	ara: kītār
spa: hipocentro	rel:etymology	spa: hipo-
spa: intuición	rel:etymology	lat: intuitio
spa: porfiadamente	rel:etymology	spa: -mente
spa: sinfónico	rel:etymology	spa: -ico
spa: fitotomía	rel:etymology	spa: fito-
spa: autonomía	rel:etymology	grc: αὐτονομία
spa: furiosamente	rel:etymology	spa: furioso
spa: mayormente	rel:etymology	spa: -mente
spa: carbonero	rel:etymology	lat: carbonarius
spa: yerno	rel:etymology	lat: gener
spa: manejar	rel:etymology	ita: maneggiare
spa: rebullir	rel:etymology	lat: rebullire
spa: epiceno	rel:etymology	lat: epicoenus
spa: telenovela	rel:etymology	spa: tele-
spa: loriga	rel:etymology	lat: lorica
spa: eléctricamente	rel:etymology	spa: -mente
spa: luso-español	rel:etymology	spa: español
spa: aclarar	rel:etymology	lat: acclarare
spa: blasfemamente	rel:etymology	spa: blasfemo
spa: lebrastillo	rel:etymology	spa: -illo
spa: manco	rel:etymology	lat: mancus
spa: simulacro	rel:etymology	spa: simulacrum
spa: incluir	rel:etymology	lat: includere
spa: fabulosamente	rel:etymology	spa: fabuloso
spa: locutor	rel:etymology	lat: locutorem
spa: paja	rel:etymology	lat: palea
spa: autótrofo	rel:etymology	spa: auto-
spa: apachar	rel:etymology	nci: patzoa
spa: adeudar	rel:etymology	spa: deuda
spa: precavidamente	rel:etymology	spa: precavido
spa: molar	rel:etymology	lat: molaris
spa: -mancia	rel:etymology	lat: -mantia
spa: estímulo	rel:etymology	lat: stimulus
spa: abril	rel:etymology	lat: aprīlis
spa: específicamente	rel:etymology	spa: específico
spa: revertir	rel:etymology	lat: reverto
spa: Agave	rel:etymology	grc: Ἀγαυή
spa: eco	rel:etymology	lat: echo
spa: masculinidad	rel:etymology	spa: -idad
spa: herético	rel:etymology	spa: haereticus
spa: calzoncillo	rel:etymology	spa: calzón
spa: tricotómico	rel:etymology	spa: tricotomía
spa: persona	rel:etymology	lat: persona
spa: retroceder	rel:etymology	lat: retrocedere
spa: esencialmente	rel:etymology	spa: -mente
spa: blasfemamente	rel:etymology	spa: -mente
spa: cabaré	rel:etymology	fra: cabaret
spa: aparentemente	rel:etymology	spa: -mente
spa: desconocer	rel:etymology	spa: des-
spa: dux	rel:etymology	lat: dux
spa: guachaca	rel:etymology	spa: -aca
spa: fluir	rel:etymology	lat: fluere
spa: carnoso	rel:etymology	spa: -oso
spa: pastelería	rel:etymology	spa: pastel
spa: encinta	rel:etymology	lat: incincta
spa: so	rel:etymology	eng: so
spa: abrumadoramente	rel:etymology	spa: abrumador
spa: bandoneón	rel:etymology	deu: Bandoneon
spa: constantemente	rel:etymology	spa: constante
spa: playera	rel:etymology	spa: playa
spa: planear	rel:etymology	spa: plan
spa: macanudo	rel:etymology	spa: macana
spa: Jacinto	rel:etymology	grc: Ὑάκινθος
spa: naval	rel:etymology	lat: navalem
spa: anís	rel:etymology	fra: anis
spa: antiperistáltico	rel:etymology	spa: anti-
spa: tercera	rel:etymology	cat: tertiarius
spa: hebra	rel:etymology	lat: fibra
spa: glamouroso	rel:etymology	spa: -oso
spa: todo	rel:etymology	lat: totus
spa: doctora	rel:etymology	lat: doctor
spa: lateralmente	rel:etymology	spa: -mente
spa: supuestamente	rel:etymology	spa: -mente
spa: salsa	rel:etymology	lat: salsa
spa: concebir	rel:etymology	lat: concipere
spa: deambular	rel:etymology	lat: deambulare
spa: desequilibrar	rel:etymology	spa: des-
spa: tautológico	rel:etymology	spa: tautología
spa: mammouth	rel:etymology	rus: мамант
spa: golosina	rel:etymology	spa: goloso
spa: caer	rel:etymology	lat: cadere
spa: dureza	rel:etymology	lat: duritia
spa: canción	rel:etymology	lat: cantio
spa: insalubridad	rel:etymology	spa: -idad
spa: navajo	rel:etymology	tew: navahu
spa: calentar	rel:etymology	lat: calentare
spa: hierro	rel:etymology	lat: ferrum
spa: occiduo	rel:etymology	lat: occiduus
spa: barbacoa	rel:etymology	tnq: barbakoa
spa: usualmente	rel:etymology	spa: usual
spa: bombástico	rel:etymology	eng: bombastic
spa: anteanoche	rel:etymology	spa: ante-
spa: jugador	rel:etymology	spa: jugar
spa: cristiandad	rel:etymology	lat: Christianitas
spa: seducir	rel:etymology	lat: seducere
spa: meditación	rel:etymology	lat: meditatio
spa: castaña	rel:etymology	grc: kástana
spa: sino	rel:etymology	lat: signum
spa: tapadera	rel:etymology	spa: tapar
spa: edificar	rel:etymology	lat: aedificare
spa: necesitar	rel:etymology	lat: necessitas
spa: koala	rel:etymology	eng: koala
spa: amigo	rel:etymology	lat: amicus
spa: sobre-	rel:etymology	spa: super
spa: homeopatía	rel:etymology	spa: -patía
spa: groseramente	rel:etymology	spa: -mente
spa: alberca	rel:etymology	ara: بركة
spa: esquematización	rel:etymology	spa: esquematizar
spa: tímpano	rel:etymology	lat: tympanum
spa: chochita	rel:etymology	spa: -ita
spa: libar	rel:etymology	lat: libare
spa: cano	rel:etymology	lat: canus
spa: irónicamente	rel:etymology	spa: irónico
spa: orfebre	rel:etymology	fra: orfèvre
spa: grande	rel:etymology	lat: grandis
spa: desvergonzadamente	rel:etymology	spa: -mente
spa: suegra	rel:etymology	lat: socra
spa: regar	rel:etymology	lat: rigare
spa: sádicamente	rel:etymology	spa: sádico
spa: tierno	rel:etymology	lat: tener
spa: envolver	rel:etymology	lat: involvere
spa: localizador	rel:etymology	spa: localizar
spa: mentalmente	rel:etymology	spa: mental
spa: hacino	rel:etymology	ara: حزين
spa: mutuamente	rel:etymology	spa: -mente
spa: conquian	rel:etymology	spa: con quién
spa: trastornar	rel:etymology	spa: tras
spa: chocolateado	rel:etymology	spa: chocolate
spa: tanto	rel:etymology	lat: tantus
spa: amargo	rel:etymology	lat: amarus
spa: bissiesto	rel:etymology	lat: bisextus
spa: local	rel:etymology	lat: localis
spa: preciosista	rel:etymology	spa: preciosismo
spa: urgentemente	rel:etymology	spa: -mente
spa: -eza	rel:etymology	lat: -itia
spa: encefalopatía	rel:etymology	spa: -patía
spa: desdel	rel:etymology	spa: el
spa: washingtoniano	rel:etymology	spa: -iano
spa: ayahuasquero	rel:etymology	spa: ayahuasca
spa: convencionalismo	rel:etymology	spa: convencional
spa: antena	rel:etymology	spa: antenna
spa: establemente	rel:etymology	spa: -mente
spa: esclavo	rel:etymology	lat: sclavus
spa: bucear	rel:etymology	spa: buzo
spa: kriptón	rel:etymology	grc: κρυπτόν
spa: zíper	rel:etymology	spa: zipper
spa: cisne	rel:etymology	fro: cisne
spa: girar	rel:etymology	lat: gyrare
spa: calcinación	rel:etymology	spa: -ción
spa: hemeralopía	rel:etymology	spa: -ía
spa: codera	rel:etymology	spa: codo
spa: inferioridad	rel:etymology	spa: inferior
spa: ahondar	rel:etymology	spa: hondo
spa: mártaga	rel:etymology	ara: مرتع
spa: mago	rel:etymology	lat: magus
spa: grey	rel:etymology	lat: grege
spa: oler	rel:etymology	lat: olere
spa: inexistente	rel:etymology	spa: existente
spa: encantadoramente	rel:etymology	spa: -mente
spa: codorniz	rel:etymology	lat: coturnix
spa: carretilla	rel:etymology	spa: -illa
spa: web	rel:etymology	eng: web
spa: verdurita	rel:etymology	spa: -ita
spa: parasitología	rel:etymology	spa: parásito
spa: imperfectamente	rel:etymology	spa: imperfecto
spa: anchura	rel:etymology	spa: ancho
spa: lamero	rel:etymology	eng: lamer
spa: menorá	rel:etymology	heb: מנורה
spa: melancolía	rel:etymology	spa: melancholia
spa: monarca	rel:etymology	lat: monarcha
spa: cimarrón	rel:etymology	tnq: simaran
spa: coyote	rel:etymology	nah: coyotl
spa: cada	rel:etymology	lat: cata
spa: eucalipto	rel:etymology	lat: eucalyptus
spa: cóncavo	rel:etymology	lat: concavus
spa: antropofagia	rel:etymology	spa: antropo-
spa: decagonal	rel:etymology	spa: -al
spa: adenología	rel:etymology	spa: adeno-
spa: cerciorar	rel:etymology	lat: certiorare
spa: chiquihuite	rel:etymology	nci: chiquihuitl
spa: peluquero	rel:etymology	spa: peluca
spa: promover	rel:etymology	lat: promovere
spa: hormona	rel:etymology	eng: hormone
spa: cocina	rel:etymology	lat: cocina
spa: lúcuma	rel:etymology	que: rukma
spa: nomadismo	rel:etymology	spa: -ismo
spa: inclasificable	rel:etymology	spa: in-
spa: tragedia	rel:etymology	lat: tragoedia
spa: túnel	rel:etymology	eng: tunnel
spa: ayuno	rel:etymology	lat: ieiunium
spa: ambiente	rel:etymology	lat: ambiens
spa: unos	rel:etymology	lat: unos
spa: arbitrariamente	rel:etymology	spa: -mente
spa: protoindoeuropeo	rel:etymology	spa: proto-
spa: albornoz	rel:etymology	ara: برنس
spa: crin	rel:etymology	lat: crinis
spa: reapertura	rel:etymology	spa: apertura
spa: xerografía	rel:etymology	spa: xero-
spa: maratonista	rel:etymology	spa: -ista
spa: reclutamiento	rel:etymology	spa: reclutar
spa: puzle	rel:etymology	eng: puzzle
spa: soso	rel:etymology	lat: insulsus
spa: moralmente	rel:etymology	spa: moral
spa: hijastro	rel:etymology	lat: filiaster
spa: wáter	rel:etymology	eng: water closet
spa: hecho	rel:etymology	lat: factum
spa: mítico	rel:etymology	lat: mythicus
spa: Méndez	rel:etymology	spa: -ez
spa: arrocero	rel:etymology	spa: arroz
spa: monótonamente	rel:etymology	spa: monótono
spa: lobo	rel:etymology	lat: lupus
spa: super-Niño	rel:etymology	spa: super-
spa: bobería	rel:etymology	spa: bobo
spa: encantador	rel:etymology	spa: encantar
spa: frente	rel:etymology	osp: fruente
spa: mirra	rel:etymology	spa: myrrha
spa: raso	rel:etymology	lat: rasus
spa: movimiento	rel:etymology	spa: mover
spa: hidalguía	rel:etymology	spa: hidalgo
spa: bahía	rel:etymology	spa: baie
spa: mendigar	rel:etymology	lat: mendicare
spa: granizo	rel:etymology	lat: grandine
spa: menguante	rel:etymology	spa: menguar
spa: sesión	rel:etymology	lat: sessio
spa: botita	rel:etymology	spa: bota
spa: expresamente	rel:etymology	spa: expreso
spa: antiheroína	rel:etymology	spa: heroína
spa: quedar	rel:etymology	lat: quietare
spa: cotransportador	rel:etymology	spa: transportador
spa: cipayo	rel:etymology	por: sipay
spa: alojar	rel:etymology	oci: alotjar
spa: sacro	rel:etymology	ara: صقر
spa: anidación	rel:etymology	spa: -ción
spa: farol	rel:etymology	lat: pharus
spa: prado	rel:etymology	lat: pratum
spa: cojonudo	rel:etymology	spa: cojón
spa: pústula	rel:etymology	lat: pustula
spa: sandía	rel:etymology	ara: سندية
spa: nixtamal	rel:etymology	nci: nextamalli
spa: caldoso	rel:etymology	spa: caldo
spa: concisamente	rel:etymology	spa: conciso
spa: ambiguamente	rel:etymology	spa: -mente
spa: ocupar	rel:etymology	lat: occupare
spa: iniquidad	rel:etymology	lat: iniquitatem
spa: nervadura	rel:etymology	spa: nervio
spa: ilógico	rel:etymology	spa: in-
spa: eléctricamente	rel:etymology	spa: eléctrico
spa: disimular	rel:etymology	lat: dissimulare
spa: caldoso	rel:etymology	spa: -oso
spa: silla	rel:etymology	lat: sella
spa: actual	rel:etymology	lat: actualis
spa: apoderarse	rel:etymology	spa: se
spa: positivamente	rel:etymology	spa: positivo
spa: antirrevolucionario	rel:etymology	spa: anti-
spa: roentgenio	rel:etymology	spa: Röntgen
spa: fertilizar	rel:etymology	spa: fértil
spa: accesoriamente	rel:etymology	spa: -mente
spa: poéticamente	rel:etymology	spa: -mente
spa: ciempiés	rel:etymology	spa: pies
spa: esfinge	rel:etymology	lat: Sphinx
spa: aguilucho	rel:etymology	spa: águila
spa: mediateca	rel:etymology	spa: -teca
spa: hiedra	rel:etymology	lat: hedera
spa: anti-	rel:etymology	grc: ἀντί
spa: difamar	rel:etymology	lat: diffamare
spa: aceptablemente	rel:etymology	spa: aceptable
spa: arrasamiento	rel:etymology	spa: -miento
spa: bi-	rel:etymology	lat: bis
spa: exactamente	rel:etymology	spa: -mente
spa: -itud	rel:etymology	lat: -tudo
spa: aclimatación	rel:etymology	spa: -ción
spa: intencionalmente	rel:etymology	spa: -mente
spa: ventosamente	rel:etymology	spa: ventoso
spa: pienso	rel:etymology	lat: pensum
spa: cuarto	rel:etymology	lat: quartus
spa: mosto	rel:etymology	lat: mustum
spa: lobisón	rel:etymology	por: lobisomem
spa: renegado	rel:etymology	lat: renegatus
spa: cinismo	rel:etymology	lat: cynismus
spa: escrupulosamente	rel:etymology	spa: -mente
spa: ladrar	rel:etymology	lat: latrare
spa: ágilmente	rel:etymology	spa: -mente
spa: malditamente	rel:etymology	spa: -mente
spa: firmemente	rel:etymology	spa: firme
spa: partir	rel:etymology	lat: partire
spa: rebanar	rel:etymology	lat: rapinare
spa: abetal	rel:etymology	spa: abeto
spa: participar	rel:etymology	lat: participo
spa: Hernández	rel:etymology	spa: -ez
spa: oruga	rel:etymology	lat: uruca
spa: deliberadamente	rel:etymology	spa: -mente
spa: yuan	rel:etymology	cmn: 元
spa: Aitor	rel:etymology	eus: Aitor
spa: cuello	rel:etymology	lat: collum
spa: porro	rel:etymology	lat: porrum
spa: coque	rel:etymology	eng: coke
spa: borrón	rel:etymology	spa: borrar
spa: chequear	rel:etymology	eng: check
spa: razonamiento	rel:etymology	spa: razonar
spa: pepino	rel:etymology	lat: pepo
spa: habar	rel:etymology	spa: haba
spa: librería	rel:etymology	spa: libro
spa: inseparablemente	rel:etymology	spa: inseparable
spa: coexistente	rel:etymology	spa: existente
spa: hidroavión	rel:etymology	spa: avión
spa: cintura	rel:etymology	lat: cinctura
spa: tecno-	rel:etymology	grc: τεχνο-
spa: poligloto	rel:etymology	spa: polígloto
spa: establemente	rel:etymology	spa: estable
spa: habla	rel:etymology	lat: fabula
spa: -ero	rel:etymology	lat: -arius
spa: desalojar	rel:etymology	spa: alojar
spa: espina	rel:etymology	lat: spina
spa: rotundamente	rel:etymology	spa: rotundo
spa: compadre	rel:etymology	lat: compater
spa: subfilo	rel:etymology	spa: filo
spa: camillero	rel:etymology	spa: camilla
spa: óptimo	rel:etymology	lat: optimus
spa: mole	rel:etymology	lat: moles
spa: hostigar	rel:etymology	lat: fustigare
spa: centralización	rel:etymology	spa: -ción
spa: cincuentón	rel:etymology	spa: cincuenta
spa: prender	rel:etymology	lat: prendere
spa: fitoquímica	rel:etymology	spa: fito-
spa: tifus	rel:etymology	lat: typhus
spa: eximir	rel:etymology	lat: eximere
spa: caligrafía	rel:etymology	grc: καλλιγραφία
spa: bisonte	rel:etymology	lat: bison
spa: Tierra	rel:etymology	lat: terra
spa: fanfarronear	rel:etymology	spa: -ear
spa: botellón	rel:etymology	spa: botella
spa: amenaza	rel:etymology	lat: minacia
spa: sinecura	rel:etymology	lat: sine cura
spa: principalmente	rel:etymology	spa: -mente
spa: jeringa	rel:etymology	lat: syringa
spa: herrumbre	rel:etymology	lat: ferrumen
spa: cascabel	rel:etymology	cat: cascavel
spa: pandilla	rel:etymology	spa: panda
spa: fundamentalmente	rel:etymology	spa: fundamental
spa: chaqueta	rel:etymology	fra: jaquette
spa: fitoquímica	rel:etymology	spa: química
spa: universidad	rel:etymology	lat: universitas
spa: fijo	rel:etymology	lat: fixus
spa: públicamente	rel:etymology	spa: -mente
spa: muchachuelo	rel:etymology	spa: -uelo
spa: futuro	rel:etymology	lat: futurus
spa: estos	rel:etymology	lat: istos
spa: acacia	rel:etymology	lat: acacia
spa: cenar	rel:etymology	lat: cenare
spa: fabulosamente	rel:etymology	spa: -mente
spa: neutralización	rel:etymology	spa: neutralizar
spa: equipo	rel:etymology	fra: équipe
spa: eficazmente	rel:etymology	spa: -mente
spa: naranja	rel:etymology	ara: نارنج
spa: durmiente	rel:etymology	spa: dormir
spa: monte	rel:etymology	lat: mons
spa: super-	rel:etymology	lat: super
spa: unánimemente	rel:etymology	spa: -mente
spa: lombriz	rel:etymology	lat: lumbrix
spa: martilleo	rel:etymology	spa: martillo
spa: níquel	rel:etymology	deu: Nickel
spa: facilidad	rel:etymology	lat: facilitas
spa: bienio	rel:etymology	lat: biennium
spa: absintio	rel:etymology	lat: absinthium
spa: milla	rel:etymology	lat: milia
spa: invidente	rel:etymology	spa: in-
spa: afín	rel:etymology	lat: affinis
spa: provenir	rel:etymology	lat: provenire
spa: cauteloso	rel:etymology	spa: cautela
spa: atlético	rel:etymology	lat: athleticus
spa: lunar	rel:etymology	lat: lunaris
spa: cuerdo	rel:etymology	lat: cor
spa: explícitamente	rel:etymology	spa: explícito
spa: exaltar	rel:etymology	lat: exaltare
spa: pusilanimidad	rel:etymology	lat: pusillanimitas
spa: cardiograma	rel:etymology	spa: -grama
spa: encabezar	rel:etymology	spa: cabeza
spa: sueco	rel:etymology	lat: suecus
spa: increíble	rel:etymology	lat: incredibilis
spa: radio	rel:etymology	lat: radius
spa: galanamente	rel:etymology	spa: galano
spa: necesariamente	rel:etymology	spa: -mente
