tur: barış	rel:etymology	Türkiye Türkçesi: barışık
tur: konteyner	rel:etymology	eng: container
tur: kuvve	rel:etymology	ara: ḳwy
tur: duyarlık	rel:etymology	Türkiye Türkçesi: duyar
tur: enklav	rel:etymology	fre/eng: enclave
tur: şelişepik	rel:etymology	Kürtçe (Kurmanci): şal ū şepik
tur: ahit	rel:etymology	ara: ˁhd
tur: varagele	rel:etymology	Türkiye Türkçesi: vara gele
tur: Can	rel:etymology	tur: can
tur: evham	rel:etymology	ara: whm
tur: dirim bilimci	rel:etymology	tur: -ci
tur: koloit	rel:etymology	fre: colloïde
tur: kategori	rel:etymology	fra: catégorie
tur: banmak	rel:etymology	Eski Türkçe: ban- 
tur: atlamak	rel:etymology	Orta Türkçe: atla-
tur: dalgalı	rel:etymology	tur: -lı
tur: yapımcı	rel:etymology	tur: -cı
tur: ters	rel:etymology	Eski Türkçe: ters
tur: müezzin	rel:etymology	ara: مؤذن
tur: koşuk	rel:etymology	Eski Türkçe: koşuġ
tur: yararlı	rel:etymology	tur: -lı
tur: kamutay	rel:etymology	Türkiye Türkçesi: kamu
tur: yoğurmak	rel:etymology	Eski Türkçe: yoġur- 
tur: sevap	rel:etymology	ara: ثواب
tur: gayri	rel:etymology	ara: ġyr
tur: tosun	rel:etymology	Eski Türkçe: tosun
tur: hekim	rel:etymology	ara: حكيم
tur: tasavvur	rel:etymology	ara: ṣwr
tur: vardiya	rel:etymology	vec: vàrdia
tur: sosyoloji	rel:etymology	fra: sociologie
tur: tanrıça	rel:etymology	Türkiye Türkçesi: tanrı
tur: eşlik	rel:etymology	tur: eş
tur: şuh	rel:etymology	per: şūχ
tur: Hintçe	rel:etymology	tur: -çe
tur: gezi	rel:etymology	Eski Türkçe: kezig
tur: insanlı	rel:etymology	tur: insan
tur: cevir	rel:etymology	ara: cwr
tur: esrarengiz	rel:etymology	fas: اسرارانگیز
tur: açmak	rel:etymology	Eski Türkçe: aç-
tur: akut	rel:etymology	eng: acute
tur: tezkiye	rel:etymology	ara: zkw
tur: şimşek	rel:etymology	Türkiye Türkçesi: süŋşek
tur: galen	rel:etymology	fre: galène
tur: damatlık	rel:etymology	tur: damat
tur: ayrı	rel:etymology	Eski Türkçe: adruk
tur: amiral	rel:etymology	fra: amiral
tur: yaran	rel:etymology	per: yārān
tur: süper	rel:etymology	fre/eng: super
tur: girizgâh	rel:etymology	per: gurīzgāh
tur: yağlayıcı	rel:etymology	tur: yağlayıcı
tur: isteka	rel:etymology	ita: stecca
tur: heybet	rel:etymology	ara: hyb
tur: ciddi	rel:etymology	ara: cdd
tur: söğüş	rel:etymology	Oğuzca: sögüş
tur: abide	rel:etymology	ara: Abd
tur: hünkâr	rel:etymology	per: χond-kār 
tur: dalgınlık	rel:etymology	tur: -lık
tur: Hollandaca	rel:etymology	tur: Hollanda
tur: temerküz	rel:etymology	ara: rkz
tur: halhal	rel:etymology	ara: خلخال
tur: çolpan	rel:etymology	Orta Türkçe: çolpan
tur: kartograf	rel:etymology	fra: cartographe
tur: gösteri	rel:etymology	tur: göstermek
tur: gramofon	rel:etymology	ticari markasından: grámma
tur: ekşimik	rel:etymology	Türkiye Türkçesi: ekşi-
tur: çipura	rel:etymology	Türkiye Türkçesi: çupra 
tur: misyon	rel:etymology	fra: mission
tur: ısmarlamak	rel:etymology	per: spardan, sipar-
tur: düdüklü	rel:etymology	tur: düdük
tur: büzük	rel:etymology	Orta Türkçe: büzük
tur: enayi	rel:etymology	ara: anā
tur: kros	rel:etymology	eng: cross-country
tur: sünnetsiz	rel:etymology	tur: sünnet
tur: soluk	rel:etymology	Türkiye Türkçesi: sol-
tur: erek	rel:etymology	Türkiye Türkçesi: er-
tur: bodrum	rel:etymology	ell: βοδρυμ
tur: güvercin	rel:etymology	Eski Türkçe: kögerçin 
tur: yayla	rel:etymology	Eski Türkçe: yaylak 
tur: karavaş	rel:etymology	Eski Türkçe: kara baş
tur: grunge	rel:etymology	eng: grunge
tur: ceride	rel:etymology	ara: crd
tur: peynirsiz	rel:etymology	tur: peynir
tur: velev	rel:etymology	ara: wa law
tur: ağa	rel:etymology	ota: آغا
tur: tirad	rel:etymology	fre: tirade
tur: bezmek	rel:etymology	Eski Türkçe: bez-
tur: gülümsemek	rel:etymology	Eski Türkçe: külümsin-
tur: dok	rel:etymology	eng: dock
tur: striptiz	rel:etymology	eng: strip-tease
tur: fettan	rel:etymology	ara: ftn
tur: hotoz	rel:etymology	per: ḳotās
tur: kalkınmak	rel:etymology	Türkiye Türkçesi: kalk-
tur: gaza	rel:etymology	ara: ġzw
tur: efsun	rel:etymology	per: afsūn 
tur: dümbelek	rel:etymology	Arapça ve Farsça: tabl
tur: şetaret	rel:etymology	ara: şṭr
tur: garnitür	rel:etymology	fre: garniture
tur: asamble	rel:etymology	fre: assemblée
tur: teyp	rel:etymology	eng: tape
tur: televizyon	rel:etymology	fra: télévision
tur: cefakâr	rel:etymology	ara: cafāˀ
tur: tanrıcılık	rel:etymology	tur: tanrıcı
tur: belge	rel:etymology	mon: belge
tur: zihin	rel:etymology	ara: ḏhn
tur: çıban	rel:etymology	Eski Türkçe: çupagan 
tur: beliğ	rel:etymology	ara: blġ
tur: istavrit	rel:etymology	gre: savrídion
tur: eksport	rel:etymology	eng: export
tur: alınlı	rel:etymology	tur: alın
tur: korgeneral	rel:etymology	Türkiye Türkçesi: kolordu
tur: tri+	rel:etymology	eng: three,
tur: bira	rel:etymology	ita: birra
tur: fal	rel:etymology	ara: فال
tur: şanslı	rel:etymology	tur: -lı
tur: dedelik	rel:etymology	tur: -lik
tur: ayran	rel:etymology	Oğuzca: ayrān
tur: akik	rel:etymology	ara: عقيق
tur: Karadeniz	rel:etymology	tur: kara
tur: it	rel:etymology	Eski Türkçe: ıt
tur: beş	rel:etymology	Eski Türkçe: béş
tur: konsorsiyum	rel:etymology	fre: consortium
tur: çığ	rel:etymology	Türkiye Türkçesi: çıġ 
tur: artı	rel:etymology	tur: artmak
tur: kaygana	rel:etymology	fas: خاگینه
tur: kontrgerilla	rel:etymology	fre: contreguérilla
tur: bakterisit	rel:etymology	fre: bactéricide
tur: dikey	rel:etymology	Türkiye Türkçesi: dik
tur: ahize	rel:etymology	ara: Aχḏ
tur: keler	rel:etymology	Eski Türkçe: keler
tur: inam	rel:etymology	ara: nˁm
tur: üleşmek	rel:etymology	Eski Türkçe: üleş-
tur: ber+	rel:etymology	Sanskritçe: upara-,
tur: kansız	rel:etymology	tur: -siz
tur: fetva	rel:etymology	ara: فتوى
tur: dombili	rel:etymology	Türkiye Türkçesi: tombul
tur: kumkuat	rel:etymology	eng: kumquat
tur: dehen	rel:etymology	Farsça ve Orta Farsça: dahān 
tur: entansif	rel:etymology	fre: intensif
tur: çapaçul	rel:etymology	per: çapān
tur: tuvana	rel:etymology	per: tuvānā
tur: dördüncülük	rel:etymology	tur: -lük
tur: aznavur	rel:etymology	Gürcüce : aznauri
tur: şaryo	rel:etymology	fre: chariot
tur: tezyin	rel:etymology	ara: zyn
tur: camadan	rel:etymology	per: cāma-dān
tur: incik	rel:etymology	Orta Türkçe: inçik 
tur: bütünsellik	rel:etymology	tur: -lik
tur: inbisat	rel:etymology	ara: bsṭ
tur: upload	rel:etymology	eng: upload
tur: Çin	rel:etymology	per: çīn
tur: zengin	rel:etymology	per: sangīn
tur: sporculuk	rel:etymology	tur: sporcu
tur: gazap	rel:etymology	ara: ġḍb
tur: kibirsiz	rel:etymology	tur: kibir
tur: doktor	rel:etymology	fra: docteur
tur: hat	rel:etymology	ara: خط
tur: kot	rel:etymology	fre: côte
tur: king	rel:etymology	eng: king
tur: zilyet	rel:etymology	ara: ḏī'l-yadd
tur: yakinen	rel:etymology	ara: yaḳīnan
tur: adale	rel:etymology	ara: ˁḍl
tur: basen	rel:etymology	fre: bassin
tur: metresi	rel:etymology	tur: -si
tur: alkolik	rel:etymology	fra: alcoolique
tur: kumkuma	rel:etymology	ara: ḳm
tur: kazak	rel:etymology	fra: casaque
tur: arşın	rel:etymology	Orta Farsça: arişn
tur: anatomik	rel:etymology	fra: anatomique
tur: süluk	rel:etymology	ara: slk
tur: bidayet	rel:etymology	ara: bdA
tur: kitle	rel:etymology	ara: ktl
tur: genel	rel:etymology	tur: gen
tur: hüzünlü	rel:etymology	tur: -lü
tur: Avrasya	rel:etymology	tur: Asya
tur: pin	rel:etymology	hye: բույն
tur: karateci	rel:etymology	tur: karate
tur: kıble	rel:etymology	ara: ḳbl
tur: potasyum	rel:etymology	fra: potassium
tur: mezar	rel:etymology	ara: مزار
tur: badya	rel:etymology	ara: bṭw
tur: abone	rel:etymology	fra: abonné
tur: ciğerpare	rel:etymology	per: cīgar
tur: farklı	rel:etymology	tur: -lı
tur: doktor	rel:etymology	fre: docteur
tur: kıyafetli	rel:etymology	tur: -li
tur: akran	rel:etymology	ara: ḳrn
tur: çullanmak	rel:etymology	Türkiye Türkçesi: çul
tur: hak	rel:etymology	ara: ḥḳḳ
tur: görüngü	rel:etymology	Türkiye Türkçesi: görün-
tur: Ganalı	rel:etymology	tur: -lı
tur: fiyasko	rel:etymology	ita: fiasco
tur: kasara	rel:etymology	İtalyanca ve Venedikçe: cássaro
tur: ariza	rel:etymology	ara: ˁrḍ
tur: fiberglas	rel:etymology	ticari markasından: fiber
tur: budak	rel:etymology	Eski Türkçe: butık 
tur: fanatik	rel:etymology	fre: fanatique
tur: şifoniyer	rel:etymology	fre: chiffonier
tur: tabiat	rel:etymology	ara: ṭbˁ
tur: bostancı	rel:etymology	tur: -cı
tur: apertür	rel:etymology	fre: aperture
tur: isnat	rel:etymology	ara: snd
tur: karibu	rel:etymology	fre/eng: caribou
tur: cırtlak	rel:etymology	Türkiye Türkçesi: cırla- 
tur: galoş	rel:etymology	fre: galoche
tur: Kemal	rel:etymology	ara: كمال
tur: kermes	rel:etymology	fre: kermesse
tur: totemcilik	rel:etymology	tur: totemci
tur: kafesli	rel:etymology	tur: -li
tur: kapsül	rel:etymology	fre: capsule
tur: argın	rel:etymology	Türkiye Türkçesi: ar-
tur: gölge	rel:etymology	Eski Türkçe: kölige
tur: anten	rel:etymology	fre: antenne
tur: tufeyli	rel:etymology	ara: ṭufaylī
tur: emare	rel:etymology	ara: Amr
tur: hıyar	rel:etymology	per: χiyār
tur: izleyici	rel:etymology	tur: -ci
tur: entim	rel:etymology	fre: intime
tur: kanmak	rel:etymology	Eski Türkçe: kan-
tur: tellal	rel:etymology	ara: dll
tur: ender	rel:etymology	ara: ndr
tur: dekor	rel:etymology	fre: décor
tur: tekris	rel:etymology	ara: krs
tur: insanlı	rel:etymology	tur: -lı
tur: yapmamak	rel:etymology	tur: yap
tur: terminoloji	rel:etymology	fre: terminologie
tur: junior	rel:etymology	eng: junior
tur: biji	rel:etymology	Kürtçe (Kurmanci): bijî
tur: hüsran	rel:etymology	ara: χsr
tur: gönye	rel:etymology	gre: gōniá
tur: şırınga	rel:etymology	gre: siringa
tur: engerek	rel:etymology	gre: enχeláki
tur: kösnü	rel:etymology	Türkiye Türkçesi: kösnü-
tur: coşku	rel:etymology	tur: coşmak
tur: aktüel	rel:etymology	fra: actuel
tur: anchorman	rel:etymology	eng: anchorman
tur: emrihak	rel:etymology	ara: amr
tur: umre	rel:etymology	ara: ˁmr
tur: turbo	rel:etymology	eng: turbo+
tur: tutuklamak	rel:etymology	tur: tutuk
tur: hektar	rel:etymology	fra: hectare
tur: mandalina	rel:etymology	ita: mandarino
tur: bezelye	rel:etymology	ita: pisello
tur: evelek	rel:etymology	arm: avelug
tur: ablatif	rel:etymology	fra: ablatif
tur: dondurma	rel:etymology	Türkiye Türkçesi: doŋdur-
tur: kronoloji	rel:etymology	fre: chronologie
tur: doru	rel:etymology	Eski Türkçe: torıġ 
tur: irşat	rel:etymology	ara: rşd
tur: konformist	rel:etymology	fre: conformiste
tur: detone	rel:etymology	fre: détoné
tur: makyaj	rel:etymology	fra: maquillage
tur: dinozor	rel:etymology	eng: dinosaur
tur: ten	rel:etymology	Farsça ve Orta Farsça: tan
tur: çılgın	rel:etymology	Türkiye Türkçesi: çıldır-
tur: teşhirci	rel:etymology	tur: teşhir
tur: telkâri	rel:etymology	Türkiye Türkçesi: tel
tur: uğrak	rel:etymology	Türkiye Türkçesi: uğra-
tur: gıyap	rel:etymology	ara: ġyb
tur: şerbet	rel:etymology	fas: شربت
tur: alkışlamak	rel:etymology	tur: alkış
tur: +jen	rel:etymology	grc: genḗs
tur: fabrikasyon	rel:etymology	fre: fabrication
tur: kâfir	rel:etymology	ara: kfr
tur: stoa	rel:etymology	grc: stoá 
tur: dingonun ahırı	rel:etymology	özel adından: dingo
tur: çalışkanlık	rel:etymology	tur: -lık
tur: çömelmek	rel:etymology	Türkiye Türkçesi: çöŋel-
tur: dart	rel:etymology	eng: darts
tur: jinek(o)+	rel:etymology	per: zan,
tur: def	rel:etymology	ara: dfˁ
tur: bolşevik	rel:etymology	rus: bol'şevik
tur: asetilen	rel:etymology	fre: acétylène
tur: veresiye	rel:etymology	Türkiye Türkçesi: vér-
tur: bahriye	rel:etymology	ara: baḥrī
tur: başlık	rel:etymology	tur: -lık
tur: voleybol	rel:etymology	eng: volleyball
tur: albüm	rel:etymology	fra: album
tur: sufi	rel:etymology	ara: ṣwf
tur: final	rel:etymology	fra: final
tur: röpörtaj	rel:etymology	fra: reportage
tur: taviz	rel:etymology	ara: ˁwḍ
tur: teşbih	rel:etymology	ara: şbh
tur: izah	rel:etymology	ara: wḍḥ
tur: söylev	rel:etymology	Türkiye Türkçesi: söyle-
tur: familya	rel:etymology	ita: famiglia
tur: amade	rel:etymology	per: āmāda
tur: korporasyon	rel:etymology	fre: corporation
tur: neft	rel:etymology	fas: نفت
tur: conta	rel:etymology	ita: giunta
tur: furkan	rel:etymology	ara: frḳ
tur: alamet	rel:etymology	ara: ˁlm
tur: gato	rel:etymology	fre: gâteau
tur: celadet	rel:etymology	ara: cld
tur: banket	rel:etymology	fre: banquette
tur: kayıp	rel:etymology	ara: ġyb
tur: zenne	rel:etymology	per: zan
tur: kalubela	rel:etymology	ara: ḳālū balā
tur: yaraşmak	rel:etymology	Eski Türkçe: yaraş-
tur: asistan	rel:etymology	fre: assistant
tur: gözcü	rel:etymology	tur: -cü
tur: halüsinasyon	rel:etymology	fra: hallucination
tur: kayak	rel:etymology	eng: kayak
tur: tenakuz	rel:etymology	ara: nḳẓ
tur: cemre	rel:etymology	ara: cmr
tur: inkılap	rel:etymology	ara: ḳlb
tur: ketenpere	rel:etymology	gre: kátō péras
tur: çaycı	rel:etymology	tur: çay
tur: zayi	rel:etymology	ara: ḍyˁ
tur: havra	rel:etymology	heb: χebrah
tur: kolpa	rel:etymology	ita: colpo
tur: çaker	rel:etymology	per: çākar
tur: tırmık	rel:etymology	Eski Türkçe: tırŋak 
tur: galaksi	rel:etymology	fre: galaxie, galact-
tur: falaka	rel:etymology	ara: flḳ
tur: güven	rel:etymology	tur: güvenmek
tur: kafeinsiz	rel:etymology	tur: -siz
tur: kaprisli	rel:etymology	tur: -li
tur: huzme	rel:etymology	ara: ḥzm
tur: feyiz	rel:etymology	ara: fyḍ
tur: vukuf	rel:etymology	ara: wḳf
tur: dahi	rel:etymology	Türkiye Türkçesi: daḳı 
tur: histogram	rel:etymology	eng: histogram
tur: entel	rel:etymology	Türkiye Türkçesi: entelektüel
tur: yeterlik	rel:etymology	Türkiye Türkçesi: yeter
tur: gebe	rel:etymology	Orta Türkçe: kebe
tur: hirfet	rel:etymology	ara: ḥrf
tur: gestapo	rel:etymology	ger: Gestapo
tur: eprimek	rel:etymology	Eski Türkçe: opra-
tur: klasör	rel:etymology	fre: classeur
tur: bahş	rel:etymology	per: baχş
tur: çadır	rel:etymology	fas: چادر
tur: tahdit	rel:etymology	ara: ḥdd
tur: bis	rel:etymology	fre: bis
tur: erimek	rel:etymology	Eski Türkçe: erü-
tur: kerahat	rel:etymology	ara: krh
tur: burmak	rel:etymology	Eski Türkçe: bür-
tur: cumhuriyet	rel:etymology	ara: cumhūr
tur: çalıştay	rel:etymology	Türkiye Türkçesi: çalış-
tur: volan	rel:etymology	fre: volant
tur: din	rel:etymology	ara: dyn
tur: alet	rel:etymology	ara: Awl
tur: tram	rel:etymology	fre: trame
tur: baytar	rel:etymology	ara: bṭr
tur: kumanda	rel:etymology	fre: commande
tur: dişçi	rel:etymology	tur: -çi
tur: abartısız	rel:etymology	tur: abartı
tur: madam	rel:etymology	fra: madame
tur: epitet	rel:etymology	fre: epithète
tur: kâfi	rel:etymology	ara: kfw
tur: sal	rel:etymology	fas: شال
tur: ayna	rel:etymology	fas: آینه
tur: konfirme	rel:etymology	fre: confirmer
tur: Güney Avrupalı	rel:etymology	tur: Güney Avrupa
tur: Harun	rel:etymology	ara: هارون
tur: küçüklük	rel:etymology	tur: -lük
tur: baykuş	rel:etymology	Orta Türkçe: bay kuş
tur: veçhe	rel:etymology	ara: wch
tur: tendon	rel:etymology	eng: tendon
tur: beyaz	rel:etymology	ara: بياض
tur: millet	rel:etymology	ota: ملت
tur: ayla	rel:etymology	Türkiye Türkçesi: ay ağılı
tur: çotra	rel:etymology	ita: ciotola
tur: zamk	rel:etymology	ara: ṣmġ
tur: kabine	rel:etymology	fra: cabinet
tur: imkansız	rel:etymology	tur: -siz
tur: fiesta	rel:etymology	spa: fiesta
tur: hısım	rel:etymology	ara: ḳism
tur: yas	rel:etymology	Eski Türkçe: yās
tur: harç	rel:etymology	ara: χrc
tur: seçmeli	rel:etymology	tur: -li
tur: bermutat	rel:etymology	per: bar muˁtād
tur: doküman	rel:etymology	fre: document
tur: oğlancı	rel:etymology	tur: -cı
tur: Berlinli	rel:etymology	tur: -li
tur: sultan	rel:etymology	ara: سلطان
tur: zen	rel:etymology	eng: zen
tur: sahife	rel:etymology	ara: صفحة
tur: androit	rel:etymology	eng: android
tur: gümrah	rel:etymology	per: gumrāh
tur: ilmihal	rel:etymology	ara: ˁilm al-ḥāl
tur: fak	rel:etymology	ara: fχχ
tur: özsüz	rel:etymology	tur: öz
tur: stat	rel:etymology	fra: stade
tur: bedihi	rel:etymology	ara: badīhī
tur: kokoroz	rel:etymology	gre: kokkērós 
tur: duyarga	rel:etymology	Türkiye Türkçesi: duy-
tur: insiyak	rel:etymology	ara: swḳ
tur: kenar	rel:etymology	per: kanār 
tur: cürüm	rel:etymology	ara: crm
tur: abartmalı	rel:etymology	tur: abartma
tur: Güney Avrupalı	rel:etymology	tur: -lı
tur: İzmirli	rel:etymology	tur: İzmir
tur: taslamak	rel:etymology	Türkiye Türkçesi: tasla-
tur: astigmat	rel:etymology	fre: astigmate
tur: kuskus	rel:etymology	ara: كسكس
tur: anımsatan	rel:etymology	tur: anımsamak
tur: tırtıl	rel:etymology	Türkiye Türkçesi: tırtır
tur: dantel	rel:etymology	fre: dentelle
tur: hudut	rel:etymology	ara: ḥdd
tur: üniversiteli	rel:etymology	tur: üniversite
tur: otizm	rel:etymology	fra: autisme
tur: haşlamak	rel:etymology	Eski Türkçe: aşla-
tur: gündelik	rel:etymology	Türkiye Türkçesi: günde
tur: hamam	rel:etymology	ara: ḥmm
tur: kuytu	rel:etymology	Türkiye Türkçesi: koytu
tur: katakulli	rel:etymology	fra: fait accompli
tur: şifre	rel:etymology	fre: chiffrer
tur: gerontokrasi	rel:etymology	eng: gerontocracy
tur: stafilokok	rel:etymology	fre: staphylocoque
tur: fire	rel:etymology	fre: frais
tur: dizyem	rel:etymology	fre: dixième
tur: bile	rel:etymology	Eski Türkçe: birle
tur: ur	rel:etymology	Orta Türkçe: ur
tur: dirilmek	rel:etymology	Eski Türkçe: tiril-
tur: eşofman	rel:etymology	fre: échauffement
tur: hipotez	rel:etymology	fre: hypothèse
tur: şeytan	rel:etymology	ara: شيطان
tur: sinematograf	rel:etymology	fra: cinématographe
tur: endüksiyon	rel:etymology	fre: induction
tur: teceddüt	rel:etymology	ara: cdd
tur: İbrahim	rel:etymology	ara: ابراهيم
tur: distile	rel:etymology	fre: distillé
tur: gol	rel:etymology	eng: goal
tur: makta	rel:etymology	ara: مقطع
tur: yarmak	rel:etymology	Eski Türkçe: ar- 
tur: kulaklı	rel:etymology	tur: -lı
tur: çığırmak	rel:etymology	Orta Türkçe (sadece Kıpçak ve Oğuz lehçelerinde): çığır-
tur: ağaçlık	rel:etymology	tur: -lık
tur: süit	rel:etymology	fre: suite
tur: akselerasyon	rel:etymology	fre: accélération
tur: bütan	rel:etymology	fra: butane
tur: yurttaş	rel:etymology	Türkiye Türkçesi: yurt
tur: enteresan	rel:etymology	fre: intéressant
tur: evlat	rel:etymology	ara: wld
tur: sıkıntı	rel:etymology	tur: sıkmak
tur: yesari	rel:etymology	ara: ysr
tur: kerem	rel:etymology	ara: krm
tur: zangoç	rel:etymology	hye: ժամկոչ
tur: önemsiz	rel:etymology	tur: önem
tur: Boşnakça	rel:etymology	tur: -ça
tur: ışın	rel:etymology	Orta Türkçe: yaşın 
tur: kullanıcı	rel:etymology	tur: kullanmak
tur: üzgünlük	rel:etymology	tur: -lük
tur: yevmiye	rel:etymology	ara: yawmī
tur: skandiyum	rel:etymology	fra: scandium
tur: geyşa	rel:etymology	Japonca : geişa
tur: anasızlık	rel:etymology	tur: -lık
tur: adak	rel:etymology	Türkiye Türkçesi: ada-
tur: akar	rel:etymology	ara: ˁḳr
tur: yakışıklı	rel:etymology	tur: yakışık
tur: tehlikeli	rel:etymology	tur: -li
tur: kap	rel:etymology	Eski Türkçe: kāp
tur: imzalamak	rel:etymology	tur: imza
tur: bağa	rel:etymology	Eski Türkçe: baka
tur: gong	rel:etymology	fre/eng: gong
tur: bünyan	rel:etymology	ara: bny
tur: çay	rel:etymology	per: çāy
tur: boa	rel:etymology	fre/eng: boa
tur: Uruguaylı	rel:etymology	tur: -lı
tur: kamus	rel:etymology	ara: قاموس
tur: beter	rel:etymology	per: badtar
tur: çocuklu	rel:etymology	tur: -lu
tur: lig	rel:etymology	fra: ligue
tur: anti+	rel:etymology	lat: ante
tur: abuk sabuk	rel:etymology	Türkiye Türkçesi: obuk sapuk 
tur: hafız	rel:etymology	ara: ḥfẓ
tur: kadar	rel:etymology	ara: ḳdr
tur: zekâsız	rel:etymology	tur: zekâ
tur: dümdar	rel:etymology	per: dumdār
tur: işlem	rel:etymology	Türkiye Türkçesi: işle-
tur: aparatçik	rel:etymology	rus: aparatçik
tur: iltizam	rel:etymology	ara: lzm
tur: klasik	rel:etymology	fre: classique
tur: mülk	rel:etymology	ara: ملك
tur: torun	rel:etymology	Eski Türkçe: torum
tur: aleyküm	rel:etymology	ara: ˁalaykum
tur: bukalemun	rel:etymology	ara: bū ḳalamūn
tur: gök	rel:etymology	Eski Türkçe: kȫk
tur: karanfil	rel:etymology	ara: قرمفل
tur: hep	rel:etymology	Orta Türkçe: ham 
tur: swap	rel:etymology	eng: swap
tur: beraber	rel:etymology	per: bar ā bar
tur: halk	rel:etymology	ara: χlḳ
tur: damacana	rel:etymology	ita: damigiana
tur: sakatlık	rel:etymology	tur: -lık
tur: düşünceli	rel:etymology	tur: -li
tur: kungfu	rel:etymology	eng: kung-fu
tur: süpersonik	rel:etymology	eng: supersonic
tur: kekik	rel:etymology	per: kākul 
tur: Budizm	rel:etymology	fre: Bouddhisme
tur: yazıt	rel:etymology	tur: yazı
tur: tabloit	rel:etymology	eng: tabloid
tur: hermafrodit	rel:etymology	fre: hérmaphrodite
tur: içyüz	rel:etymology	tur: yüz
tur: karmaşık	rel:etymology	Yeni Türkçe: *karmaş-
tur: dionisyak	rel:etymology	fre: dionysiaque
tur: şatır	rel:etymology	ara: şṭr
tur: hindiba	rel:etymology	ara: hndb
tur: kremalı	rel:etymology	tur: -lı
tur: formalite	rel:etymology	fre: formalité
tur: sorumsuzluk	rel:etymology	tur: sorumsuz
tur: edebiyat	rel:etymology	ara: أدبيات
tur: cübbe	rel:etymology	ara: cbb
tur: cenup	rel:etymology	ara: جنوب
tur: teehhür	rel:etymology	ara: Aχr
tur: baraj	rel:etymology	fra: barrage
tur: temren	rel:etymology	Oğuzca: temürgen
tur: istismar	rel:etymology	ara: s̠mr
tur: kırtasiye	rel:etymology	ara: ḳrṭs
tur: aut	rel:etymology	eng: out
tur: göt	rel:etymology	Eski Türkçe: köt
tur: ferforje	rel:etymology	fre: fer forgé
tur: kabzımal	rel:etymology	ara: ḳbḍ
tur: kitchenette	rel:etymology	eng: kitchenette
tur: şaşırtma	rel:etymology	tur: şaşırt
tur: işsizlik	rel:etymology	tur: işsiz
tur: talak	rel:etymology	ara: ṭlḳ
tur: hayıf	rel:etymology	ara: ḥayfā
tur: kuzey	rel:etymology	Eski Türkçe: kuz
tur: gelişmek	rel:etymology	Türkiye Türkçesi: gel-
tur: tartmak	rel:etymology	Eski Türkçe: tart-
tur: süreğen	rel:etymology	Türkiye Türkçesi: sür-
tur: güvenli	rel:etymology	tur: güven
tur: etamin	rel:etymology	fre: étamine
tur: kimyager	rel:etymology	per: kīmyā-kār
tur: seçmeli	rel:etymology	tur: seçme
tur: indie	rel:etymology	eng: indie
tur: tirhandil	rel:etymology	gre: treχantirion
tur: kusur	rel:etymology	ara: ḳṣr
tur: figüran	rel:etymology	fra: figurant
tur: harçlık	rel:etymology	tur: -lık
tur: sükna	rel:etymology	ara: skn
tur: odacı	rel:etymology	tur: oda
tur: forklift	rel:etymology	eng: forklift
tur: infisah	rel:etymology	ara: fsχ
tur: heyecanlı	rel:etymology	tur: heyecan
tur: filinta	rel:etymology	ger: Flinte
tur: dil	rel:etymology	otk: tıl
tur: sağlıksız	rel:etymology	tur: -siz
tur: dördüncülük	rel:etymology	tur: dördüncü
tur: belirti	rel:etymology	Türkiye Türkçesi: belirt-
tur: demoralize	rel:etymology	fre: démoralisé
tur: esin	rel:etymology	tur: esmek
tur: itibarsız	rel:etymology	tur: itibar
tur: girdap	rel:etymology	per: girdāb
tur: dekar	rel:etymology	fra: décare
tur: güve	rel:etymology	Eski Türkçe: küge 
tur: komisyon	rel:etymology	fre: commission
tur: baskı	rel:etymology	Türkiye Türkçesi: bas-
tur: kaplumbağa	rel:etymology	Türkiye Türkçesi: kaplı
tur: anasır	rel:etymology	ara: ˁṣr
tur: yamuk	rel:etymology	Türkiye Türkçesi: yaŋıl-
tur: kelb	rel:etymology	ara: klb
tur: kafa	rel:etymology	ara: ḳfw
tur: tan	rel:etymology	Eski Türkçe: taŋ
tur: gıpta	rel:etymology	ara: ġbṭ
tur: duygu	rel:etymology	Türkiye Türkçesi: duy-
tur: bilgin	rel:etymology	Türkiye Türkçesi: bil-
tur: imza	rel:etymology	ara: mḍy
tur: kaldıraç	rel:etymology	Türkiye Türkçesi: kaldır-
tur: karadul	rel:etymology	tur: dul
tur: hasıl	rel:etymology	ara: ḥṣl
tur: kalipso	rel:etymology	eng: calypso
tur: mühimlik	rel:etymology	tur: mühim
tur: vetire	rel:etymology	ara: wtr
tur: bunker	rel:etymology	ger: Bunker
tur: isimsiz	rel:etymology	tur: -siz
tur: ablak	rel:etymology	ara: blḳ
tur: tevarüs	rel:etymology	ara: wrs̠
tur: katgut	rel:etymology	eng: catgut
tur: ıstakoz	rel:etymology	Yeni Yunanca ve Eski Yunanca: astakós
tur: şampiyon	rel:etymology	fra: champion
tur: faşing	rel:etymology	ger: Fasching
tur: komprador	rel:etymology	fre/eng: comprador
tur: azami	rel:etymology	ara: ˁẓm
tur: erkete	rel:etymology	gre: érχete
tur: sorguç	rel:etymology	Eski Türkçe: sarāġuç
tur: istisna	rel:etymology	ara: s̠ny
tur: kuyumcu	rel:etymology	tur: -cu
tur: yakın	rel:etymology	Eski Türkçe: yakın
tur: şampanya	rel:etymology	fre: champagne
tur: basiret	rel:etymology	ara: bṣr
tur: hoşnut	rel:etymology	Farsça ve Orta Farsça: χoşnūd
tur: çaşıt	rel:etymology	Eski Türkçe: çaşut
tur: koleksiyon	rel:etymology	fre: collection
tur: Iraklı	rel:etymology	tur: -lı
tur: kefil	rel:etymology	ara: kfl
tur: aynasız	rel:etymology	tur: ayna
tur: izaz	rel:etymology	ara: ˁzz
tur: yatağan	rel:etymology	Orta Türkçe: yatağan
tur: şarlatan	rel:etymology	fre: charlatan
tur: iyilik	rel:etymology	tur: iyi
tur: Polonyalı	rel:etymology	tur: Polonya
tur: tezgâh	rel:etymology	per: dastgāh
tur: güvenli	rel:etymology	tur: -li
tur: sufle	rel:etymology	fre: soufflé
tur: tıknaz	rel:etymology	Eski Türkçe: tıkın-
tur: çaput	rel:etymology	Eski Türkçe: çapġut
tur: afrodizyak	rel:etymology	fre: aphrodisiaque
tur: aferin	rel:etymology	per: āfirīn
tur: arşiv	rel:etymology	fre: archives
tur: anakent	rel:etymology	grc: mētrópolis
tur: ideoloji	rel:etymology	fre: idéologie
tur: serüvenci	rel:etymology	tur: serüven
tur: alkolizm	rel:etymology	fra: alcoolisme
tur: kandil	rel:etymology	ara: ḳndl
tur: talika	rel:etymology	Macarca : talyiga
tur: eskalasyon	rel:etymology	eng: escalation
tur: itikâf	rel:etymology	ara: ˁkf
tur: beyit	rel:etymology	ara: بيت
tur: bezek	rel:etymology	Eski Türkçe: bezek
tur: çomak	rel:etymology	Eski Türkçe: çokmak 
tur: teskin	rel:etymology	ara: skn
tur: kazurat	rel:etymology	ara: ḳḏr
tur: ayaklanmak	rel:etymology	Eski Türkçe: adaklan-
tur: kirpi	rel:etymology	Eski Türkçe: kirpi 
tur: eşey	rel:etymology	Türkiye Türkçesi: eş
tur: kalçalı	rel:etymology	tur: -lı
tur: uğurlamak	rel:etymology	Eski Türkçe: uġurla-
tur: fresk	rel:etymology	fra: fresque
tur: hoca	rel:etymology	fas: خواجه
tur: barbiturat	rel:etymology	fre/eng: barbiturate
tur: sütlü	rel:etymology	tur: süt
tur: köprü	rel:etymology	ell: γέφυρα
tur: kaldırmak	rel:etymology	Orta Türkçe: kaltur-
tur: çağdaşlık	rel:etymology	tur: çağdaş
tur: tuğra	rel:etymology	Eski Türkçe: tuġraġ
tur: demeç	rel:etymology	Türkiye Türkçesi: de-
tur: beyzbol	rel:etymology	eng: baseball
tur: zikzak	rel:etymology	fre: ziczac 
tur: kez	rel:etymology	Türkiye Türkçesi: kezin
tur: akupunktur	rel:etymology	fre/eng: acupuncture
tur: üzmek	rel:etymology	Eski Türkçe: üz-
tur: flamingo	rel:etymology	eng: flamingo
tur: hane	rel:etymology	per: χāna
tur: dönüşmek	rel:etymology	Türkiye Türkçesi: dön-
tur: jeneratör	rel:etymology	fre: générateur
tur: solfej	rel:etymology	fre: solfège
tur: hipokaust	rel:etymology	eng: hypocaust
tur: bütünsel	rel:etymology	tur: bütün
tur: fahişe	rel:etymology	ara: فاحشة
tur: hentbolcu	rel:etymology	tur: -cu
tur: draje	rel:etymology	fre: dragée
tur: başvuru	rel:etymology	Türkiye Türkçesi: baş vur-
tur: enfantil	rel:etymology	fre: infantil
tur: çok	rel:etymology	Eski Türkçe: çōk
tur: azınlık	rel:etymology	Yeni Türkçe: *azın
tur: sabun	rel:etymology	ara: صابون
tur: koza	rel:etymology	per: ġōza 
tur: kıtıpiyos	rel:etymology	gre: kato pión
tur: durak	rel:etymology	Eski Türkçe: turġak
tur: ızgara	rel:etymology	gre: skará
tur: zatürre	rel:etymology	ara: ḏātu'r-riˀa(t)
tur: kurbağa	rel:etymology	Oğuzca: kurbaka
tur: ağırlık	rel:etymology	tur: ağır
tur: eşek	rel:etymology	Eski Türkçe: eşgek
tur: eren	rel:etymology	Eski Türkçe: eren
tur: traksiyon	rel:etymology	fre: traction
tur: ilgeç	rel:etymology	Türkiye Türkçesi: il-
tur: kaşımak	rel:etymology	Eski Türkçe: kaşı-
tur: balıkçı	rel:etymology	tur: balık
tur: toynak	rel:etymology	Eski Türkçe: tuyaġ 
tur: akademi	rel:etymology	fre: académie
tur: ağustos	rel:etymology	gre: ávgustos
tur: çağla	rel:etymology	per: çaġala
tur: tediye	rel:etymology	ara: Ady
tur: temsilci	rel:etymology	tur: temsil
tur: karamık	rel:etymology	Eski Türkçe: karamuk
tur: Tezal	rel:etymology	tur: tez
tur: aynasız	rel:etymology	Türkiye Türkçesi: ayna
tur: dokunmatik	rel:etymology	Türkiye Türkçesi: dokun-
tur: cep	rel:etymology	ara: cyb
tur: erkeklik	rel:etymology	tur: -lik
tur: çalışmak	rel:etymology	Eski Türkçe: çalış-
tur: hicran	rel:etymology	ara: hcr
tur: tag	rel:etymology	eng: tag
tur: şef	rel:etymology	fre: chef
tur: havari	rel:etymology	ara: ḥwr
tur: cevher	rel:etymology	ara: cwhr
tur: stel	rel:etymology	fre/eng: stèle
tur: yazmak	rel:etymology	Eski Türkçe: yaz-
tur: şoför	rel:etymology	fre: chauffeur
tur: koyak	rel:etymology	Türkiye Türkçesi: koy
tur: gâvur	rel:etymology	per: gabr
tur: dokuzunculuk	rel:etymology	tur: -luk
tur: imam	rel:etymology	ara: امام
tur: mazoşizm	rel:etymology	fra: masochisme
tur: susuz	rel:etymology	tur: su
tur: yorgunluk	rel:etymology	tur: -luk
tur: kotra	rel:etymology	fre: cotre
tur: ekrat	rel:etymology	ara: krd
tur: mustatil	rel:etymology	ara: مستطيل
tur: çoktan	rel:etymology	tur: -tan
tur: şal	rel:etymology	fas: شال
tur: hemisfer	rel:etymology	fre: hémisphere
tur: dikkatli	rel:etymology	tur: dikkat
tur: İsmail	rel:etymology	ara: اسماعيل
tur: hece	rel:etymology	ara: hcw
tur: mühendislik	rel:etymology	tur: mühendis
tur: UFO	rel:etymology	eng: UFO
tur: sözel	rel:etymology	tur: -el
tur: kristal	rel:etymology	fre: cristal
tur: çember	rel:etymology	Farsça ve Orta Farsça: çanbar
tur: Ukraynaca	rel:etymology	tur: Ukrayna
tur: daire	rel:etymology	ara: dwr
tur: hatalı	rel:etymology	tur: -lı
tur: Sırpça	rel:etymology	tur: -ça
tur: zaç	rel:etymology	ara: zāc
tur: demon	rel:etymology	fre: démon
tur: free	rel:etymology	eng: free
tur: eşhas	rel:etymology	ara: şχṣ
tur: tuzluluk	rel:etymology	tur: -luk
tur: çoktan	rel:etymology	tur: çok
tur: temdit	rel:etymology	ara: mdd
tur: yağı	rel:etymology	Eski Türkçe: yaġı
tur: şist	rel:etymology	fre: schiste
tur: bal	rel:etymology	Oğuzca: bal
tur: güzel	rel:etymology	Orta Türkçe: gözel
tur: damgacı	rel:etymology	tur: -cı
tur: alüminyum	rel:etymology	Yeni Latince: aluminium
tur: şaklaban	rel:etymology	Türkiye Türkçesi: *şaklağan
tur: birleşmeli	rel:etymology	tur: -li
tur: ağıt	rel:etymology	Türkiye Türkçesi: ağla-
tur: tubles	rel:etymology	eng: tubeless
tur: yonga	rel:etymology	Türkiye Türkçesi: yon-
tur: yemişen	rel:etymology	Eski Türkçe: yımşān
tur: Amerikan	rel:etymology	fra: américain
tur: hendese	rel:etymology	ara: هندسة
tur: dijital	rel:etymology	fre/eng: digital
tur: stop	rel:etymology	eng: stop
tur: yekinmek	rel:etymology	Türkiye Türkçesi: yekin
tur: acep	rel:etymology	ara: ˁcb
tur: kazmak	rel:etymology	Eski Türkçe: kaz-
tur: tarik	rel:etymology	ara: ṭrḳ
tur: bitaraf	rel:etymology	per: bīṭaraf
tur: kript(o)+	rel:etymology	fre/eng: crypto+
tur: bariyer	rel:etymology	fre: barrière
tur: janjan	rel:etymology	fre: changeant
tur: taşra	rel:etymology	Eski Türkçe: taşra
tur: gladio	rel:etymology	ita: gladio
tur: maskulen	rel:etymology	fra: masculin
tur: nemli	rel:etymology	tur: -li
tur: hamsi	rel:etymology	gre: χámpsi&lt;/i&gt; χάμψι <span style=""visibility:hidden;font-size:0px"">z</span> ""Karadeniz'e özgü bir balık"" sözcüğünden alıntıdır. 
tur: güllabi	rel:etymology	ara: *kalābī
tur: tellak	rel:etymology	ara: dlḳ
tur: ekzema	rel:etymology	fre: eczéma
tur: jüristokrasi	rel:etymology	eng: juristocracy
tur: +krasi	rel:etymology	grc: +kratēs
tur: amcık	rel:etymology	tur: -cık
tur: albız	rel:etymology	ara: iblīs
tur: uyanmak	rel:etymology	Eski Türkçe: odun-
tur: bigâne	rel:etymology	per: bīgāna
tur: zar	rel:etymology	ara: ازار
tur: talan	rel:etymology	Orta Türkçe: talan 
tur: frapan	rel:etymology	fre: frappant
tur: süngü	rel:etymology	Eski Türkçe: süŋüg 
tur: taze	rel:etymology	fas: تازه
tur: hıçkırmak	rel:etymology	Orta Türkçe: ınçḳır-
tur: taravet	rel:etymology	ara: ṭrw
tur: ihtilal	rel:etymology	ara: إختلال
tur: mızrap	rel:etymology	ara: مضراب
tur: koçer	rel:etymology	Kürtçe (Kurmanci): koç
tur: devriye	rel:etymology	ara: dawr
tur: berceste	rel:etymology	per: barcasta
tur: dağar	rel:etymology	Eski Türkçe: taġar
tur: fondöten	rel:etymology	fra: fond de teint
tur: endüstri	rel:etymology	fre: industrie
tur: alakok	rel:etymology	fre: à la cocque
tur: katliam	rel:etymology	ara: ḳatl ˁāmm
tur: filozof	rel:etymology	fra: philosophe
tur: belemek	rel:etymology	Eski Türkçe: belē-
tur: irtifa	rel:etymology	ara: rfˁ
tur: kariyer	rel:etymology	fra: carrière
tur: gözlük	rel:etymology	tur: -lük
tur: kılsızlık	rel:etymology	tur: kılsız
tur: tül	rel:etymology	fre: tulle
tur: fetbaz	rel:etymology	Türkiye Türkçesi: fendbaz
tur: cillop	rel:etymology	Türkiye Türkçesi: cülāb 
tur: streptokok	rel:etymology	fre: streptocoque
tur: tane	rel:etymology	fas: دانه
tur: aritmetik	rel:etymology	fre: arithmetique
tur: vira	rel:etymology	ita: vira
tur: barmen	rel:etymology	fre: barman
tur: abiye	rel:etymology	fre: habillé
tur: küfran	rel:etymology	ara: kfr
tur: diyafon	rel:etymology	ticari markasından: diyalog telefonu
tur: hasis	rel:etymology	ara: χss
tur: tahkiye	rel:etymology	ara: ḥky
tur: vokal	rel:etymology	fre: vocal
tur: batak	rel:etymology	Türkiye Türkçesi: bat-
tur: hatırlatan	rel:etymology	tur: hatırlamak
tur: İstanbullu	rel:etymology	tur: İstanbul
tur: tövbe	rel:etymology	ara: twb
tur: volfram	rel:etymology	ger: Wolfram
tur: ambalaj	rel:etymology	fre: emballage
tur: umman	rel:etymology	ara: ˁmn
tur: beserek	rel:etymology	Orta Türkçe: bés
tur: hal	rel:etymology	ara: χlˁ
tur: ruj	rel:etymology	fra: rouge
tur: teessüs	rel:etymology	ara: Ass
tur: tellür	rel:etymology	fre: tellure
tur: taksit	rel:etymology	ara: ḳsṭ
tur: maaşlı	rel:etymology	tur: maaş
tur: bigudi	rel:etymology	fre: bigoudie
tur: erdemlilik	rel:etymology	tur: -lik
tur: köri	rel:etymology	eng: curry
tur: söylenti	rel:etymology	Türkiye Türkçesi: söylen-
tur: tefviz	rel:etymology	ara: fwḍ
tur: priapizm	rel:etymology	eng: priapism
tur: tahin	rel:etymology	ara: ṭḥn
tur: gravür	rel:etymology	fre: gravure
tur: zar	rel:etymology	ara: *zār 
tur: tost	rel:etymology	eng: toast
tur: gözcü	rel:etymology	tur: göz
tur: istimlak	rel:etymology	ara: mlk
tur: bızdık	rel:etymology	arm: bıdig 
tur: isabet	rel:etymology	ara: ṣwb
tur: Polonyalı	rel:etymology	tur: -lı
tur: peynir	rel:etymology	fas: پنیر
tur: taaccüp	rel:etymology	ara: ˁcb
tur: kemer	rel:etymology	fas: کمر
tur: diva	rel:etymology	ita: diva
tur: şeytan	rel:etymology	ara: şyṭ
tur: haklı	rel:etymology	tur: hak
tur: avukat	rel:etymology	ita: avvocato
tur: kısrak	rel:etymology	Eski Türkçe: kısrak
tur: kontrplak	rel:etymology	fre: contre-plaque
tur: istimal	rel:etymology	ara: ˁml
tur: böğ	rel:etymology	Eski Türkçe: bȫg
tur: kımız	rel:etymology	Eski Türkçe: kımız
tur: asliye	rel:etymology	ara: aṣliyya(t)
tur: işlemci	rel:etymology	tur: -ci
tur: olgunluk	rel:etymology	tur: olgun
tur: Yahudi	rel:etymology	ara: yahūdī
tur: spiral	rel:etymology	fre: spiral
tur: teganni	rel:etymology	ara: ġny
tur: tahmis	rel:etymology	ara: χms
tur: katakomb	rel:etymology	fre: catacombes
tur: kıssa	rel:etymology	ara: ḳṣṣ
tur: gölet	rel:etymology	Türkiye Türkçesi: göle-
tur: eyerli	rel:etymology	tur: eyer
tur: akredite	rel:etymology	fre: accrediter
tur: domuz	rel:etymology	Eski Türkçe: toŋuz
tur: host	rel:etymology	eng: host
tur: zor	rel:etymology	fas: زور
tur: hemzemin	rel:etymology	per: ham
tur: cebelleşmek	rel:etymology	Türkiye Türkçesi: cedelleş-
tur: sonar	rel:etymology	eng: sonar
tur: amiyane	rel:etymology	ara: ˁāmmī
tur: hovarda	rel:etymology	per: χʷār-dād
tur: umutlu	rel:etymology	tur: -lu
tur: ataşe	rel:etymology	fre: attaché
tur: far	rel:etymology	fre: fard
tur: benzerlik	rel:etymology	tur: -lik
tur: tarkan	rel:etymology	Eski Türkçe: tarkan
tur: hırka	rel:etymology	ara: χrḳ
tur: bıçkı	rel:etymology	Eski Türkçe: bıçġu
tur: ölümlülük	rel:etymology	tur: ölümlü
tur: bağış	rel:etymology	Türkiye Türkçesi: bağışla-
tur: krep	rel:etymology	fre: crêpe
tur: konuşlanmak	rel:etymology	Türkiye Türkçesi: *konuş
tur: endişe	rel:etymology	fas: اندیشه
tur: fileto	rel:etymology	ita: filetto
tur: tape	rel:etymology	fre: tapé
tur: miço	rel:etymology	ita: mozzo
tur: bezik	rel:etymology	fre: bésique 
tur: çörten	rel:etymology	arm: çrortan
tur: köylülük	rel:etymology	tur: köylü
tur: eril	rel:etymology	Türkiye Türkçesi: er
tur: kat	rel:etymology	Eski Türkçe: kat
tur: zevahir	rel:etymology	ara: ẓhr
tur: kıymak	rel:etymology	Eski Türkçe: kıy-
tur: telemetre	rel:etymology	fre: télémétre
tur: somun	rel:etymology	gre: psomín
tur: abdomen	rel:etymology	lat: abdomen, abdomin-
tur: gurur	rel:etymology	ara: غرور
tur: uçarken	rel:etymology	tur: uçmak
tur: kâffe	rel:etymology	ara: kff
tur: dinlemek	rel:etymology	Eski Türkçe: tıŋla-
tur: donatımlı	rel:etymology	tur: donatım
tur: azil	rel:etymology	ara: ˁzl
tur: valiz	rel:etymology	fra: valise
tur: mumya	rel:etymology	ara: مومياء
tur: yırtmaç	rel:etymology	tur: yırtmak
tur: işitmek	rel:etymology	Eski Türkçe: éşit- 
tur: dadı	rel:etymology	fas: دایه
tur: spor	rel:etymology	fra: spore
tur: çilekçi	rel:etymology	tur: çilek
tur: binaen	rel:etymology	ara: bināˀan
tur: lehçe	rel:etymology	ara: لهجة
tur: kuran	rel:etymology	ara: ḳrA
tur: buji	rel:etymology	fre: bougie
tur: taklit	rel:etymology	ara: ḳld
tur: değişmek	rel:etymology	Eski Türkçe: tegiş- 
tur: idare	rel:etymology	ara: إدارة
tur: çeşni	rel:etymology	per: çāşnī
tur: dönemeç	rel:etymology	Türkiye Türkçesi: dön-
tur: mezarlık	rel:etymology	tur: -lık
tur: giyim	rel:etymology	Eski Türkçe: kedim
tur: Sercan	rel:etymology	tur: ser
tur: çolpa	rel:etymology	per: çōlpā
tur: ecrimisil	rel:etymology	ara: acr
tur: hadımlık	rel:etymology	tur: hadım
tur: hasır	rel:etymology	ara: ḥṣr
tur: acelecilik	rel:etymology	tur: -lik
tur: keko	rel:etymology	Kürtçe (Kurmanci): keko
tur: gayser	rel:etymology	eng: geyser
tur: telaş	rel:etymology	ara: lşy
tur: klerikal	rel:etymology	fre: clérical
tur: dek	rel:etymology	eng: deck
tur: baryum	rel:etymology	fra: baryum
tur: cirm	rel:etymology	ara: crm
tur: kıvırmak	rel:etymology	Orta Türkçe: kıvur-
tur: abanmak	rel:etymology	ara: abāˀ
tur: detaylı	rel:etymology	tur: detay
tur: carpaccio	rel:etymology	ita: carpaccio
tur: takriz	rel:etymology	ara: ḳrḍ
tur: had	rel:etymology	ara: ḥdd
tur: ulan	rel:etymology	Türkiye Türkçesi: oğlan
tur: tebdil	rel:etymology	ara: bdl
tur: ar	rel:etymology	fre: are
tur: borani	rel:etymology	per: būrānī
tur: şasi	rel:etymology	fre: châssis
tur: itham	rel:etymology	ara: whm
tur: akciğer	rel:etymology	tur: ciğer
tur: telmih	rel:etymology	ara: lmḥ
tur: teleskop	rel:etymology	fre: téléscope
tur: ölümlü	rel:etymology	tur: ölüm
tur: bu	rel:etymology	per: būy
tur: bank	rel:etymology	fre: banque
tur: anarşi	rel:etymology	fra: anarchie
tur: indifa	rel:etymology	ara: dfˁ
tur: nikel	rel:etymology	fra: nickel
tur: waffle	rel:etymology	eng: waffle
tur: ittila	rel:etymology	ara: ṭlˁ
tur: Çek	rel:etymology	fra: tchèque
tur: imdi	rel:etymology	Oğuzca: imdi
tur: jenerik	rel:etymology	fre: générique
tur: kılgı	rel:etymology	Türkiye Türkçesi: kıl-
tur: vesile	rel:etymology	ara: wsl
tur: gudubet	rel:etymology	ara: ġḍb
tur: kıraç	rel:etymology	Türkiye Türkçesi: kır
tur: Ugandalı	rel:etymology	tur: -lı
tur: imbik	rel:etymology	ara: nbk
tur: buğra	rel:etymology	Eski Türkçe: buġra
tur: havadis	rel:etymology	ara: ḥds̠
tur: domalan	rel:etymology	Türkiye Türkçesi: tomal- 
tur: fücur	rel:etymology	ara: fcr
tur: küllük	rel:etymology	tur: -lük
tur: bağlı	rel:etymology	tur: bağ
tur: üveyik	rel:etymology	Türkiye Türkçesi: ügey-
tur: geriş	rel:etymology	Eski Türkçe: keriş
tur: hister(o)+	rel:etymology	lat: uterus
tur: emtia	rel:etymology	ara: mtˁ
tur: kürsü	rel:etymology	ara: kursī
tur: akıntı	rel:etymology	Türkiye Türkçesi: ak-
tur: ergenlik	rel:etymology	tur: -lik
tur: umutsuz	rel:etymology	tur: umut
tur: kongre	rel:etymology	fre: congrès
tur: sarhoşluk	rel:etymology	tur: sarhoş
tur: eytam	rel:etymology	ara: ytm
tur: gevrek	rel:etymology	Eski Türkçe: kegrek 
tur: tuzsuz	rel:etymology	tur: tuz
tur: gamma	rel:etymology	eng: gamma ray
tur: deflasyon	rel:etymology	fre: déflation
tur: babalı	rel:etymology	tur: baba
tur: ekrü	rel:etymology	fre: écru
tur: trapez	rel:etymology	fre: trapèze
tur: bizmut	rel:etymology	fre: bismuth
tur: arıstak	rel:etymology	hye: առաստաղ
tur: yerel	rel:etymology	Türkiye Türkçesi: yer
tur: yazı	rel:etymology	Eski Türkçe: yazı
tur: şule	rel:etymology	ara: şˁl
tur: tekne	rel:etymology	Eski Türkçe: tekne
tur: asitane	rel:etymology	per: āstān 
tur: çeneli	rel:etymology	tur: -li
tur: akar	rel:etymology	fre: acare
tur: kaşalot	rel:etymology	fre: cachalot
tur: türban	rel:etymology	fra: turban
tur: ekimoz	rel:etymology	fre: ecchymose
tur: umutsuz	rel:etymology	tur: -suz
tur: kargış	rel:etymology	Eski Türkçe: karġış
tur: vareste	rel:etymology	per: vārasta
tur: güvey	rel:etymology	Eski Türkçe: küdegü
tur: ya	rel:etymology	per: yā
tur: alarm	rel:etymology	fre: alarme
tur: eksik	rel:etymology	Eski Türkçe: egsük
tur: ilenç	rel:etymology	Eski Türkçe: ilenç
tur: kuruntu	rel:etymology	Türkiye Türkçesi: kurun-
tur: zangoç	rel:etymology	arm:  
tur: illuminati	rel:etymology	lat: illuminati
tur: vecd	rel:etymology	ara: wcd
tur: azim	rel:etymology	ara: ˁẓm
tur: profesyonel	rel:etymology	fra: professionnel
tur: karakulak	rel:etymology	tur: kara
tur: akroter	rel:etymology	fre: acrotère
tur: çömez	rel:etymology	Türkiye Türkçesi: çöm-
tur: deruhte	rel:etymology	per: dar ˁuhda giriftan
tur: kör	rel:etymology	fre: coeur
tur: meze	rel:etymology	fas: مزه
tur: Hollandalı	rel:etymology	tur: -lı
tur: fazilet	rel:etymology	ara: fḍl
tur: şerefe	rel:etymology	ara: şrf
tur: bedava	rel:etymology	per: bād-āvard
tur: balüstrad	rel:etymology	fre: balustrade
tur: deklare	rel:etymology	fre: déclarer
tur: bint	rel:etymology	ara: bn
tur: balyoz	rel:etymology	ell: βαρειός
tur: profesyonellik	rel:etymology	tur: profesyonel
tur: özverili	rel:etymology	tur: özveri
tur: akne	rel:etymology	eng: acne
tur: nişan	rel:etymology	fas: نشان
tur: sumak	rel:etymology	ara: smḳ
tur: güya	rel:etymology	per: gūyā
tur: koli basili	rel:etymology	Yeni Latince: escherichia coli
tur: iddiasız	rel:etymology	tur: iddia
tur: zümre	rel:etymology	ara: zmr
tur: Kürt	rel:etymology	kur: kurd
tur: zemin	rel:etymology	per: zamīn
tur: alez	rel:etymology	fre: à l'aise
tur: androjin	rel:etymology	fre/eng: androgyne
tur: kauçuk	rel:etymology	fre: caoutchouc
tur: bono	rel:etymology	ita: bono
tur: hidronim	rel:etymology	eng: hydronym
tur: budala	rel:etymology	ara: bdl
tur: krokodil	rel:etymology	fre: crocodile
tur: svastika	rel:etymology	ger: Swastika
tur: agav	rel:etymology	fre/eng: agave
tur: çıkışmak	rel:etymology	Türkiye Türkçesi: çık-
tur: brifing	rel:etymology	eng: briefing
tur: Atinalı	rel:etymology	tur: Atina
tur: birey	rel:etymology	Eski Türkçe: biregü
tur: esham	rel:etymology	ara: ashām
tur: Yemenli	rel:etymology	tur: Yemen
tur: antropoloji	rel:etymology	fre: anthropologie
tur: briyantin	rel:etymology	fre: brillantine
tur: abonelik	rel:etymology	tur: -lik
tur: telakki	rel:etymology	ara: lḳy
tur: denden	rel:etymology	per: dandān
tur: bas	rel:etymology	fre: basse
tur: taze	rel:etymology	per: tāze
tur: çaydanlık	rel:etymology	Türkiye Türkçesi: çaydān
tur: fukara	rel:etymology	ara: fḳr
tur: yeğin	rel:etymology	Türkiye Türkçesi: yeg
tur: temenni	rel:etymology	ara: mny
tur: hafif	rel:etymology	ara: χff
tur: homoseksüel	rel:etymology	fra: homosexuel
tur: helyum	rel:etymology	Yeni Latince: helium
tur: hünsa	rel:etymology	ara: χns̠
tur: bisikletçilik	rel:etymology	tur: -lik
tur: boyamak	rel:etymology	Eski Türkçe: bodu-
tur: dedikoducu	rel:etymology	tur: dedikodu
tur: aşk	rel:etymology	ara: ˁşḳ
tur: grado	rel:etymology	ita: grado
tur: pamuksu	rel:etymology	tur: pamuk
tur: şimal	rel:etymology	ara: شمال
tur: akraba	rel:etymology	ara: اقرباء
tur: sekreter	rel:etymology	fra: secrétaire
tur: tigin	rel:etymology	Eski Türkçe: tégin
tur: Mozambikli	rel:etymology	tur: Mozambik
tur: Alman	rel:etymology	fre: Allemand
tur: talaş	rel:etymology	per: tarāş 
tur: kurul	rel:etymology	Yeni Türkçe: kurultay
tur: dostluk	rel:etymology	tur: -luk
tur: travma	rel:etymology	fra: trauma
tur: terk	rel:etymology	ara: trk
tur: tilavet	rel:etymology	ara: tlw
tur: gözetlemek	rel:etymology	Türkiye Türkçesi: gözet-
tur: çulluk	rel:etymology	Eski Türkçe: çulık
tur: krüdite	rel:etymology	fre: crudité
tur: çim	rel:etymology	Eski Türkçe: çim
tur: empresyon	rel:etymology	fre: impression
tur: tüccar	rel:etymology	ara: tcr
tur: adam	rel:etymology	ara: آدم
tur: celal	rel:etymology	ara: cll
tur: temas	rel:etymology	ara: mss
tur: stok	rel:etymology	eng: stock
tur: ağdacı	rel:etymology	tur: ağda
tur: volkan	rel:etymology	fra: volcan
tur: kazanmak	rel:etymology	Eski Türkçe: kazġan-
tur: ebat	rel:etymology	ara: bˁd
tur: bülent	rel:etymology	Farsça ve Orta Farsça: buland
tur: afyon	rel:etymology	fas: أفيون
tur: yapıncak	rel:etymology	tur: -cak
tur: başak	rel:etymology	Eski Türkçe: başak
tur: tezahür	rel:etymology	ara: ẓhr
tur: ideal	rel:etymology	fre: idéal
tur: imkân	rel:etymology	ara: mkn
tur: çaresiz	rel:etymology	tur: -siz
tur: gitmek	rel:etymology	Eski Türkçe: kit-
tur: doktorluk	rel:etymology	tur: doktor
tur: örnek	rel:etymology	xcl: օրինակ
tur: terfi	rel:etymology	ara: rfˁ
tur: duman	rel:etymology	Eski Türkçe: tuman
tur: hormon	rel:etymology	fre/eng: hormone
tur: tsunami	rel:etymology	eng: tsunami
tur: basma	rel:etymology	Türkiye Türkçesi: bas-
tur: hurda	rel:etymology	per: χorda
tur: hani	rel:etymology	gre: χánni
tur: şintoizm	rel:etymology	Japonca : şintō
tur: cadı	rel:etymology	per: cādū 
tur: kontrpuan	rel:etymology	fre: contrepoint
tur: velodrom	rel:etymology	fre: vélodrome
tur: asketik	rel:etymology	eng: ascetic
tur: iblağ	rel:etymology	ara: blġ
tur: ulufe	rel:etymology	ara: ˁlf
tur: liret	rel:etymology	fra: lirette
tur: arif	rel:etymology	ara: ˁrf
tur: voyvoda	rel:etymology	Sırpça : voivoda
tur: çip	rel:etymology	eng: chip
tur: iltibas	rel:etymology	ara: lbs
tur: anonim	rel:etymology	fre: anonyme
tur: gros	rel:etymology	fre: grosse
tur: aktivasyon	rel:etymology	fre/eng: activation
tur: abartmasız	rel:etymology	tur: -siz
tur: yarım	rel:etymology	Eski Türkçe: yarım
tur: cin	rel:etymology	ara: جن
tur: hantal	rel:etymology	ara: ḥnṭl
tur: beyzbolculuk	rel:etymology	tur: -luk
tur: vedut	rel:etymology	ara: wdd
tur: tekfir	rel:etymology	ara: kfr
tur: istilzam	rel:etymology	ara: lzm
tur: tıkamak	rel:etymology	Türkiye Türkçesi: tık-
tur: sahte	rel:etymology	fas: ساخته
tur: abartılı	rel:etymology	tur: -lı
tur: saksafon	rel:etymology	fra: saxophone
tur: evle	rel:etymology	tur: -le
tur: tenkil	rel:etymology	ara: nkl
tur: devre	rel:etymology	ara: dwr
tur: kanser	rel:etymology	lat: cancer
tur: yabancı	rel:etymology	tur: -cı
tur: çetele	rel:etymology	Türkiye Türkçesi: çet- 
tur: yortu	rel:etymology	gre: yiortí
tur: kumral	rel:etymology	Orta Türkçe (sadece Kıpçak ve Oğuz lehçelerinde): *koŋral
tur: Hititçe	rel:etymology	tur: -çe
tur: pijama	rel:etymology	fra: pyjama
tur: İsveççe	rel:etymology	tur: -çe
tur: itmek	rel:etymology	Eski Türkçe: it-
tur: domuz	rel:etymology	otk: تنكز
tur: tüm	rel:etymology	Türkiye Türkçesi: tom 
tur: fon	rel:etymology	fre: fond
tur: genelge	rel:etymology	Yeni Türkçe: genel
tur: çırçır	rel:etymology	gre: tzutzuria
tur: tapu	rel:etymology	Eski Türkçe: tapuġ
tur: salıncak	rel:etymology	tur: salınmak
tur: bekâret	rel:etymology	ara: bkr
tur: espadril	rel:etymology	fre: espadrille
tur: bağdaşmak	rel:etymology	Eski Türkçe: baġda-
tur: altimetre	rel:etymology	fre: altimètre
tur: kadir	rel:etymology	ara: ḳdr
tur: dua	rel:etymology	ara: دعاء
tur: teist	rel:etymology	fra: théiste
tur: evcikli	rel:etymology	tur: -li
tur: epigram	rel:etymology	fre: épigramme
tur: şenaat	rel:etymology	ara: şnˁ
tur: irtidat	rel:etymology	ara: rdd
tur: komedi	rel:etymology	fra: comédie
tur: eksen	rel:etymology	gre: ákson
tur: kantinci	rel:etymology	tur: -ci
tur: teşhir	rel:etymology	ara: şhr
tur: yummak	rel:etymology	Eski Türkçe: yum-
tur: tevzi	rel:etymology	ara: wzˁ
tur: şartlı	rel:etymology	tur: şart
tur: blog	rel:etymology	eng: blog
tur: terörizm	rel:etymology	fra: terrorisme
tur: büfe	rel:etymology	fre: buffet
tur: ara	rel:etymology	Eski Türkçe: ara
tur: füzen	rel:etymology	fre: fusain
tur: kolektif	rel:etymology	fre: collectif
tur: inovasyon	rel:etymology	fre/eng: innovation
tur: beden	rel:etymology	ara: بدن
tur: itiyat	rel:etymology	ara: ˁwd
tur: zombi	rel:etymology	fre/eng: zombie
tur: şerh	rel:etymology	ara: şrḥ
tur: çekingen	rel:etymology	Türkiye Türkçesi: çekin-
tur: zerdali	rel:etymology	fas: زردآلو
tur: ahar	rel:etymology	per: āhār 
tur: blender	rel:etymology	eng: blender
tur: belediye	rel:etymology	ara: بلدية
tur: spontane	rel:etymology	fre: spontané
tur: ateizm	rel:etymology	fra: athéisme
tur: konserve	rel:etymology	fre: conserve
tur: bent	rel:etymology	per: band
tur: tanen	rel:etymology	fre: tannin
tur: endüljans	rel:etymology	fre: indulgence
tur: lüzumsuz	rel:etymology	tur: -suz
tur: transport	rel:etymology	fre: transporte
tur: deccal	rel:etymology	ara: dcl
tur: vibrasyon	rel:etymology	fre: vibration
tur: imparatoriçe	rel:etymology	Sırpça : imperatoritsa
tur: nargile	rel:etymology	fas: نارگیله
tur: ipek	rel:etymology	Orta Türkçe: ipek 
tur: istimal	rel:etymology	ara: استعمال
tur: firik	rel:etymology	ara: frk
tur: kanserli	rel:etymology	tur: kanser
tur: civar	rel:etymology	ara: جوار
tur: Fuat	rel:etymology	ara: فؤاد
tur: temessül	rel:etymology	ara: ms̠l
tur: kurun	rel:etymology	ara: ḳrn
tur: farmakoloji	rel:etymology	fre: pharmacologie
tur: arak	rel:etymology	Türkiye Türkçesi: alak
tur: alla	rel:etymology	tur: al
tur: konstrüksiyon	rel:etymology	fre: construction
tur: fobi	rel:etymology	fre: phobie
tur: cımbız	rel:etymology	ell: τσιμπίδι
tur: cündi	rel:etymology	ara: cundī
tur: erdem	rel:etymology	Eski Türkçe: erdem
tur: beşlik	rel:etymology	tur: beş
tur: antimonlu	rel:etymology	tur: -lu
tur: dayanak	rel:etymology	Türkiye Türkçesi: dayan-
tur: üretan	rel:etymology	fre: uréthane
tur: çuvaldız	rel:etymology	per: cuwāl dūz
tur: şamandıra	rel:etymology	gre: simadúra
tur: fiyaka	rel:etymology	fre: fiacre
tur: bellek	rel:etymology	Türkiye Türkçesi: belle-
tur: kuzine	rel:etymology	fre: cuisine
tur: kunt	rel:etymology	per: kund
tur: kültür	rel:etymology	fra: culture
tur: zom	rel:etymology	Yeni Yunanca ve Eski Yunanca: zomós
tur: hermetik	rel:etymology	fre: hérmetique
tur: poç	rel:etymology	hye: պոչ
tur: yorgunluk	rel:etymology	tur: yorgun
tur: tarziye	rel:etymology	ara: rḍw
tur: bizote	rel:etymology	fre: biseauté
tur: guano	rel:etymology	spa: guano
tur: mayo	rel:etymology	fra: maillot
tur: şehbender	rel:etymology	per: şahbandar
tur: jammer	rel:etymology	eng: jammer
tur: yığmak	rel:etymology	Eski Türkçe: yıġ-
tur: eşkıya	rel:etymology	ara: şḳw
tur: ayn	rel:etymology	ara: ˁyn
tur: hakkâk	rel:etymology	ara: ḥkk
tur: etkisiz	rel:etymology	tur: etki
tur: şerif	rel:etymology	ara: şrf
tur: veteriner	rel:etymology	fra: vétérinaire
tur: ibadet	rel:etymology	ara: ˁbd
tur: kendi	rel:etymology	Eski Türkçe: kentü
tur: günah	rel:etymology	fas: گناه
tur: temellük	rel:etymology	ara: mlk
tur: yapay	rel:etymology	Türkiye Türkçesi: yap-
tur: azgın	rel:etymology	Türkiye Türkçesi: az-
tur: abrasif	rel:etymology	eng: abrasive
tur: heybe	rel:etymology	ara: ḥḳb
tur: çap	rel:etymology	hye: չափ
tur: üye	rel:etymology	mon: üye
tur: enflamasyon	rel:etymology	fre: inflammation
tur: duvak	rel:etymology	Türkiye Türkçesi: tuğak 
tur: jonglör	rel:etymology	fre: jongleur
tur: ekrem	rel:etymology	ara: krm
tur: dinçlik	rel:etymology	tur: -lik
tur: ehliyet	rel:etymology	ara: Ahl
tur: irdelemek	rel:etymology	Eski Türkçe: irte-
tur: dilenci	rel:etymology	tur: -ci
tur: farksız	rel:etymology	tur: fark
tur: efdal	rel:etymology	ara: fḍl
tur: ehli	rel:etymology	ara: Ahl
tur: tekniker	rel:etymology	ger: Techniker
tur: Hakasça	rel:etymology	tur: -ça
tur: tiyatro	rel:etymology	ita: teatro
tur: tesettür	rel:etymology	ara: str
tur: dal	rel:etymology	Eski Türkçe: tāl
tur: yöntem	rel:etymology	Türkiye Türkçesi: yön
tur: aramak	rel:etymology	Eski Türkçe: arka-
tur: su basmanı	rel:etymology	fre: soubassement
tur: traktör	rel:etymology	fre: tracteur
tur: Duşanbeli	rel:etymology	tur: Duşanbe
tur: Korece	rel:etymology	tur: Kore
tur: Zagrepli	rel:etymology	tur: Zagrep
tur: Tayca	rel:etymology	tur: -ca
tur: namaz	rel:etymology	fas: نماز
tur: bilimsel	rel:etymology	tur: -sel
tur: kurban	rel:etymology	ara: ḳrb
tur: humor	rel:etymology	fre/eng: humour
tur: ağızlı	rel:etymology	tur: -lı
tur: utku	rel:etymology	Eski Türkçe ve Türkiye Türkçesi: ut-
tur: batıl	rel:etymology	ara: bṭl
tur: plastik	rel:etymology	fra: plastique
tur: iterbiyum	rel:etymology	fra: ytterbium
tur: bel	rel:etymology	per: bīl
tur: boran	rel:etymology	Orta Türkçe: borağan 
tur: casual	rel:etymology	eng: casual
tur: söğüt	rel:etymology	Eski Türkçe: sögüt
tur: iddialı	rel:etymology	tur: iddia
tur: iç	rel:etymology	Eski Türkçe: iç
tur: şiddet	rel:etymology	ara: şdd
tur: tanker	rel:etymology	eng: tanker
tur: kirpik	rel:etymology	Eski Türkçe: kirpik
tur: fren	rel:etymology	fre: frein
tur: diktafon	rel:etymology	ticari markasından: dictation microphone
tur: hadim	rel:etymology	ara: χdm
tur: dejavü	rel:etymology	eng: deja vu
tur: yaş	rel:etymology	Eski Türkçe: yaş
tur: dumansız	rel:etymology	tur: -siz
tur: entropi	rel:etymology	eng: entropy
tur: Erol	rel:etymology	tur: ol
tur: cebren	rel:etymology	ara: جبرا
tur: olgunluk	rel:etymology	tur: -luk
tur: abril	rel:etymology	hye: ապրիլ
tur: krampon	rel:etymology	fre: crampon
tur: filhakika	rel:etymology	ara: fī'l-ḥaḳīḳa(t)
tur: çar	rel:etymology	rus: царь
tur: yağma	rel:etymology	Türkiye Türkçesi: yakma
tur: edep	rel:etymology	ara: Adb
tur: Lubunyaca	rel:etymology	tur: Lubunya
tur: delgeç	rel:etymology	Türkiye Türkçesi: del-
tur: avlu	rel:etymology	gre: avlí
tur: buzlu	rel:etymology	tur: buz
tur: keten	rel:etymology	Arapça ve Farsça: katān
tur: üniversiteli	rel:etymology	tur: -li
tur: dinozor	rel:etymology	fra: dinosaure
tur: eğmek	rel:etymology	Eski Türkçe: eg-
tur: afitap	rel:etymology	per: āftāb
tur: kaza	rel:etymology	ara: ḳḍy
tur: gözlü	rel:etymology	tur: -lü
tur: suşi	rel:etymology	Japonca : sushi
tur: spektrum	rel:etymology	lat: spectrum
tur: kallavi	rel:etymology	ara: ḳullawī
tur: görenek	rel:etymology	Türkiye Türkçesi: gör-
tur: kılsızlık	rel:etymology	tur: -lık
tur: voli	rel:etymology	gre: volí
tur: borazan	rel:etymology	Türkiye Türkçesi: boru-zen
tur: avret	rel:etymology	ara: ˁwr
tur: kantinci	rel:etymology	tur: kantin
tur: üzengi	rel:etymology	Eski Türkçe: üzengü
tur: sevda	rel:etymology	ara: سوداء
tur: comeback	rel:etymology	eng: comeback
tur: zooloji	rel:etymology	fre: zoologie
tur: agr(o)+	rel:etymology	fre/eng: agro+
tur: aktivite	rel:etymology	fre: activité
tur: ayık	rel:etymology	Eski Türkçe: *aduk
tur: +şinas	rel:etymology	per: şinās
tur: kayın	rel:etymology	Eski Türkçe: kadıŋ
tur: zaman	rel:etymology	Arapça ve Farsça: zamān
tur: Sercan	rel:etymology	tur: -can
tur: haritacılık	rel:etymology	tur: -lık
tur: kundura	rel:etymology	Yeni Yunanca ve Eski Yunanca: kóthornos
tur: şatobriyan	rel:etymology	fre: chateaubriand
tur: yabgu	rel:etymology	Eski Türkçe: yabgu
tur: yavşan	rel:etymology	Eski Türkçe: yabçan
tur: farmason	rel:etymology	fre: franc maçon
tur: bale	rel:etymology	fre: ballet
tur: asalak	rel:etymology	Türkiye Türkçesi: as-
tur: ispati	rel:etymology	gre: spáthi
tur: feminen	rel:etymology	fre: féminin
tur: bilek	rel:etymology	Eski Türkçe: bilek
tur: konyak	rel:etymology	fre: cognac
tur: açelya	rel:etymology	ita: azalea
tur: zarf	rel:etymology	ara: ظرف
tur: keş	rel:etymology	per: kaş
tur: tur	rel:etymology	fre: tour
tur: zaptiye	rel:etymology	ara: ḍabṭ
tur: böğürmek	rel:etymology	Orta Türkçe: bögür-
tur: yeksan	rel:etymology	per: yaksān
tur: krokan	rel:etymology	fre: croquant
tur: emlakçılık	rel:etymology	tur: -lık
tur: erzak	rel:etymology	ara: rzḳ
tur: tim	rel:etymology	eng: team
tur: su	rel:etymology	Eski Türkçe: suv
tur: fenol	rel:etymology	fre: phénole
tur: müge	rel:etymology	fra: muguet
tur: tabut	rel:etymology	ara: تابوت
tur: anlaşılmaz	rel:etymology	tur: anlaşılmamak
tur: istek	rel:etymology	Eski Türkçe: istek
tur: fast-food	rel:etymology	eng: fast-food
tur: aşk	rel:etymology	ara: عشق
tur: işlememek	rel:etymology	tur: mek
tur: hıyarşembe	rel:etymology	per: χiyār şanbar
tur: gazel	rel:etymology	ara: ġzl
tur: fariğ	rel:etymology	ara: frġ
tur: çöven	rel:etymology	Orta Türkçe: çoġan
tur: bürhan	rel:etymology	ara: brhn
tur: kapiş	rel:etymology	ita: capisci?
tur: bengi	rel:etymology	Eski Türkçe: meŋgü
tur: kağan	rel:etymology	Eski Türkçe: χaġan/χaḳan
tur: kalaysız	rel:etymology	tur: -siz
tur: jokey	rel:etymology	eng: jockey
tur: teşhis	rel:etymology	ara: şχṣ
tur: bakım	rel:etymology	Türkiye Türkçesi: bak-
tur: ekstra	rel:etymology	fre/eng: extra
tur: ücretli	rel:etymology	tur: ücret
tur: bizon	rel:etymology	fre: bison
tur: puan	rel:etymology	fra: point
tur: cem	rel:etymology	ara: cmˁ
tur: minare	rel:etymology	tur: منارة
tur: travay	rel:etymology	fre: travail
tur: havas	rel:etymology	ara: χṣṣ
tur: beriberi	rel:etymology	fre: béribéri
tur: tabu	rel:etymology	eng: taboo
tur: kolonya	rel:etymology	fre: eau de Cologne
tur: Karagöz	rel:etymology	tur: kara
tur: cereyan	rel:etymology	ara: cry
tur: aksülamel	rel:etymology	ara: ˁaks
tur: hasbelkader	rel:etymology	ara: ḥasba'l-ḳadar
tur: sürümek	rel:etymology	Orta Türkçe (sadece Kıpçak ve Oğuz lehçelerinde): sürü-
tur: kündekâri	rel:etymology	per: kande kārī
tur: donkişot	rel:etymology	özel adından: don
tur: baston	rel:etymology	vec: bastòn
tur: kettle	rel:etymology	eng: kettle
tur: destinasyon	rel:etymology	fre/eng: destination
tur: eğir	rel:etymology	Yeni Yunanca ve Eski Yunanca: ákoros
tur: üstsüz	rel:etymology	tur: üst
tur: şurup	rel:etymology	ara: şrb
tur: klitoris	rel:etymology	Yeni Latince: clitoris
tur: arazi	rel:etymology	ara: Arḍ
tur: halen	rel:etymology	ara: ḥālan
tur: ayakçı	rel:etymology	tur: -çı
tur: balon	rel:etymology	fra: ballon
tur: eviç	rel:etymology	ara: Awc
tur: tasavvuf	rel:etymology	ara: ṣwf
tur: alo	rel:etymology	fre: allo
tur: vizüel	rel:etymology	fre: visuel
tur: yom kippur	rel:etymology	heb: yōm kippūr
tur: komilfo	rel:etymology	fre: comme il faut
tur: gebermek	rel:etymology	Orta Türkçe: keber-
tur: yüzücü	rel:etymology	tur: yüzmek
tur: kavşak	rel:etymology	Türkiye Türkçesi: kavuş-
tur: liseli	rel:etymology	tur: -li
tur: karne	rel:etymology	fra: carnet
tur: bazı	rel:etymology	ara: baˁḍi
tur: enfiye	rel:etymology	ara: Anf
tur: Mogadişulu	rel:etymology	tur: -lu
tur: isim	rel:etymology	ara: sm
tur: hack	rel:etymology	eng: hack
tur: yanılgı	rel:etymology	Türkiye Türkçesi: yanıl-
tur: garaz	rel:etymology	ara: ġrḍ
tur: subatomik	rel:etymology	eng: subatomic
tur: cevşen	rel:etymology	Arapça ve Farsça: cwşn
tur: İtalyanca	rel:etymology	tur: İtalyan
tur: seramik	rel:etymology	fra: céramique
tur: hatta	rel:etymology	ara: ḥattā
tur: terhin	rel:etymology	ara: rhn
tur: bomba	rel:etymology	ita: bomba
tur: ecinni	rel:etymology	ara: cnn
tur: şahtere	rel:etymology	per: şāhtara
tur: tere	rel:etymology	per: tara
tur: tok	rel:etymology	Eski Türkçe: tok
tur: fitoloji	rel:etymology	fre: phytologie
tur: süje	rel:etymology	fre: sujet
tur: seçici	rel:etymology	tur: seçmek
tur: factoring	rel:etymology	eng: factoring
tur: tatsızlık	rel:etymology	tur: -lık
tur: selenyum	rel:etymology	fra: sélénium
tur: dokuzunculuk	rel:etymology	tur: dokuzuncu
tur: krema	rel:etymology	ita: crema
tur: anyon	rel:etymology	Yeni Latince: anion
tur: keşif	rel:etymology	ara: kşf
tur: spam	rel:etymology	eng: spam
tur: fule	rel:etymology	fre: foulée
tur: bilmece	rel:etymology	Türkiye Türkçesi: bil-
tur: teksif	rel:etymology	ara: ks̠f
tur: vurgun	rel:etymology	Türkiye Türkçesi: vur-
tur: taret	rel:etymology	eng: turret
tur: tenis	rel:etymology	eng: tennis
tur: koordinat	rel:etymology	ger: Koordinat
tur: ibik	rel:etymology	TTü (onom): ibük
tur: Arap	rel:etymology	ara: ˁrb
tur: eldiven	rel:etymology	Türkiye Türkçesi: el
tur: destan	rel:etymology	per: dastān 
tur: konuşmak	rel:etymology	Eski Türkçe: kon-
tur: otel	rel:etymology	fra: hôtel
tur: tecim	rel:etymology	Türkiye Türkçesi: teci-
tur: azamet	rel:etymology	ara: ˁẓm
tur: kaptan	rel:etymology	vec: capitán
tur: tahra	rel:etymology	per: dahra
tur: tevhit	rel:etymology	ara: wḥd
tur: artikel	rel:etymology	ger: Artikel
tur: şaibe	rel:etymology	ara: şwb
tur: varidat	rel:etymology	ara: wrd
tur: taciz	rel:etymology	ara: ˁcz
tur: deyim	rel:etymology	Türkiye Türkçesi: de-
tur: kalantor	rel:etymology	ita: galantuomo
tur: kibrit	rel:etymology	ara: كبريت
tur: sonsuzluk	rel:etymology	tur: sonsuz
tur: buhar	rel:etymology	ara: bχr
tur: caniko	rel:etymology	per: cān
tur: asimptot	rel:etymology	fra: asymptote
tur: dobra	rel:etymology	Bulgarca ve Sırpça : dobar, dobro
tur: zebun	rel:etymology	per: zabūn
tur: diyalog	rel:etymology	fre: dialogue
tur: vernisaj	rel:etymology	fre: vernissage
tur: kibirli	rel:etymology	tur: -li
tur: insektisit	rel:etymology	fre/eng: insecticide
tur: yüzük	rel:etymology	Eski Türkçe: yüzük
tur: kadayıf	rel:etymology	ara: ḳṭf
tur: ksenon	rel:etymology	Yeni Latince: xenon
tur: sünnetli	rel:etymology	tur: -li
tur: çilek	rel:etymology	Kıpçakça: cilek
tur: hidr(o)+	rel:etymology	eng: wet
tur: vekil	rel:etymology	ara: وكیل
tur: heyula	rel:etymology	ara: hyl
tur: üremi	rel:etymology	fre: urémie
tur: derbeder	rel:etymology	per: dar ba dar
tur: şöbiyet	rel:etymology	ara: şbˁ
tur: tepsi	rel:etymology	Eski Türkçe: tebsi
tur: çakal	rel:etymology	fas: شغال
tur: tahsil	rel:etymology	ara: ḥṣl
tur: ergin	rel:etymology	Türkiye Türkçesi: ér-
tur: karkas	rel:etymology	fre: carcasse
tur: bulut	rel:etymology	Eski Türkçe: bulıt
tur: mutluluk	rel:etymology	tur: -luk
tur: soğukluk	rel:etymology	tur: soğuk
tur: çizelge	rel:etymology	Türkiye Türkçesi: çiz-
tur: Hitit	rel:etymology	fra: hittite
tur: köpeksiz	rel:etymology	tur: -siz
tur: intisap	rel:etymology	ara: nsb
tur: İsveççe	rel:etymology	tur: İsveç
tur: baği	rel:etymology	ara: bġy
tur: ganimet	rel:etymology	ara: ġnm
tur: Nogayca	rel:etymology	tur: Nogay
tur: ceberrut	rel:etymology	ara: cbr
tur: bitüm	rel:etymology	fre: bitume
tur: kireç	rel:etymology	per: girac
tur: şantiye	rel:etymology	fre: chantier
tur: fotomodel	rel:etymology	eng: photo model
tur: ergimek	rel:etymology	Eski Türkçe: ergür-
tur: kruvaziyer	rel:etymology	fre: croisière
tur: hedonizm	rel:etymology	fre: hédonisme
tur: aman	rel:etymology	ara: Amn
tur: gülçe	rel:etymology	fas: گلچه
tur: üst	rel:etymology	Orta Türkçe: üst
tur: tuş	rel:etymology	fre: touche
tur: dumansız	rel:etymology	tur: duman
tur: dirhem	rel:etymology	per: dirham
tur: demonte	rel:etymology	fre: démonter
tur: veladet	rel:etymology	ara: wld
tur: şerit	rel:etymology	ara: şrṭ
tur: avan	rel:etymology	fre: avant
tur: çeşm	rel:etymology	Farsça ve Orta Farsça: çaşm
tur: dispepsi	rel:etymology	fre: dyspepsie
tur: krema	rel:etymology	fre: crème
tur: müftü	rel:etymology	ara: مفت
tur: abosa	rel:etymology	ita: abbozza
tur: tifüs	rel:etymology	Yeni Latince: typhus
tur: haftaym	rel:etymology	eng: half-time
tur: kabalık	rel:etymology	tur: kaba
tur: harbi	rel:etymology	ara: ḥarbī
tur: düdüklü	rel:etymology	tur: -lü
tur: efervesan	rel:etymology	fre: effervescent
tur: develope	rel:etymology	fre: développer
tur: galat	rel:etymology	ara: ġlṭ
tur: kerpeten	rel:etymology	ara: klb
tur: bungalov	rel:etymology	eng: bungalow
tur: sektör	rel:etymology	fra: secteur
tur: yetki	rel:etymology	Türkiye Türkçesi: yet-
tur: hızlı	rel:etymology	tur: hız
tur: vitrin	rel:etymology	fra: vitrine
tur: dürbün	rel:etymology	fas: دوربین
tur: sakatlık	rel:etymology	tur: sakat
tur: faraza	rel:etymology	ara: farḍan
tur: Danca	rel:etymology	tur: Dan
tur: şive	rel:etymology	per: şīva
tur: hikaye	rel:etymology	ara: حكاية
tur: konu	rel:etymology	tur: konmak
tur: sedef	rel:etymology	ara: صدف
tur: hızlılık	rel:etymology	tur: hızlı
tur: kereviz	rel:etymology	Arapça ve Farsça: karafs
tur: kedi	rel:etymology	Orta Yunanca: kátos 
tur: adaletli	rel:etymology	tur: adalet
tur: biçare	rel:etymology	per: bīçāra
tur: Macarca	rel:etymology	tur: Macar
tur: defter	rel:etymology	ara: dftr
tur: efsanevi	rel:etymology	fas: افسانوی
tur: abdest	rel:etymology	fas: آبدست
tur: after	rel:etymology	eng: after
tur: dublör	rel:etymology	fre: doubleur
tur: tersane	rel:etymology	ita: tersanà
tur: ölümsüzlük	rel:etymology	tur: ölümsüz
tur: dindarlık	rel:etymology	tur: -lık
tur: dalgalandırmak	rel:etymology	tur: dalgalanmak
tur: hakim	rel:etymology	ara: ḥkm
tur: kale	rel:etymology	ara: ḳlˁ
tur: sosisli	rel:etymology	tur: sosis
tur: idealist	rel:etymology	fra: idéaliste
tur: branda	rel:etymology	ita: branda
tur: kabin	rel:etymology	fre: cabine
tur: amenajman	rel:etymology	fre: aménagement
tur: Andorralı	rel:etymology	tur: -lı
tur: fakat	rel:etymology	ara: faḳaṭ
tur: döş	rel:etymology	Eski Türkçe: töş
tur: taharri	rel:etymology	ara: ḥry
tur: zaruri	rel:etymology	ara: ضروري
tur: dülger	rel:etymology	per: durūdgar 
tur: gurme	rel:etymology	fre: gourmet
tur: epoksi	rel:etymology	eng: epoxy
tur: stearin	rel:etymology	fre: stéarine
tur: heder	rel:etymology	ara: hdr
tur: vinyet	rel:etymology	fre: vignette
tur: migren	rel:etymology	fra: migraine
tur: götürmek	rel:etymology	Eski Türkçe: kötür-
tur: onunculuk	rel:etymology	tur: -luk
tur: iktiza	rel:etymology	ara: ḳḍy
tur: üşümek	rel:etymology	Eski Türkçe: üşi-
tur: tünik	rel:etymology	fre: tunique
tur: vendetta	rel:etymology	fre/eng: vendetta
tur: pürüzsüz	rel:etymology	tur: pürüz
tur: akvarel	rel:etymology	fre: aquarelle
tur: güllaç	rel:etymology	per: gulanc
tur: yapışmak	rel:etymology	Eski Türkçe: yapış-
tur: tarihçi	rel:etymology	tur: tarih
tur: terakki	rel:etymology	ara: rḳy
tur: şümul	rel:etymology	ara: şml
tur: yumurtalık	rel:etymology	tur: -lık
tur: saplı	rel:etymology	tur: sap
tur: kaşkol	rel:etymology	fre: cache-col
tur: kuvvetsiz	rel:etymology	tur: kuvvet
tur: kuka	rel:etymology	Portekizce : coco
tur: kahvaltı	rel:etymology	Türkiye Türkçesi: kahve altı
tur: çilekli	rel:etymology	tur: çilek
tur: tandır	rel:etymology	Arapça ve Farsça: tanūr 
tur: şebek	rel:etymology	ara: şbk
tur: harman	rel:etymology	per: χirman
tur: inşa	rel:etymology	ara: nşA
tur: kapatma	rel:etymology	Türkiye Türkçesi: kapat-
tur: abartmacılık	rel:etymology	tur: abartmacı
tur: zeamet	rel:etymology	ara: zˁm
tur: grotesk	rel:etymology	fre: grotesque
tur: agrega	rel:etymology	fre: agrégat
tur: yermeli	rel:etymology	tur: -li
tur: fasih	rel:etymology	ara: fsḥ
tur: dram	rel:etymology	fre: drame
tur: talebelik	rel:etymology	tur: talebe
tur: teravih	rel:etymology	ara: rwḥ
tur: şabat	rel:etymology	heb: şbt
tur: şarapnel	rel:etymology	eng: shrapnel
tur: indiyum	rel:etymology	fra: indium
tur: düzensiz	rel:etymology	tur: -siz
tur: mum	rel:etymology	fas: موم
tur: küsuf	rel:etymology	ara: ksf
tur: tantana	rel:etymology	ara: ṭn
tur: haliç	rel:etymology	ara: χlc
tur: evciksiz	rel:etymology	tur: evcik
tur: çinko	rel:etymology	ita: zinco
tur: allem kallem	rel:etymology	ara: ˁallama
tur: hakem	rel:etymology	ara: ḥkm
tur: alpaka	rel:etymology	Yeni Latince: alpax, alpac-
tur: mutsuzluk	rel:etymology	tur: mutsuz
tur: taaddi	rel:etymology	ara: ˁdw
tur: bizzat	rel:etymology	ara: bi'ḏ-ḏāt
tur: fraksiyon	rel:etymology	fre: fraction
tur: sesçilik	rel:etymology	tur: sesçi
tur: kati	rel:etymology	ara: ḳaṭˁī
tur: kalıp	rel:etymology	ara: قالب
tur: somaki	rel:etymology	ara: summāḳī
tur: kefal	rel:etymology	Yeni Yunanca ve Eski Yunanca: képhalos
tur: eşsizlik	rel:etymology	tur: -lik
tur: teşrih	rel:etymology	ara: şrḥ
tur: tahtelbahir	rel:etymology	ara: taḥt
tur: adenoid	rel:etymology	eng: adenoid
tur: gaye	rel:etymology	ara: ġy
tur: teğet	rel:etymology	Eski Türkçe: teg-
tur: Zagrepli	rel:etymology	tur: -li
tur: yaratıcılık	rel:etymology	tur: yaratıcı
tur: titr	rel:etymology	fre: titre
tur: şirket	rel:etymology	ara: شركة
tur: fakir	rel:etymology	ara: فقير
tur: fotoğrafçılık	rel:etymology	tur: fotoğrafçı
tur: erendiz	rel:etymology	Eski Türkçe: eren tüz
tur: ömür	rel:etymology	ara: عمر
tur: haritacılık	rel:etymology	tur: haritacı
tur: hippi	rel:etymology	eng: hippie 
tur: hüzün	rel:etymology	ara: حزن
tur: başarı	rel:etymology	tur: başarmak
tur: tahıl	rel:etymology	ara: dχl
tur: kesinti	rel:etymology	Türkiye Türkçesi: kes-
tur: şakrak	rel:etymology	Türkiye Türkçesi: şakla- 
tur: hayvan	rel:etymology	ara: ḥyw
tur: vasektomi	rel:etymology	fre: vaséctomie
tur: bölgesel	rel:etymology	tur: bölge
tur: tahta	rel:etymology	per: taχta
tur: güzergâh	rel:etymology	per: guḏargāh
tur: ind	rel:etymology	ara: ˁnd
tur: laterna	rel:etymology	ita: lanterna
tur: viski	rel:etymology	eng: whiskey
tur: duayen	rel:etymology	fre: doyen
tur: hararet	rel:etymology	ara: حرارة
tur: akıl	rel:etymology	ara: ˁḳl
tur: islamofobi	rel:etymology	eng: islamophobia
tur: brokoli	rel:etymology	eng: broccoli
tur: mantık	rel:etymology	ara: منطق
tur: halita	rel:etymology	ara: χlṭ
tur: kilometre	rel:etymology	fre: kilomètre
tur: hemen	rel:etymology	per: hamān
tur: ehlibeyt	rel:etymology	ara: ahlu bayt
tur: ahmer	rel:etymology	ara: ḥmr
tur: kuşanmak	rel:etymology	Eski Türkçe: kurşan-
tur: esrarengiz	rel:etymology	ara: asrār
tur: haritacı	rel:etymology	tur: harita
tur: hareket	rel:etymology	ara: حركة
tur: duruşma	rel:etymology	Türkiye Türkçesi: dur-
tur: ehemmiyetsizlik	rel:etymology	tur: -lik
tur: transfüzyon	rel:etymology	fre: transfusion
tur: ateş	rel:etymology	per: ātaş
tur: diyet	rel:etymology	fre: diète
tur: düdük	rel:etymology	Eski Türkçe: tütek
tur: peron	rel:etymology	fra: perron
tur: fevkalade	rel:etymology	ara: fawḳa'l-ˁāda(t)
tur: kaslılık	rel:etymology	tur: kaslı
tur: buffer	rel:etymology	eng: buffer
tur: +gen	rel:etymology	per: kanār
tur: teori	rel:etymology	fre: théorie
tur: kınap	rel:etymology	ara: قنب
tur: kerte	rel:etymology	ita: quarta
tur: er	rel:etymology	Eski Türkçe: ir-
tur: alicengiz	rel:etymology	ara: āl
tur: eğer	rel:etymology	fas: اگر
tur: alamet	rel:etymology	ara: علامة
tur: kalçın	rel:etymology	ita: calzone
tur: tahavvül	rel:etymology	ara: ḥwl
tur: emmek	rel:etymology	Eski Türkçe: em-
tur: kazak	rel:etymology	fre: casaque
tur: tedirgin	rel:etymology	Türkiye Türkçesi: didir- 
tur: famfatal	rel:etymology	fre: femme fatale
tur: korsanlık	rel:etymology	tur: -lık
tur: şehriyar	rel:etymology	per: şahryār
tur: komütatör	rel:etymology	fre: commutateur
tur: kasatura	rel:etymology	ita: incassatura
tur: goril	rel:etymology	fre: gorille
tur: telefon	rel:etymology	fra: téléphone
tur: isticvap	rel:etymology	ara: cwb
tur: mayonez	rel:etymology	fra: mayonnaise
tur: kâm	rel:etymology	per: kām
tur: semer	rel:etymology	ell: σαμάρι
tur: islememek	rel:etymology	tur: mek
tur: güvensizlik	rel:etymology	tur: güvensiz
tur: ifrat	rel:etymology	ara: frṭ
tur: bizmut	rel:etymology	fra: bismuth
tur: ebedilik	rel:etymology	tur: -lik
tur: kölemen	rel:etymology	ara: ġilmān
tur: isilik	rel:etymology	Eski Türkçe: isiglik
tur: yalvarış	rel:etymology	tur: yalvarmak
tur: koket	rel:etymology	fre: coquette
tur: teshil	rel:etymology	ara: shl
tur: şavullamak	rel:etymology	per: şāğūl 
tur: nergis	rel:etymology	fas: نرگس
tur: kodaman	rel:etymology	per: χodā
tur: fisür	rel:etymology	fre/eng: fissure
tur: itina	rel:etymology	ara: ˁny
tur: tekâlif	rel:etymology	ara: klf
tur: blucin	rel:etymology	eng: bluejeans
tur: süzgeç	rel:etymology	Türkiye Türkçesi: süzgüç
tur: pürüzsüz	rel:etymology	tur: -siz
tur: vinç	rel:etymology	eng: winch
tur: topografi	rel:etymology	fre: topographie
tur: antika	rel:etymology	ita: antico
tur: hüccet	rel:etymology	ara: ḥcc
tur: faaliyet	rel:etymology	ara: fˁl
tur: ekstaz	rel:etymology	fre: ecstase
tur: balyaj	rel:etymology	fre: balayage
tur: ikircik	rel:etymology	Eski Türkçe: ikirçgü
tur: yavru	rel:etymology	Orta Türkçe: yavrığ
tur: geometri	rel:etymology	fre: géometrie
tur: aletsel	rel:etymology	tur: alet
tur: aymak	rel:etymology	Türkiye Türkçesi: ayık-
tur: fenik	rel:etymology	ger: Pfennig
tur: arzu	rel:etymology	per: ārzū
tur: bir	rel:etymology	Eski Türkçe: bir
tur: Kazakça	rel:etymology	tur: -ça
tur: çarpmak	rel:etymology	Eski Türkçe: çalp- 
tur: karine	rel:etymology	ita: carina
tur: haşarı	rel:etymology	ara: ḥaşarī
tur: İslâmcı	rel:etymology	tur: İslâm
tur: özenli	rel:etymology	tur: özen
tur: dilgir	rel:etymology	per: dilgīr
tur: bedayi	rel:etymology	ara: bdˁ
tur: lokanta	rel:etymology	ita: locanda
tur: uzaklık	rel:etymology	tur: uzak
tur: empati	rel:etymology	eng: empathy
tur: esrar	rel:etymology	ara: srr
tur: yörünge	rel:etymology	Türkiye Türkçesi: yören-
tur: körce	rel:etymology	tur: -ce
tur: Nejat	rel:etymology	fas: نژاد
tur: katyon	rel:etymology	fra: cation
tur: salıncak	rel:etymology	tur: -cak
tur: beach	rel:etymology	eng: beach
tur: herek	rel:etymology	gre: χárakion
tur: ütopya	rel:etymology	Yeni Latince: utopia
tur: havza	rel:etymology	ara: حوزة
tur: kütikül	rel:etymology	fre: cuticule
tur: kısalık	rel:etymology	tur: -lık
tur: evcikli	rel:etymology	tur: evcik
tur: akrilik	rel:etymology	fre: acrylique
tur: erkeç	rel:etymology	Eski Türkçe: erkeç
tur: kloz	rel:etymology	eng: clause
tur: buz	rel:etymology	Eski Türkçe: būz
tur: albinos	rel:etymology	fre: albinos
tur: dealer	rel:etymology	eng: dealer
tur: bölü	rel:etymology	Türkiye Türkçesi: böl-
tur: kâbus	rel:etymology	ara: كابوس
tur: gusto	rel:etymology	ita: gusto
tur: mazlum	rel:etymology	ara: مظلوم
tur: ders	rel:etymology	ara: drs
tur: tolga	rel:etymology	mon: taġulġa
tur: asap	rel:etymology	ara: ˁṣb
tur: balıkçılık	rel:etymology	tur: -lık
tur: Litvanca	rel:etymology	tur: Litvan
tur: avuç	rel:etymology	Eski Türkçe: adutça
tur: hipodrom	rel:etymology	fre: hippodrome
tur: emlakçı	rel:etymology	tur: -çı
tur: hoşbeş	rel:etymology	per: χōş bāşad
tur: galeyan	rel:etymology	ara: ġly
tur: Portekizli	rel:etymology	tur: Portekiz
tur: kılıç	rel:etymology	Eski Türkçe: kılıç
tur: cins	rel:etymology	ara: جنس
tur: imsak	rel:etymology	ara: msk
tur: kantincilik	rel:etymology	tur: kantinci
tur: asit	rel:etymology	fra: acide
tur: esnaf	rel:etymology	ara: ṣnf
tur: aparküt	rel:etymology	eng: uppercut
tur: maske	rel:etymology	fra: masqué
tur: ilenmek	rel:etymology	Eski Türkçe: ilen-
tur: tecil	rel:etymology	ara: Acl
tur: köprü	rel:etymology	Eski Türkçe: köprüg
tur: asimetri	rel:etymology	fre: asymmétrie
tur: aktör	rel:etymology	fra: acteur
tur: velhasıl	rel:etymology	ara: wa'l-ḥāṣil
tur: beğenmek	rel:etymology	Orta Türkçe: begen-
tur: kontrfile	rel:etymology	fre: contre-filet
tur: hamburger	rel:etymology	eng: hamburger
tur: sulak	rel:etymology	Türkiye Türkçesi: sula-
tur: açıklamak	rel:etymology	tur: açık
tur: yapı	rel:etymology	Eski Türkçe: yapıġ
tur: gülşen	rel:etymology	per: gulşan
tur: şişe	rel:etymology	fas: شیشه
tur: hemoraji	rel:etymology	fre: hémorragie
tur: hecirget	rel:etymology	hye: խաչերկաթ
tur: Manastır	rel:etymology	tur: manastır
tur: Tunuslu	rel:etymology	tur: -lu
tur: ırkçı	rel:etymology	tur: ırk
tur: ülkücülük	rel:etymology	tur: -lük
tur: esas	rel:etymology	ara: Ass
tur: gazi	rel:etymology	ara: ġzw
tur: nazar	rel:etymology	ara: نَظَر
tur: çağırmak	rel:etymology	Eski Türkçe ve Türkiye Türkçesi: çağ 
tur: ağdacı	rel:etymology	tur: -cı
tur: bambu	rel:etymology	fre: bambou
tur: cehl	rel:etymology	ara: chl
tur: iskelet	rel:etymology	fra: squelette
tur: buton	rel:etymology	fre: bouton
tur: avanta	rel:etymology	ita: avanta
tur: gübre	rel:etymology	gre: kopriá
tur: kostik	rel:etymology	fre: soude caustique
tur: armonika	rel:etymology	eng: harmonica
tur: ölümsüz	rel:etymology	tur: ölüm
tur: borsa	rel:etymology	ita: borsa
tur: irs	rel:etymology	ara: wrs̠
tur: köpüksüz	rel:etymology	tur: köpük
tur: teber	rel:etymology	per: tabar
tur: anadut	rel:etymology	gre: anadótion
tur: hidroloji	rel:etymology	fre: hydrologie
tur: antidot	rel:etymology	fre: antidote
tur: epididim	rel:etymology	fre: épididyme
tur: ah	rel:etymology	per: āh
tur: itikat	rel:etymology	ara: ˁḳd
tur: istihale	rel:etymology	ara: ḥwl
tur: cinas	rel:etymology	ara: cns
tur: tazmin	rel:etymology	ara: ḍmn
tur: geçişli	rel:etymology	tur: -li
tur: tasma	rel:etymology	gre: desmá
tur: antet	rel:etymology	fre: en-tête
tur: yavşak	rel:etymology	Orta Türkçe: yafşak 
tur: asfalya	rel:etymology	gre: asfalía
tur: sütunsuz	rel:etymology	tur: -suz
tur: demode	rel:etymology	fre: démodé
tur: balata	rel:etymology	fre: balata
tur: fermante	rel:etymology	fre: fermenter
tur: hazine	rel:etymology	ara: خزينة
tur: ehemmiyet	rel:etymology	ara: hmm
tur: halvet	rel:etymology	ara: χlw
tur: helak	rel:etymology	ara: hlk
tur: İngilizce	rel:etymology	tur: İngiliz
tur: kalemşor	rel:etymology	ara: ḳalam
tur: gulden	rel:etymology	Holandaca : gulden
tur: mantıksız	rel:etymology	tur: -siz
tur: frape	rel:etymology	fre: frappé
tur: ekidne	rel:etymology	fre: échidné
tur: yalıtmak	rel:etymology	Türkiye Türkçesi: yalın-
tur: sesli	rel:etymology	tur: ses
tur: şokola	rel:etymology	fre: chocolat
tur: şarap	rel:etymology	ara: شراب
tur: aram	rel:etymology	per: ārām
tur: düstur	rel:etymology	ara: dstr
tur: tabliye	rel:etymology	fre: tablier
tur: kravat	rel:etymology	fra: cravate
tur: sosis	rel:etymology	fre: saucisse
tur: kasır	rel:etymology	ara: ḳsr
tur: haseki	rel:etymology	per: χāṣṣagī
tur: dolma	rel:etymology	Türkiye Türkçesi: dol-
tur: strüktür	rel:etymology	fra: structure
tur: aldanmak	rel:etymology	Eski Türkçe: alda-
tur: liseli	rel:etymology	tur: lise
tur: kodoş	rel:etymology	arm: godoş
tur: keman	rel:etymology	fas: کمان
tur: cirit	rel:etymology	ara: crd
tur: aktör	rel:etymology	fre: acteur
tur: vitrin	rel:etymology	fre: vitrine
tur: asma	rel:etymology	Türkiye Türkçesi: as-
tur: bılkım	rel:etymology	Türkiye Türkçesi: bılkı-
tur: arketip	rel:etymology	eng: archetype
tur: hafriyat	rel:etymology	ara: ḥfr
tur: feldspat	rel:etymology	ger: Feldspath
tur: tahlisiye	rel:etymology	ara: χlṣ
tur: filoloji	rel:etymology	fre: philologie
tur: başarısızlık	rel:etymology	tur: -lık
tur: biyometrik	rel:etymology	eng: biometric
tur: komplo	rel:etymology	fre: complot
tur: gırnata	rel:etymology	fre: clarinette
tur: hasep	rel:etymology	ara: ḥsb
tur: fırtınalı	rel:etymology	tur: fırtına
tur: golfçü	rel:etymology	tur: golf
tur: disiplin	rel:etymology	fre: discipline
tur: kınnap	rel:etymology	ara: ḳnb
tur: toygar	rel:etymology	Eski Türkçe: turıġa 
tur: cezir	rel:etymology	ara: czr
tur: kıskançlık	rel:etymology	tur: -lık
tur: fasafiso	rel:etymology	ara: fsfs
tur: vibrafon	rel:etymology	eng: vibraphone
tur: adl	rel:etymology	ara: ˁdl
tur: detektif	rel:etymology	eng: detective
tur: sünnet	rel:etymology	ara: سنة
tur: Monakolu	rel:etymology	tur: -lu
tur: evlek	rel:etymology	gre: avlákion
tur: akort	rel:etymology	ita: accordo
tur: kesim	rel:etymology	Türkiye Türkçesi: kes-
tur: yüksek	rel:etymology	Eski Türkçe: yüksek
tur: popüler	rel:etymology	fra: populaire
tur: umar	rel:etymology	Türkiye Türkçesi: um-
tur: etki	rel:etymology	Türkiye Türkçesi: et-
tur: hayır	rel:etymology	ara: خير
tur: trilyon	rel:etymology	fre: trillion
tur: çelenk	rel:etymology	Türkiye Türkçesi: çelek 
tur: tensip	rel:etymology	ara: nsb
tur: Web	rel:etymology	eng: Web
tur: kanape	rel:etymology	fre: canapé
tur: ürümek	rel:etymology	Eski Türkçe: ǖr-
tur: yedincilik	rel:etymology	tur: yedinci
tur: Tunuslu	rel:etymology	tur: Tunus
tur: dans	rel:etymology	fre: danse
tur: emniyet	rel:etymology	ara: Amn
tur: büyüklük	rel:etymology	tur: büyük
tur: kirve	rel:etymology	Kürtçe (Kurmanci): kirîv vok. kirîvo
tur: joystick	rel:etymology	eng: joystick
tur: İspanyolca	rel:etymology	tur: -ca
tur: çikolata	rel:etymology	ita: cioccolata
tur: tesviye	rel:etymology	ara: swy
tur: kart	rel:etymology	fre: carte
tur: harç	rel:etymology	ara: خرج
tur: elektrik	rel:etymology	fra: électrique
tur: aceleci	rel:etymology	tur: -ci
tur: nosyon	rel:etymology	fra: notion
tur: bin	rel:etymology	ara: bn
tur: kıbbe	rel:etymology	ara: ḳbb
tur: ester	rel:etymology	ger: Ester
tur: ilhak	rel:etymology	ara: lḥḳ
tur: bermuda	rel:etymology	eng: bermuda shorts
tur: dikkatsiz	rel:etymology	tur: dikkat
tur: mumluk	rel:etymology	tur: mum
tur: kalebent	rel:etymology	ara: ḳalˁa(t)
tur: solunum	rel:etymology	Türkiye Türkçesi: *solun-
tur: rubai	rel:etymology	ara: رباعي
tur: istihsal	rel:etymology	ara: ḥṣl
tur: kolye	rel:etymology	fra: collier
tur: abartmacı	rel:etymology	tur: abartma
tur: tatula	rel:etymology	per: tatula
tur: yort	rel:etymology	Eski Türkçe: yorı-
tur: Tatarca	rel:etymology	tur: -ca
tur: zarafet	rel:etymology	ara: ẓrf
tur: adam	rel:etymology	ara: Adm
tur: depresif	rel:etymology	fra: dépressif
tur: volfram	rel:etymology	deu: Wolfram
tur: yapıncak	rel:etymology	tur: yapınmak
tur: ruh	rel:etymology	ara: روح
tur: gliserin	rel:etymology	fre: glycérine
tur: cereme	rel:etymology	ara: crm
tur: kasket	rel:etymology	fre: casquette
tur: köstekli	rel:etymology	tur: köstek
tur: aborda	rel:etymology	ita: abborda
tur: iplik	rel:etymology	Eski Türkçe: yip
tur: ambargo	rel:etymology	fre: embargo
tur: fıkra	rel:etymology	ara: fḳr
tur: çarık	rel:etymology	Eski Türkçe: çaruk
tur: ün	rel:etymology	Eski Türkçe: ün
tur: iktidar	rel:etymology	ara: ḳdr
tur: dil bilimi	rel:etymology	tur: dil
tur: celp	rel:etymology	ara: clb
tur: asık	rel:etymology	tur: asmak
tur: tirkeş	rel:etymology	per: tīrkaş
tur: behemehal	rel:etymology	per: hama
tur: nehir	rel:etymology	ara: نهر
tur: kale almak	rel:etymology	ara: ḳwl
tur: kullanışlı	rel:etymology	tur: kullanış
tur: atıl	rel:etymology	ara: ˁṭl
tur: hırdavat	rel:etymology	per: χōrda
tur: araç	rel:etymology	Türkiye Türkçesi: ara
tur: taşmak	rel:etymology	Eski Türkçe: taş-
tur: yığınak	rel:etymology	Türkiye Türkçesi: yığ-
tur: imale	rel:etymology	ara: myl
tur: baldır	rel:etymology	Orta Türkçe: baltır
tur: etkili	rel:etymology	tur: -li
tur: haremeyn	rel:etymology	ara: ḥaramayn
tur: kimono	rel:etymology	fre/eng: kimono
