fra: gabardine	rel:etymology	spa: gabardina
fra: préfacier	rel:etymology	fra: -ier
fra: Éliane	rel:etymology	lat: Aeliana
fra: Moselle	rel:etymology	lat: Mosella
fra: saupoudreuse	rel:etymology	fra: -euse
fre: postille	rel:etymology	Geç Latince: posta
fra: Blandine	rel:etymology	lat: Blandina
fra: impuissamment	rel:etymology	fra: -ment
fra: teindre	rel:etymology	lat: tingere
fra: stress	rel:etymology	eng: stress
fra: intelligiblement	rel:etymology	fra: intelligible
fra: progressisme	rel:etymology	fra: progrès
fra: plombique	rel:etymology	fra: plomb
fra: mortier	rel:etymology	lat: mortārium
fra: biocompatibilité	rel:etymology	fra: bio-
fra: plissement	rel:etymology	fra: -ment
fra: hysopique	rel:etymology	fra: -ique
fra: parrainer	rel:etymology	fra: parrain
fra: partage	rel:etymology	fra: -age
fra: différemment	rel:etymology	fra: différent
fra: piézophile	rel:etymology	fra: piézo-
fra: waouh	rel:etymology	fra: ouais
fra: speakerine	rel:etymology	eng: speakerine
fra: lésion	rel:etymology	fra: laesionem
fra: détremper	rel:etymology	fra: dé-
fra: rougeaud	rel:etymology	fra: -aud
fra: hypnothérapeute	rel:etymology	fra: thérapeute
fra: baldaquin	rel:etymology	ita: baldacchino
fra: homœopathiquement	rel:etymology	fra: -ment
fra: gibier de potence	rel:etymology	fra: de
fra: animalement	rel:etymology	fra: animale
fra: interdépendant	rel:etymology	fra: inter-
fra: plaintif	rel:etymology	fra: plainte
fra: hydroponique	rel:etymology	fra: -ique
fra: pangermanisme	rel:etymology	fra: pan-
fra: fiabilité	rel:etymology	fra: -ité
fra: curial	rel:etymology	lat: curialis
fra: druidesse	rel:etymology	fra: -esse
fra: modernisateur	rel:etymology	fra: -ateur
fra: pagne	rel:etymology	spa: paño
fra: tombeur	rel:etymology	fra: -eur
fra: clavarder	rel:etymology	fra: clavier
fra: pinocumettable	rel:etymology	fra: pine
fra: seychellois	rel:etymology	fra: Seychelles
fre: benzène	rel:etymology	Geç Latince ve Venedikçe: labenzoe 
fra: dénombrable	rel:etymology	fra: dénombrer
fra: amouracher	rel:etymology	ita: amoracciare
fra: déchargement	rel:etymology	fra: décharger
fra: domestiquer	rel:etymology	fra: domestique
fra: tisonner	rel:etymology	fra: tison
fra: enfournement	rel:etymology	fra: enfourner
fra: pénalement	rel:etymology	fra: pénal
fra: autogestion	rel:etymology	fra: gestion
fra: aigument	rel:etymology	fra: aigu
fra: ombrer	rel:etymology	fra: ombre
fra: restaurateur	rel:etymology	lat: restaurator
fra: patte	rel:etymology	fra: pes
fra: limoneux	rel:etymology	fra: -eux
fra: enfantement	rel:etymology	fra: -ment
fra: essayage	rel:etymology	fra: essayer
fra: solidaire	rel:etymology	lat: solidum
fra: molène	rel:etymology	fro: moleine
fre: généalogie	rel:etymology	grc: genealogía
fra: follement	rel:etymology	fra: -ment
fre: dispensaire	rel:etymology	lat: dispensarium
fra: phonémique	rel:etymology	fra: phonème
fra: limon	rel:etymology	lat: limus
fra: essorage	rel:etymology	fra: -age
fra: décaisser	rel:etymology	fra: dé-
fra: envasement	rel:etymology	fra: envaser
fra: médial	rel:etymology	lat: medialis
fra: avortement	rel:etymology	fra: -ment
fra: biochimiquement	rel:etymology	fra: biochimique
fra: hyperpuissance	rel:etymology	fra: puissance
fra: évanouir	rel:etymology	fro: esvanir
fra: anonymement	rel:etymology	fra: anonyme
fra: surcuire	rel:etymology	fra: sur-
fra: logis	rel:etymology	fra: loger
fra: envieux	rel:etymology	fra: envie
fra: affiche	rel:etymology	lat: affixus
fra: transgène	rel:etymology	fra: gène
fra: pouponnière	rel:etymology	fra: pouponner
fra: implantable	rel:etymology	fra: implanter
fra: insensibiliser	rel:etymology	fra: -iser
fra: bridgeur	rel:etymology	fra: -eur
fra: huilerie	rel:etymology	fra: -erie
fra: infaillibilité	rel:etymology	fra: in-
fra: émondeur	rel:etymology	fra: -eur
fra: indénombrable	rel:etymology	fra: in-
fre: attraction	rel:etymology	lat: attractio
fra: endoédrique	rel:etymology	fra: -édrique
fra: exponentiellement	rel:etymology	fra: exponentielle
fra: malsonnant	rel:etymology	fra: mal-
fra: annaliste	rel:etymology	fra: annal
fra: œconomiser	rel:etymology	fra: œconomie
fra: mazarinade	rel:etymology	fra: Mazarin
fre: squelette	rel:etymology	grc: skeletón
fra: cangue	rel:etymology	por: canga
fra: usufruitier	rel:etymology	fra: usufruit
fra: intelligent	rel:etymology	lat: intelligens
fre: stère	rel:etymology	grc: stereós
fra: recalibrage	rel:etymology	fra: re-
fra: consciencieusement	rel:etymology	fra: consciencieuse
fra: réadmettre	rel:etymology	fra: ré-
fra: transbordeur	rel:etymology	fra: -eur
fra: poindre	rel:etymology	lat: pungere
fra: tétratomique	rel:etymology	fra: atomique
fra: équitablement	rel:etymology	fra: -ment
fra: radiogoniomètre	rel:etymology	fra: goniomètre
fra: inattaquable	rel:etymology	fra: attaquable
fra: amie	rel:etymology	fro: amie
fra: soufre	rel:etymology	lat: sulfur
fra: redécoller	rel:etymology	fra: décoller
fra: radiogoniomètre	rel:etymology	fra: radio-
fra: militantisme	rel:etymology	fra: -isme
fra: facetter	rel:etymology	fra: -er
fra: carafon	rel:etymology	fra: carafe
fra: anis	rel:etymology	lat: anisum
fra: contrefaire	rel:etymology	lat: ''[[contra]] [[facere]]''
fra: truisme	rel:etymology	eng: truism
fra: fuyard	rel:etymology	fra: -ard
fra: enceindre	rel:etymology	lat: incingere
fra: microélectronique	rel:etymology	fra: électronique
fra: duveter	rel:etymology	fra: -er
fre: coller	rel:etymology	fre: colle
fra: effarement	rel:etymology	fra: effarer
fra: instrumenter	rel:etymology	fra: -er
fra: baronnie	rel:etymology	fra: baron
fra: épicurisme	rel:etymology	fra: -isme
fra: cautionnement	rel:etymology	fra: -ment
fre: structure	rel:etymology	lat: structura
fra: pétunia	rel:etymology	fra: -ia
fra: microjupe	rel:etymology	fra: micro-
fra: maçonner	rel:etymology	fra: maçon
fra: despotique	rel:etymology	fra: despote
fra: indéterminable	rel:etymology	fra: déterminable
fra: biotechnologie	rel:etymology	fra: bio-
fra: vieller	rel:etymology	fra: vielle
fra: métro-	rel:etymology	lat: matrix
fra: bioaccumuler	rel:etymology	fra: bio-
fra: parfaire	rel:etymology	fra: par-
fra: boutonneux	rel:etymology	fra: -eux
fra: indifféremment	rel:etymology	fra: in-
fra: cryogénique	rel:etymology	fra: cryogénie
fre: bordeaux	rel:etymology	özel adından: Burdigala
fra: parallélépipédique	rel:etymology	fra: parallélépipède
fra: résolu	rel:etymology	lat: resolutus
fra: feuilleter	rel:etymology	fra: feuille
fra: photocopier	rel:etymology	fra: photo-
fre: vestibule	rel:etymology	lat: vestibulum
fra: fixement	rel:etymology	fra: fixe
fra: universalité	rel:etymology	fra: -ité
fra: amande	rel:etymology	lat: amygdala
fra: interrégional	rel:etymology	fra: régional
fre: guirlande	rel:etymology	Germence: *wiara-
fre: sommelier	rel:etymology	Eski Fransızca: sommerier
fra: moralisateur	rel:etymology	fra: moraliser
fra: bachoter	rel:etymology	fra: -er
fra: iconographique	rel:etymology	fra: -ique
fre: infection	rel:etymology	lat: infectio
fra: contemplativement	rel:etymology	fra: -ment
fra: génois	rel:etymology	fra: -ois
fra: futaie	rel:etymology	fra: -aie
fra: respectable	rel:etymology	fra: -able
fra: bouliste	rel:etymology	fra: -iste
fra: increvable	rel:etymology	fra: crever
fra: huttier	rel:etymology	fra: -ier
fra: inorganisé	rel:etymology	fra: in-
fra: chardon	rel:etymology	lat: cardo
fra: chuchotement	rel:etymology	fra: -ment
fra: dordognais	rel:etymology	fra: -ais
fre: fabrique	rel:etymology	lat: fabrica
fra: dhimmi	rel:etymology	ara: ذمي‎
fra: radiesthésiste	rel:etymology	fra: -iste
fra: rançonneur	rel:etymology	fra: -eur
fra: promoteur	rel:etymology	fra: promouvoir
fra: chamanisme	rel:etymology	fra: -isme
fra: terriblement	rel:etymology	fra: -ment
fra: résous	rel:etymology	lat: resolutus
fra: gausserie	rel:etymology	fra: -erie
fre: théorème	rel:etymology	grc: theōrḗma
fra: embellissement	rel:etymology	fra: -ment
fra: environner	rel:etymology	fra: -er
fre: haute couture	rel:etymology	Geç Latince: consutura
fra: zoogéographique	rel:etymology	fra: -ique
fra: triène	rel:etymology	fra: -ène
fra: cousine	rel:etymology	lat: consobrina
fra: idéographiquement	rel:etymology	fra: idéographique
fra: nom de plume	rel:etymology	eng: nom de plume
fra: nutritionnel	rel:etymology	fra: -el
fra: wagnérien	rel:etymology	fra: -ien
fra: mésomère	rel:etymology	fra: méso-
fra: nazifier	rel:etymology	fra: -ifier
fra: préexistant	rel:etymology	fra: existant
fra: timidité	rel:etymology	lat: timiditas
fra: exponentiellement	rel:etymology	fra: -ment
fra: francophilie	rel:etymology	fra: franco-
fra: publireportage	rel:etymology	fra: publi-
fra: hydrométéorologique	rel:etymology	fra: météorologique
fra: biophysique	rel:etymology	fra: physique
fra: multiscalaire	rel:etymology	fra: multi-
fra: redécouvrir	rel:etymology	fra: re-
fra: ricaneur	rel:etymology	fra: ricaner
fra: pâlir	rel:etymology	fra: pâle
fra: lysimètre	rel:etymology	fra: lysi-
fra: benoîtement	rel:etymology	fra: -ment
fra: trembleur	rel:etymology	fra: -eur
fra: prolétarisation	rel:etymology	fra: -ation
fra: marchandisage	rel:etymology	fra: -age
fra: impardonnable	rel:etymology	fra: in-
fra: ersatz	rel:etymology	deu: Ersatz
fra: féerie	rel:etymology	fra: -erie
fra: nuisible	rel:etymology	fro: nuisable
fra: moins	rel:etymology	lat: minus
fra: isoédrique	rel:etymology	fra: -édrique
fra: héritage	rel:etymology	fra: héritier
fra: photoreporter	rel:etymology	fra: photo-
fra: importunité	rel:etymology	lat: importunitas
fra: laminage	rel:etymology	fra: -age
fra: nanométrique	rel:etymology	fra: nano-
fra: flemmard	rel:etymology	fra: flemme
fra: égayer	rel:etymology	fra: é-
fra: enfin	rel:etymology	fra: fin
fra: pinailleur	rel:etymology	fra: pinailler
fra: glacialement	rel:etymology	fra: glaciale
fra: déguerpir	rel:etymology	frm: déguerpir
fra: luciférien	rel:etymology	fra: Lucifer
fra: est	rel:etymology	ang: east
fra: équité	rel:etymology	lat: aequitas
fre: défaut	rel:etymology	lat: defectus
fra: transatlantique	rel:etymology	fra: trans-
fre: chambre à air	rel:etymology	fre: chambre
fra: panégyrique	rel:etymology	grc: πανηγυρικός
fra: iodure	rel:etymology	fra: iode
fra: extuber	rel:etymology	fra: ex-
fra: cahute	rel:etymology	nld: kajuit
fra: sud	rel:etymology	ang: suþ
fra: Finistérien	rel:etymology	fra: -ien
fra: multimilliardaire	rel:etymology	fra: multi-
fra: cadmiage	rel:etymology	fra: -age
fra: surcharger	rel:etymology	fra: sur-
fra: échantillonner	rel:etymology	fra: -er
fra: sectorisation	rel:etymology	fra: sectoriser
fra: intercommunalité	rel:etymology	fra: -ité
fra: pancréatique	rel:etymology	fra: -ique
fra: géosystème	rel:etymology	fra: géo-
fra: allotropique	rel:etymology	fra: allotropie
fra: animateur	rel:etymology	fra: -ateur
fra: cloître	rel:etymology	fro: cloistre
fra: magmatisme	rel:etymology	fra: magma
fra: racinaire	rel:etymology	fra: -aire
fra: polyacide	rel:etymology	fra: acide
fra: indigotier	rel:etymology	fra: indigo
fra: égoïstement	rel:etymology	fra: égoïste
fra: obliger	rel:etymology	lat: obligo
fra: pognon	rel:etymology	fra: -on
fra: jusqu'au-boutiste	rel:etymology	fra: -iste
fra: onduleux	rel:etymology	fra: -eux
fra: mégissier	rel:etymology	fra: mégis
fra: cuivrique	rel:etymology	fra: -ique
fra: transcendantal	rel:etymology	fra: -al
fre: autrui	rel:etymology	lat: alteri huic
fra: pré	rel:etymology	lat: pratum
fra: désoxyder	rel:etymology	fra: oxyder
fra: légume	rel:etymology	lat: legumen
fra: benzoyler	rel:etymology	fra: benzoyle
fra: explicable	rel:etymology	fra: expliquer
fra: protohistoire	rel:etymology	fra: histoire
fra: appris	rel:etymology	lat: apprensus
fra: vampire	rel:etymology	deu: Vampir
fra: vaginalement	rel:etymology	fra: -ment
fra: zester	rel:etymology	fra: zeste
fra: antiquité	rel:etymology	lat: antiquitas
fra: physiopathologique	rel:etymology	fra: pathologique
fra: épisodique	rel:etymology	fra: épisode
fra: fouisseur	rel:etymology	fra: fouir
fra: psychochirurgie	rel:etymology	fra: psycho-
fra: police	rel:etymology	lat: politia
fra: norvégien	rel:etymology	fra: -ien
fra: ubiquiste	rel:etymology	lat: ubique
fra: docilité	rel:etymology	fra: -ité
fra: orageusement	rel:etymology	fra: -ment
fra: nitrobenzine	rel:etymology	fra: benzine
fre: harpe	rel:etymology	Eski Yüksek Almanca: harpa 
fra: générosité	rel:etymology	fra: -ité
fra: compilateur	rel:etymology	fra: -ateur
fra: fiévreusement	rel:etymology	fra: -ment
fra: papiste	rel:etymology	fra: -iste
fra: triomphalisme	rel:etymology	fra: triomphal
fra: émotionnellement	rel:etymology	fra: -ment
fra: feuillage	rel:etymology	fra: feuille
fra: ignifuger	rel:etymology	fra: -er
fra: surcuire	rel:etymology	fra: cuire
fra: délabrement	rel:etymology	fra: -ment
fra: intertextualité	rel:etymology	fra: inter-
fra: redresseur	rel:etymology	fra: -eur
fra: agréer	rel:etymology	frm: agréer
fra: munichois	rel:etymology	fra: Munich
fra: prompt	rel:etymology	lat: promptus
fra: criaillerie	rel:etymology	fra: criailler
fra: gauloisement	rel:etymology	fra: -ment
fra: hyposensible	rel:etymology	fra: sensibile
fra: phosphatémie	rel:etymology	fra: -émie
fra: embranchement	rel:etymology	fra: -ment
fra: maisonnée	rel:etymology	fra: -ée
fra: acropole	rel:etymology	fra: acro-
fra: hypovitaminose	rel:etymology	fra: vitamine
fra: périscolaire	rel:etymology	fra: scolaire
fra: dédaigneusement	rel:etymology	fra: dédaigneuse
fra: Olympie	rel:etymology	lat: Olympia
fra: déniveler	rel:etymology	fra: dé-
fra: redressement	rel:etymology	fra: -ment
fra: préférer	rel:etymology	frm: preferer
fra: auxiliairement	rel:etymology	fra: -ment
fra: catherinette	rel:etymology	fra: Catherine
fra: gériatrique	rel:etymology	fra: -ique
fra: inadmissiblement	rel:etymology	fra: inadmissible
fra: rempart	rel:etymology	fro: remparer
fra: augustement	rel:etymology	fra: -ment
fra: mangeable	rel:etymology	fra: manger
fra: sociologique	rel:etymology	fra: sociologie
fra: dimérisation	rel:etymology	fra: dimère
fra: chasse	rel:etymology	fro: chace
fra: arénique	rel:etymology	fra: -ique
fra: refiler	rel:etymology	fra: re-
fra: avivage	rel:etymology	fra: aviver
fra: soirée	rel:etymology	fra: -ée
fra: influence	rel:etymology	lat: influentia
fra: explosible	rel:etymology	fra: exploser
fra: contre-	rel:etymology	lat: contra
fra: géodynamique	rel:etymology	fra: dynamique
fra: diversifier	rel:etymology	fra: -ifier
fra: polypropylène	rel:etymology	fra: propylène
fra: chambardement	rel:etymology	fra: chambarder
fra: potentialisation	rel:etymology	fra: potentialiser
fra: hématologie	rel:etymology	fra: -logie
fra: fantastiquement	rel:etymology	fra: -ment
fra: cigarette	rel:etymology	fra: cigare
fra: lenteur	rel:etymology	fra: lent
fra: correcteur	rel:etymology	lat: corrector
fra: minutage	rel:etymology	fra: -age
fra: radioécologique	rel:etymology	fra: écologique
fre: amortisseur	rel:etymology	fre: amortir, amortiss-
fra: tore	rel:etymology	lat: torus
fra: reconstituer	rel:etymology	fra: constituer
fra: micropaléontologie	rel:etymology	fra: paléontologie
fra: Ibérien	rel:etymology	fra: Ibérie
fra: incontournable	rel:etymology	fra: contourner
fra: surprendre	rel:etymology	fra: sur-
fra: périnatal	rel:etymology	fra: natal
fra: vaillamment	rel:etymology	fra: vaillant
fra: enclin	rel:etymology	fro: encliner
fre: subtil	rel:etymology	lat: subtilis
fra: claviériste	rel:etymology	fra: clavier
fra: pyrophoricité	rel:etymology	fra: pyrophorique
fra: craie	rel:etymology	lat: creta
fre: grain	rel:etymology	lat: granum
fra: dégueulasse	rel:etymology	fra: -asse
fre: ésotérique	rel:etymology	eng: esoteric
fra: entremetteur	rel:etymology	fra: mettre
fra: inopinément	rel:etymology	fra: in-
fra: waggon	rel:etymology	nld: wagen
fra: fleur	rel:etymology	lat: flos
fra: électrostatique	rel:etymology	fra: statique
fra: gymnosophiste	rel:etymology	lat: gymnosophistae
fra: polymérisation	rel:etymology	fra: polymériser
fra: or	rel:etymology	lat: aurum
fra: cloutier	rel:etymology	fra: clou
fra: considérablement	rel:etymology	fra: -ment
fra: lésiner	rel:etymology	fra: lésine
fra: radicalement	rel:etymology	fra: -ment
fra: négroïde	rel:etymology	fra: nègre
fra: synaptique	rel:etymology	fra: synapse
fra: célébrité	rel:etymology	lat: celibritatem
fra: superposable	rel:etymology	fra: -able
fra: bêche	rel:etymology	lat: becca
fra: abaissement	rel:etymology	fra: -ment
fra: tautologique	rel:etymology	fra: -ique
fre: converter	rel:etymology	lat: convertere, convers-
fra: Paulette	rel:etymology	fra: Paul
fre: kiosque	rel:etymology	Türkiye Türkçesi: köşk
fra: panachage	rel:etymology	fra: -age
fra: antitétanique	rel:etymology	fra: tétanique
fra: sinistralité	rel:etymology	fra: sinistre
fra: discrétionnaire	rel:etymology	fra: -aire
fra: écumoire	rel:etymology	fra: écumer
fra: retranscrire	rel:etymology	fra: transcrire
fra: pétoire	rel:etymology	fra: péter
fra: nullité	rel:etymology	lat: nullitas
fre: steak tartare	rel:etymology	fre: sauce tartare
fra: uvéite	rel:etymology	fra: uvée
fra: breveter	rel:etymology	fra: -er
fra: particularité	rel:etymology	fra: particulier
fra: grossissement	rel:etymology	fra: -ment
fra: convoitise	rel:etymology	fra: -ise
fra: engober	rel:etymology	fra: engobe
fra: éperdument	rel:etymology	fra: éperdu
fra: renouvelable	rel:etymology	fra: renouveler
fra: aostois	rel:etymology	fra: -ois
fra: trésor	rel:etymology	lat: thesaurus
fra: août	rel:etymology	lat: augustus
fra: tyranniquement	rel:etymology	fra: -ment
fra: avignonnais	rel:etymology	fra: Avignon
fra: consumérisme	rel:etymology	eng: consumerism
fra: enculer	rel:etymology	fra: culer
fra: neurologie	rel:etymology	fra: -logie
fra: visionnement	rel:etymology	fra: visionner
fra: belliciste	rel:etymology	lat: bellum
fra: router	rel:etymology	fra: route
fra: ethnolinguistique	rel:etymology	fra: ethno-
fra: émerveillement	rel:etymology	fra: émerveiller
fra: ibérien	rel:etymology	fra: -ien
fra: complet	rel:etymology	lat: completus
fra: frottement	rel:etymology	fra: frotter
fre: corporation	rel:etymology	lat: corporatio
fra: foulage	rel:etymology	fra: -age
fra: prodigieux	rel:etymology	lat: prodigiosus
fra: effeuilleuse	rel:etymology	fra: -euse
fra: Milanais	rel:etymology	fra: -ais
fra: œuvrer	rel:etymology	fro: ovrer
fra: homéopathe	rel:etymology	fra: homéo-
fra: scientisme	rel:etymology	fra: -isme
fra: décomposable	rel:etymology	fra: décomposer
fra: essayage	rel:etymology	fra: -age
fra: lugubrement	rel:etymology	fra: lugubre
fra: chenapan	rel:etymology	deu: Schnapphahn
fra: tétraacétate	rel:etymology	fra: acétate
fra: secrètement	rel:etymology	fra: secrète
fra: bastiment	rel:etymology	frm: bastir
fra: mélange	rel:etymology	frm: mélange
fra: que	rel:etymology	lat: quia
fra: rythmique	rel:etymology	fra: rythme
fra: phosphatidique	rel:etymology	fra: -ique
fra: illégaliser	rel:etymology	fra: in-
fra: stigmatique	rel:etymology	fra: stigmate
fra: suralimenter	rel:etymology	fra: alimenter
fra: tour	rel:etymology	lat: tornus
fra: anticonceptionnel	rel:etymology	fra: anti-
fra: louvaniste	rel:etymology	fra: -iste
fra: indistinctement	rel:etymology	fra: -ment
fra: trisaïeul	rel:etymology	lat: tris
fra: parenté	rel:etymology	fra: parent
fra: frais	rel:etymology	frm: frais
fra: usurper	rel:etymology	lat: ūsūrpāre
fra: récursivité	rel:etymology	fra: -ité
fra: tailler	rel:etymology	lat: taliare
fra: encouragement	rel:etymology	fro: encoragier
fra: ostéoporose	rel:etymology	fra: -ose
fra: -é	rel:etymology	lat: -atus
fra: mutilation	rel:etymology	lat: mutilatio
fra: estafette	rel:etymology	ita: staffetta
fra: Ombrien	rel:etymology	fra: Ombrie
fra: biostatique	rel:etymology	fra: bio-
fra: répétitivité	rel:etymology	fra: -ité
fra: oncques	rel:etymology	lat: umquam
fra: astrophotographie	rel:etymology	fra: photographie
fra: maniérisme	rel:etymology	fra: -isme
fra: cémentation	rel:etymology	fra: cémenter
fra: vinaigrier	rel:etymology	fra: -ier
fra: choucroute	rel:etymology	gsw: sürkrüt
fra: indétectable	rel:etymology	fra: détectable
fra: dérangement	rel:etymology	fra: déranger
fra: écoblanchiment	rel:etymology	fra: éco-
fra: entièrement	rel:etymology	fra: entier
fra: décalage	rel:etymology	fra: -age
fra: aventure	rel:etymology	lat: adventura
fra: chastement	rel:etymology	fra: chaste
fra: milice	rel:etymology	lat: militia
fra: ribosomique	rel:etymology	fra: -ique
fra: papier	rel:etymology	lat: papyrus
fra: namibien	rel:etymology	fra: Namibie
fra: laideron	rel:etymology	fra: laid
fre: danse	rel:etymology	Germence: *dintjan
fra: labilité	rel:etymology	fra: -ité
fra: communicable	rel:etymology	fra: communiquer
fra: énigmatiquement	rel:etymology	fra: -ment
fra: mauve	rel:etymology	lat: malva
fra: hyperexcitabilité	rel:etymology	fra: excitabilité
fra: retâter	rel:etymology	fra: tâter
fra: écrémer	rel:etymology	fra: crème
fra: incertain	rel:etymology	fra: certain
fra: futurisme	rel:etymology	fra: futur
fra: policie	rel:etymology	lat: politia
fra: décontaminer	rel:etymology	fra: dé-
fra: tératogène	rel:etymology	fra: térato-
fre: soufflé	rel:etymology	fre: souffler
fra: accessoirement	rel:etymology	fra: accessoire
fra: crapuleux	rel:etymology	fra: -eux
fra: canoter	rel:etymology	fra: -er
fra: déraison	rel:etymology	fra: raison
fre: jambe 	rel:etymology	Geç Latince: gamba
fra: procédure	rel:etymology	fra: -ure
fra: prestement	rel:etymology	fra: -ment
fra: pâteux	rel:etymology	fra: -eux
fre: dégager	rel:etymology	fre: gage
fra: girondin	rel:etymology	fra: -in
fra: triholoside	rel:etymology	fra: holoside
fra: glycolipide	rel:etymology	fra: lipide
fra: scandaleusement	rel:etymology	fra: -ment
fra: arrondir	rel:etymology	fra: rond
fra: spiritualisme	rel:etymology	fra: spirituel
fra: intérieurement	rel:etymology	fra: intérieur
fra: enrubanner	rel:etymology	fra: -er
fra: méthylique	rel:etymology	fra: -ique
fra: stylistiquement	rel:etymology	fra: -ment
fra: Falklandais	rel:etymology	fra: -ais
fra: pédéraste	rel:etymology	grc: παιδεραστής
fra: brumeux	rel:etymology	fra: -eux
fra: rependre	rel:etymology	fra: re-
fre: bonjour	rel:etymology	fre: bon
fra: surenchérir	rel:etymology	fra: enchérir
fra: modalité	rel:etymology	fra: -ité
fra: photoreportage	rel:etymology	fra: photo-
fra: diablerie	rel:etymology	fra: -erie
fra: moultes	rel:etymology	fro: mout
fra: sonothèque	rel:etymology	fra: -thèque
fra: fraiser	rel:etymology	fra: fraise
fra: Antoine	rel:etymology	lat: Antonius
fra: mauritanien	rel:etymology	fra: Mauritanie
fra: métallifère	rel:etymology	lat: metallifer
fra: résineux	rel:etymology	fra: résine
fra: focusser	rel:etymology	eng: focus
fra: jaunissement	rel:etymology	fra: -ment
fra: sape	rel:etymology	lat: sappa
fra: reconversion	rel:etymology	fra: re-
fra: ferronnier	rel:etymology	fra: ferron
fre: chanteuse	rel:etymology	fre: chanter
fra: manufacturer	rel:etymology	fra: -er
fra: tantôt	rel:etymology	fra: tant
fra: éboueur	rel:etymology	fra: -eur
fra: platinique	rel:etymology	fra: -ique
fra: liaison	rel:etymology	lat: ligatio
fra: avide	rel:etymology	lat: avidus
fra: coda	rel:etymology	ita: coda
fra: corridor	rel:etymology	ita: corridore
fra: croupion	rel:etymology	fra: croupe
fra: immanquablement	rel:etymology	fra: immanquable
fra: phrygien	rel:etymology	fra: -ien
fre: coffre	rel:etymology	lat: cophinus
fra: conditionner	rel:etymology	fra: condition
fra: charmantissime	rel:etymology	fra: -issime
fra: noyade	rel:etymology	fra: noyer
fra: synodique	rel:etymology	fra: -ique
fra: asphalter	rel:etymology	fra: asphalte
fra: léthéen	rel:etymology	fra: -en
fra: dépit	rel:etymology	fro: despit
fre: sulfure	rel:etymology	lat: sulpur 
fra: monopolistique	rel:etymology	fra: -ique
fra: arborescent	rel:etymology	lat: arborescens
fra: intellectualiser	rel:etymology	fra: intellectuel
fra: vitrier	rel:etymology	fra: -ier
fra: caféier	rel:etymology	fra: café
fra: reformater	rel:etymology	fra: formater
fra: macrocyclique	rel:etymology	fra: macro-
fra: fibroscopie	rel:etymology	fra: -scopie
fra: adversativement	rel:etymology	fra: -ment
fre: épopée	rel:etymology	grc: epopoiía
fra: photoluminescent	rel:etymology	fra: luminescent
fra: ténois	rel:etymology	fra: TNO
fra: monoparental	rel:etymology	fra: parental
fra: maquettiste	rel:etymology	fra: -iste
fra: gargouillade	rel:etymology	fra: gargouiller
fra: méthanier	rel:etymology	fra: méthane
fra: strette	rel:etymology	ita: stretta
fra: pastophore	rel:etymology	grc: παστοφόρος
fra: listage	rel:etymology	fra: -age
fra: talonnage	rel:etymology	fra: talonner
fra: puérilement	rel:etymology	fra: -ment
fra: drapier	rel:etymology	fra: -ier
fre: couche	rel:etymology	fre: coucher
fra: convertibilité	rel:etymology	fra: -ité
fra: jacasserie	rel:etymology	fra: -erie
fra: jaugeage	rel:etymology	fra: -age
fra: idéaliser	rel:etymology	fra: -iser
fra: gastrotomie	rel:etymology	fra: gastro-
fra: hypoxique	rel:etymology	fra: hypoxie
fra: fraisage	rel:etymology	fra: fraiser
fra: dédorer	rel:etymology	fra: dé-
fre: gaze	rel:etymology	ara: ḳazz
fra: immémorial	rel:etymology	fra: im-
fra: valve	rel:etymology	lat: valva
fra: automobile	rel:etymology	fra: auto-
fra: baiseur	rel:etymology	fra: baiser
fra: clownerie	rel:etymology	fra: -erie
fra: grippal	rel:etymology	fra: grippe
fra: bourru	rel:etymology	fra: -u
fra: cubisme	rel:etymology	lat: cubus
fra: approbatif	rel:etymology	lat: approbativus
fra: persulfurique	rel:etymology	fra: per-
fra: candidement	rel:etymology	fra: -ment
fra: portillon	rel:etymology	fra: port
fra: carénage	rel:etymology	fra: carène
fra: encerclement	rel:etymology	fra: encercler
fra: allumage	rel:etymology	fra: allumer
fra: grillager	rel:etymology	fra: -er
fra: réabonner	rel:etymology	fra: ré-
fra: chantre	rel:etymology	lat: cantor
fra: inoccupé	rel:etymology	fra: occupé
fra: équilibriste	rel:etymology	fra: -iste
fra: venteux	rel:etymology	fra: vent
fra: tétraiodure	rel:etymology	fra: iodure
fra: planche	rel:etymology	lat: planca
fra: nécromancien	rel:etymology	fra: -ien
fra: ridiculement	rel:etymology	fra: -ment
fra: verjus	rel:etymology	fra: vert
fra: légalement	rel:etymology	fra: -ment
fra: évêché	rel:etymology	fra: évêque
fra: prolixe	rel:etymology	lat: prolixus
fra: table	rel:etymology	fro: table
fra: sagacité	rel:etymology	fra: sagace
fra: bétonnage	rel:etymology	fra: -age
fra: bardage	rel:etymology	fra: barder
fra: obus	rel:etymology	deu: Haubitze
fra: omniprésent	rel:etymology	fra: omni-
fra: piaffement	rel:etymology	fra: -ment
fra: entropique	rel:etymology	fra: entropie
fra: bouchage	rel:etymology	fra: -age
fra: squattériser	rel:etymology	fra: -iser
fra: Girondin	rel:etymology	fra: Gironde
fra: assaisonnement	rel:etymology	fra: assaisonner
fra: froc	rel:etymology	frm: frocq
fra: souiller	rel:etymology	frm: souiller
fra: dulcification	rel:etymology	fra: dulcifier
fra: intervertébral	rel:etymology	fra: vertébral
fra: faussement	rel:etymology	fra: -ment
fra: copolymère	rel:etymology	fra: co-
fra: catanais	rel:etymology	fra: Catane
fra: redoute	rel:etymology	ita: ridotta
fra: plâtrage	rel:etymology	fra: -age
fra: atrophie	rel:etymology	lat: atrophia
fra: asticoter	rel:etymology	fra: -er
fra: monosyllabe	rel:etymology	fra: mono-
fra: fainéanter	rel:etymology	fra: fainéant
fra: blaser	rel:etymology	nld: blasen
fra: toxicomane	rel:etymology	fra: toxico
fra: parental	rel:etymology	fra: -al
fra: phallocratie	rel:etymology	fra: phallo-
fra: déscolariser	rel:etymology	fra: scolariser
fra: universitaire	rel:etymology	fra: université
fra: mononucléose	rel:etymology	fra: mono-
fra: trusquiner	rel:etymology	fra: trusquin
fra: géotechniquement	rel:etymology	fra: géotechnique
fra: discothèque	rel:etymology	fra: bibliothèque
fra: gentillet	rel:etymology	fra: -et
fra: déboucheur	rel:etymology	fra: déboucher
fra: pneumonique	rel:etymology	fra: -ique
fra: doucement	rel:etymology	fra: -ment
fra: entraver	rel:etymology	fra: entrave
fra: vraiment	rel:etymology	frm: vrayement
fre: tension	rel:etymology	lat: tensio
fra: compresse	rel:etymology	frm: compresser
fra: coutumièrement	rel:etymology	fra: -ment
fra: buissonnier	rel:etymology	fra: -ier
fra: glycogénique	rel:etymology	fra: -ique
fra: massif	rel:etymology	fra: -if
fra: péruvien	rel:etymology	fra: -ien
fra: couramment	rel:etymology	fra: -amment
fra: infroissable	rel:etymology	fra: froissable
fra: annal	rel:etymology	lat: annus
fra: encadrer	rel:etymology	fra: en-
fra: européaniser	rel:etymology	fra: -iser
fra: paléotectonique	rel:etymology	fra: paléo-
fra: Julia	rel:etymology	lat: Iulia
fra: électroniquement	rel:etymology	fra: électronique
fra: phytochimique	rel:etymology	fra: phyto-
fra: purement	rel:etymology	fra: -ment
fre: déplacer	rel:etymology	fre: placer
fra: ironie	rel:etymology	lat: ironia
fra: califat	rel:etymology	fra: -at
fra: clameur	rel:etymology	fro: clamor
fra: trichlorure	rel:etymology	fra: chlorure
fra: cardiologique	rel:etymology	fra: cardiologie
fra: enrégistrement	rel:etymology	fra: -ment
fra: vomissement	rel:etymology	fra: -ment
fra: relancement	rel:etymology	fra: lancement
fra: lâcheur	rel:etymology	fra: lâcher
fra: neigeux	rel:etymology	fra: -eux
fra: élagage	rel:etymology	fra: -age
fra: isolément	rel:etymology	fra: isolé
fra: rivaliser	rel:etymology	fra: -iser
fra: quasi-particule	rel:etymology	fra: particule
fra: relation	rel:etymology	lat: relatio
fra: sarkozysme	rel:etymology	fra: Sarkozy
fra: précipitamment	rel:etymology	fra: -ment
fra: reconduction	rel:etymology	fra: re-
fra: repasseuse	rel:etymology	fra: -euse
fra: défrichement	rel:etymology	fra: -ment
fra: endosser	rel:etymology	fra: en-
fra: hadal	rel:etymology	fra: Hadès
fra: gloutonnement	rel:etymology	fra: -ment
fra: contremarque	rel:etymology	fra: contre-
fra: phimosis	rel:etymology	grc: φίμωσις
fra: pardonnable	rel:etymology	fra: -able
fra: plier	rel:etymology	lat: plicāre
fra: moût	rel:etymology	lat: mustum
fra: phraséologie	rel:etymology	fra: phrase
fra: voler	rel:etymology	lat: volare
fra: amendement	rel:etymology	fra: -ment
fra: fourbisseur	rel:etymology	fra: -eur
fra: parlementaire	rel:etymology	fra: -aire
fre: diorama	rel:etymology	grc: dia
fra: marbrerie	rel:etymology	fra: marbrier
fra: déboucler	rel:etymology	fra: boucle
fra: euphonique	rel:etymology	fra: euphonie
fra: métrologie	rel:etymology	fra: métro-
fra: résonance	rel:etymology	fra: résonner
fra: coupelle	rel:etymology	fra: coupe
fra: cabalistiquement	rel:etymology	fra: cabalistique
fra: pompeux	rel:etymology	fra: pompe
fra: emmêler	rel:etymology	fra: en-
fra: expéditionnaire	rel:etymology	fra: expédition
fra: océanographie	rel:etymology	fra: -graphie
fra: trotskiste	rel:etymology	fra: -iste
fra: pugilistique	rel:etymology	fra: -ique
fra: frêle	rel:etymology	lat: fragilis
fra: rainurage	rel:etymology	fra: -age
fra: hydrostatique	rel:etymology	fra: statique
fra: injoignable	rel:etymology	fra: in-
fra: radiophare	rel:etymology	fra: radio-
fra: inadapté	rel:etymology	fra: adapté
fra: parcmètre	rel:etymology	fra: -mètre
fra: redoutable	rel:etymology	fra: -able
fre: bis	rel:etymology	lat: bis
fra: meuler	rel:etymology	fra: meule
fra: assujettissement	rel:etymology	fra: assujettir
fra: antigouvernemental	rel:etymology	fra: gouvernemental
fra: paraître	rel:etymology	fro: paroistre
fra: scellement	rel:etymology	fra: -ment
fra: opiniâtrement	rel:etymology	fra: opiniâtre
fra: itérativement	rel:etymology	fra: itérative
fra: sommation	rel:etymology	fra: sommer
fra: pressage	rel:etymology	fra: presser
fra: flexibilité	rel:etymology	lat: flexibilitas
fra: alternativement	rel:etymology	fra: -ment
fra: Seine	rel:etymology	lat: Sequana
fra: concentrationnaire	rel:etymology	fra: -aire
fra: buissonnier	rel:etymology	fra: buisson
fre: sondage	rel:etymology	fre: sonder
fra: twister	rel:etymology	fra: -er
fra: référer	rel:etymology	lat: referre
fra: démagnétisation	rel:etymology	fra: dé-
fra: inflammabilité	rel:etymology	fra: inflammable
fra: extrêmophile	rel:etymology	fra: extrême
fra: biomécanique	rel:etymology	fra: bio-
fra: siphonnage	rel:etymology	fra: siphonner
fra: vitupération	rel:etymology	fra: vitupérer
fra: routine	rel:etymology	fra: route
fra: sensiblement	rel:etymology	fra: -ment
fra: assassinat	rel:etymology	fra: -at
fra: présélectionner	rel:etymology	fra: sélectionner
fra: publicité	rel:etymology	lat: publicitatem
fra: tombereau	rel:etymology	fra: -eau
fra: tiraillement	rel:etymology	fra: -ment
fra: modélisme	rel:etymology	fra: modèle
fra: impayé	rel:etymology	fra: payé
fra: déconcentration	rel:etymology	fra: dé-
fra: impressionnable	rel:etymology	fra: impressionner
fra: éjaculation	rel:etymology	fra: -ation
fra: revouloir	rel:etymology	fra: vouloir
fra: conformationnel	rel:etymology	fra: -el
fra: affluent	rel:etymology	lat: affluentem
fra: slavisme	rel:etymology	fra: slave
fra: calicot	rel:etymology	eng: calico
fra: incivilité	rel:etymology	fra: civilité
fra: violer	rel:etymology	lat: violo
fra: mystique	rel:etymology	lat: mysticus
fra: aquaplanage	rel:etymology	fra: aqua-
fre: photographe	rel:etymology	eng: photograph
fra: pointage	rel:etymology	fra: pointer
fra: interdécile	rel:etymology	fra: décile
fra: préférence	rel:etymology	fra: préférer
fra: grisonnant	rel:etymology	fra: -ant
fre: volcan	rel:etymology	ita: volcano
fra: invendu	rel:etymology	fra: in-
fre: phalangiste	rel:etymology	spa: Falange
fra: renardeau	rel:etymology	fra: renard
fre: viseur	rel:etymology	lat: visor
fra: structurellement	rel:etymology	fra: structurel
fra: tigresse	rel:etymology	fra: -esse
fra: terminaison	rel:etymology	fra: -aison
fra: pimenter	rel:etymology	fra: piment
fre: amnios	rel:etymology	grc: amníon
fra: révélateur	rel:etymology	fra: -ateur
fra: abattis	rel:etymology	fra: -is
fra: insécable	rel:etymology	fra: sécable
fra: benjoin	rel:etymology	cat: benjuí
fra: fourmilier	rel:etymology	ita: formigaro
fra: pairie	rel:etymology	fra: -ie
fra: surjouer	rel:etymology	fra: sur-
fre: façon	rel:etymology	lat: factio
fra: coquettement	rel:etymology	fra: coquette
fra: météoritique	rel:etymology	fra: météorite
fra: ornementer	rel:etymology	fra: ornement
fra: intuable	rel:etymology	fra: tuer
fra: baccalauréat	rel:etymology	lat: baccalaureatus
fra: ensevelissement	rel:etymology	fra: -ment
fra: crépusculaire	rel:etymology	fra: crépuscule
fra: imprévoyance	rel:etymology	fra: im-
fra: électroaffinage	rel:etymology	fra: affinage
fra: Maréchal	rel:etymology	fra: maréchal
fre: almanach	rel:etymology	Yeni Latince: almanac
fra: bourguignon	rel:etymology	lat: Burgundionem
fra: détoxiquer	rel:etymology	fra: toxique
fra: enrôlement	rel:etymology	fra: enrôler
fra: cribler	rel:etymology	fra: -er
fra: incassable	rel:etymology	fra: cassable
fra: anarchisme	rel:etymology	fra: -isme
fra: étatiser	rel:etymology	fra: État
fra: faste	rel:etymology	lat: fastus
fra: mégapole	rel:etymology	fra: méga-
fre: tannin	rel:etymology	fre: tan
fra: prud'homme	rel:etymology	fro: prodome
fra: sismicité	rel:etymology	fra: sismique
fra: polykystique	rel:etymology	fra: poly-
fra: réimprimer	rel:etymology	fra: imprimer
fra: cofonder	rel:etymology	fra: co-
fra: vitaliste	rel:etymology	fra: -iste
fra: démarcheur	rel:etymology	fra: -eur
fra: houppette	rel:etymology	fra: -ette
fra: outrancier	rel:etymology	fra: -ier
fra: arrachage	rel:etymology	fra: -age
fre: fleur	rel:etymology	lat: flōs, flōr-
fra: enfournement	rel:etymology	fra: -ment
fra: flibuste	rel:etymology	fra: flibustier
fra: déconnecter	rel:etymology	fra: connecter
fra: réemployer	rel:etymology	fra: employer
fra: éblouissement	rel:etymology	fra: éblouir
fra: réplicabilité	rel:etymology	fra: réplicable
fra: dénationalisation	rel:etymology	fra: dénationaliser
fra: glaneuse	rel:etymology	fra: -euse
fra: embobiner	rel:etymology	fra: bobine
fra: franchiseur	rel:etymology	fra: -eur
fra: paléosismologie	rel:etymology	fra: sismologie
fra: partage	rel:etymology	fra: partir
fra: hivernage	rel:etymology	fra: -age
fra: achalandage	rel:etymology	fra: -age
fra: hermétiquement	rel:etymology	fra: hermétique
fra: scintigraphique	rel:etymology	fra: -ique
fra: suture	rel:etymology	lat: sutura
fra: gradin	rel:etymology	ita: gradino
fra: sébaste	rel:etymology	lat: Sebastes
fra: habillage	rel:etymology	fra: habiller
fra: brandebourgeois	rel:etymology	fra: -ois
fra: surchoix	rel:etymology	fra: sur-
fra: postsynchroniser	rel:etymology	fra: synchroniser
fra: préfinancement	rel:etymology	fra: financement
fra: frire	rel:etymology	lat: frigere
fra: havresac	rel:etymology	deu: Hafersack
fra: paramédical	rel:etymology	fra: para-
fra: désorption	rel:etymology	fra: sorption
fra: colineau	rel:etymology	fra: colin
fra: écoblanchiment	rel:etymology	fra: blanchiment
fra: inactivité	rel:etymology	fra: in-
fra: volailler	rel:etymology	fra: volaille
fra: guernesiais	rel:etymology	fra: Guernesey
fra: inappliqué	rel:etymology	fra: in-
fra: occultement	rel:etymology	fra: occulte
fra: hypercool	rel:etymology	fra: cool
fra: photométrique	rel:etymology	fra: photo-
fra: -oyer	rel:etymology	lat: -idiare
fra: baveur	rel:etymology	fra: -eur
fra: pollueur	rel:etymology	fra: polluer
fra: plusieurs	rel:etymology	fro: plusors
fra: villageois	rel:etymology	fra: village
fra: interchangeable	rel:etymology	fra: interchanger
fra: dénucléariser	rel:etymology	fra: dé-
fra: isoprénoïde	rel:etymology	fra: -oïde
fra: estival	rel:etymology	lat: aestivalis
fra: portier	rel:etymology	lat: portarius
fra: déserteur	rel:etymology	fra: déserter
fra: indécemment	rel:etymology	fra: in-
fra: collectivement	rel:etymology	fra: collectif
fre: garantie	rel:etymology	fre: garantir
fra: espérance	rel:etymology	fra: -ance
fra: présérie	rel:etymology	fra: pré-
fra: adoucisseur	rel:etymology	fra: -eur
fra: dérocher	rel:etymology	fra: dé-
fra: exégétique	rel:etymology	fra: -ique
fra: crayeux	rel:etymology	fra: -eux
fra: dénucléariser	rel:etymology	fra: -iser
fre: croiseur	rel:etymology	fre: croiser
fra: camarguais	rel:etymology	fra: Camargue
fra: swinguer	rel:etymology	eng: swing
fra: blancheur	rel:etymology	fra: -eur
fra: ethnomusicologue	rel:etymology	fra: ethno-
fra: céramiste	rel:etymology	fra: céramique
fra: resplendissement	rel:etymology	fra: -ment
fra: noircissement	rel:etymology	fra: noircir
fra: exosphère	rel:etymology	fra: exo-
fra: Akkadien	rel:etymology	fra: -ien
fra: trioxygène	rel:etymology	fra: oxygène
fra: génialissime	rel:etymology	fra: -issime
fra: rythmiquement	rel:etymology	fra: rythmique
fra: implaçable	rel:etymology	fra: placer
fra: indépendamment	rel:etymology	fra: indépendant
fra: chou	rel:etymology	lat: caulis
fra: dormitif	rel:etymology	fra: dormir
fra: dose	rel:etymology	lat: dosis
fra: user	rel:etymology	lat: uso
fra: dépister	rel:etymology	fra: dé-
fra: placidité	rel:etymology	fra: placide
fra: ennuyeux	rel:etymology	fra: enuieus
fra: boulangerie	rel:etymology	fra: -erie
fra: éplucheur	rel:etymology	fra: -eur
fra: strychnine	rel:etymology	lat: Strychnos
fra: monarchisme	rel:etymology	fra: -isme
fra: pseudonyme	rel:etymology	fra: pseudo-
fra: ochlocratie	rel:etymology	grc: ὀχλοκρατία
fra: rétroprojecteur	rel:etymology	fra: rétro-
fra: hydrogène	rel:etymology	fra: hydro-
fra: adiaphane	rel:etymology	fra: diaphane
fra: monteur	rel:etymology	fra: -eur
fra: inopportun	rel:etymology	fra: in-
fra: questionneur	rel:etymology	fra: question
fra: vrac	rel:etymology	nld: wrac
fra: austèrement	rel:etymology	fra: austère
fra: brevetable	rel:etymology	fra: breveter
fre: tendance	rel:etymology	Geç Latince: tendentia
fra: contournement	rel:etymology	fra: -ement
fra: résille	rel:etymology	spa: redecilla
fra: barbarouffement	rel:etymology	fra: barbarouffer
fra: soignable	rel:etymology	fra: soigner
fra: claquement	rel:etymology	fra: claquer
fra: revoir	rel:etymology	fra: re-
fra: majorquais	rel:etymology	fra: -ais
fra: tronc	rel:etymology	lat: truncus
fra: inepte	rel:etymology	lat: ineptus
fra: abaliénation	rel:etymology	lat: abalienatio
fre: hématite	rel:etymology	grc: ʰaimatítes
fra: vadrouiller	rel:etymology	fra: vadrouille
fra: prosateur	rel:etymology	fra: prose
fra: dubitativement	rel:etymology	fra: dubitative
fra: sommation	rel:etymology	fra: -ation
fra: beurrier	rel:etymology	fra: beurre
fra: soupe	rel:etymology	frm: soupe
fre: as	rel:etymology	lat: as
fra: micrométrique	rel:etymology	fra: métrique
fra: estérification	rel:etymology	fra: estérifier
fra: décrépir	rel:etymology	fra: crépir
fra: archéoastronomie	rel:etymology	fra: astronomie
fre: surréalisme	rel:etymology	fre: surréél
fra: budgétiser	rel:etymology	fra: budget
fra: tricherie	rel:etymology	fra: -erie
fra: babouche	rel:etymology	ara: بابوش
fre: flâneur	rel:etymology	fre: flâner
fra: chiure	rel:etymology	fra: chier
fra: tubage	rel:etymology	fra: -age
fre: hérmetique	rel:etymology	eng: hermetic
fra: embouteillage	rel:etymology	fra: embouteiller
fra: manutentionnaire	rel:etymology	fra: -aire
fra: bonneterie	rel:etymology	fra: bonnet
fra: sexiste	rel:etymology	fra: sexe
fra: lactosérum	rel:etymology	fra: sérum
fra: automoteur	rel:etymology	fra: moteur
fra: indispensablement	rel:etymology	fra: -ment
fre: falbala	rel:etymology	Provansal dilinde: farbella
fra: télétraitement	rel:etymology	fra: traitement
fra: cireur	rel:etymology	fra: cir
fra: seulet	rel:etymology	fra: -et
fra: animalité	rel:etymology	fra: animal
fra: fumette	rel:etymology	fra: -ette
fra: musicalement	rel:etymology	fra: musicale
fra: sinologie	rel:etymology	fra: -logie
fra: œnothèque	rel:etymology	fra: -thèque
fra: galapiat	rel:etymology	fra: galopin
fre: banque	rel:etymology	ita: banco
fra: photosensible	rel:etymology	fra: photo-
fra: hexadenté	rel:etymology	fra: hexa-
fra: normatif	rel:etymology	fra: norme
fra: intervertible	rel:etymology	fra: -ible
fra: braconnier	rel:etymology	fra: braconner
fre: sonnet	rel:etymology	Eski Fransızca: sonet
fra: étymologique	rel:etymology	fra: étymologie
fra: étalonner	rel:etymology	fra: étalon
fra: cuisiner	rel:etymology	fra: cuisine
fra: noter	rel:etymology	lat: noto
fra: démultiplication	rel:etymology	fra: démultiplier
fra: ostensiblement	rel:etymology	fra: ostensible
fre: consommé	rel:etymology	fre: consommer
fre: bouton	rel:etymology	Eski Fransızca: boter 
fra: géohydrographie	rel:etymology	fra: hydrographie
fra: quadriphonie	rel:etymology	fra: quadri-
fra: enregistrable	rel:etymology	fra: enregistrer
fra: désindustrialisation	rel:etymology	fra: industrialisation
fra: resserrement	rel:etymology	fra: resserrer
fra: trieur	rel:etymology	fra: trier
fra: fomentateur	rel:etymology	fra: -ateur
fra: fonction	rel:etymology	lat: functio
fra: sublétal	rel:etymology	fra: sub-
fra: deltaïque	rel:etymology	fra: delta
fra: pomponner	rel:etymology	fra: pompon
fra: talentueux	rel:etymology	fra: talent
fra: percement	rel:etymology	fra: -ment
fra: rageusement	rel:etymology	fra: -ment
fra: prélèvement	rel:etymology	fra: -ment
fra: épucer	rel:etymology	fra: -er
fra: épuiser	rel:etymology	fra: puiser
fra: préadamisme	rel:etymology	fra: préadamite
fra: bipolaire	rel:etymology	fra: polaire
fra: insoumis	rel:etymology	fra: in-
fra: équidé	rel:etymology	fra: Equidae
fra: impérativement	rel:etymology	fra: impératif
fre: directeur	rel:etymology	lat: director
fra: ultrafroid	rel:etymology	fra: froid
fra: bosseur	rel:etymology	fra: bosser
fra: goupiller	rel:etymology	fra: goupille
fra: sueur	rel:etymology	lat: sudorem
fra: anormalement	rel:etymology	fra: anormale
fra: muscader	rel:etymology	fra: -er
fra: vannais	rel:etymology	fra: -ais
fra: entrebâillement	rel:etymology	fra: entrebâiller
fra: irrattrapable	rel:etymology	fra: ir-
fra: apte	rel:etymology	lat: aptus
fra: repincer	rel:etymology	fra: re-
fra: frauduleusement	rel:etymology	fra: -ment
fra: légender	rel:etymology	fra: -er
fra: hypothermique	rel:etymology	fra: hypothermie
fra: misère	rel:etymology	lat: miseria
fra: écrouissage	rel:etymology	fra: écrouir
fra: flexiblement	rel:etymology	fra: -ment
fra: pantouflard	rel:etymology	fra: -ard
fra: frivolement	rel:etymology	fra: -ment
fra: tard	rel:etymology	lat: tarde
fra: repeupler	rel:etymology	fra: peupler
fre: succès	rel:etymology	Geç Latince: successum
fra: prospecteur	rel:etymology	fra: prospecter
fra: profiter	rel:etymology	fra: -er
fra: bourgeoisie	rel:etymology	fra: -ie
fra: charmer	rel:etymology	fra: charme
fra: occis	rel:etymology	lat: occisus
fra: strombolien	rel:etymology	fra: Stromboli
fra: gorgerette	rel:etymology	fra: -ette
fre: trois	rel:etymology	fre: quart
fre: spasme	rel:etymology	grc: spasmós, spasmod-
fra: grimer	rel:etymology	fra: -er
fra: criminel	rel:etymology	lat: criminalis
fra: impensable	rel:etymology	fra: pensable
fra: élégantissime	rel:etymology	fra: -issime
fra: entourer	rel:etymology	fra: entour
fra: ouragan	rel:etymology	spa: huracán
fra: nô	rel:etymology	jpn: 能
fra: cousiner	rel:etymology	fra: -er
fra: anaphrodisiaque	rel:etymology	fra: aphrodisiaque
fra: ravissement	rel:etymology	fra: -ment
fre: tricot	rel:etymology	Eski Fransızca: estriquier
fra: rhombique	rel:etymology	fra: -ique
fra: indiscrètement	rel:etymology	fra: indiscrète
fra: zoologiste	rel:etymology	fra: zoologie
fra: tributaire	rel:etymology	fra: tribut
fra: idéologiquement	rel:etymology	fra: -ment
fra: compressible	rel:etymology	fra: comprimer
fra: anémier	rel:etymology	fra: -er
fra: aminobutyrique	rel:etymology	fra: amino-
fra: canton	rel:etymology	pro: canton
fra: aixois	rel:etymology	fra: Aix
fra: découvrir	rel:etymology	lat: discooperire
fra: tranquillement	rel:etymology	fra: -ment
fra: vaguement	rel:etymology	fra: -ment
fra: remouture	rel:etymology	fra: mouture
fra: étouffoir	rel:etymology	fra: étouffer
fra: défaire	rel:etymology	fra: dé-
fra: conceptualisable	rel:etymology	fra: conceptualiser
fra: hépatologie	rel:etymology	fra: hépato-
fra: dortoir	rel:etymology	fro: dortour
fra: lamer	rel:etymology	fra: lame
fra: réintroduction	rel:etymology	fra: introduction
fra: piézométrique	rel:etymology	fra: -métrique
fra: radinerie	rel:etymology	fra: radin
fra: bisser	rel:etymology	fra: bis
fra: démériter	rel:etymology	fra: démérite
fra: supercritique	rel:etymology	fra: critique
fre: total	rel:etymology	Geç Latince: totalis
fra: gynæcologique	rel:etymology	fra: -ique
fra: raisonnablement	rel:etymology	fra: -ment
fre: critère	rel:etymology	lat: criterium
fra: calorimétrie	rel:etymology	fra: -métrie
fra: limpidité	rel:etymology	lat: limpiditas
fra: mythomanie	rel:etymology	fra: -manie
fre: fictif	rel:etymology	eng: fictive
fra: coiffeuse	rel:etymology	fra: -euse
fra: métaphorique	rel:etymology	fra: métaphore
fra: réarmement	rel:etymology	fra: armement
fra: pisé	rel:etymology	fra: piser
fra: coalition	rel:etymology	lat: coalitus
fra: validement	rel:etymology	fra: valide
fra: Groenlandais	rel:etymology	fra: Groenland
fra: trilobé	rel:etymology	fra: lobé
fra: forcir	rel:etymology	fra: force
fra: anaphorique	rel:etymology	fra: -ique
fra: aristocratiquement	rel:etymology	fra: -ment
fra: baser	rel:etymology	fra: -er
fra: surprise	rel:etymology	fro: surprendre
fra: épiglottal	rel:etymology	fra: glottal
fra: calculable	rel:etymology	fra: calculer
fra: pluriethnique	rel:etymology	fra: pluri-
fra: errement	rel:etymology	fra: errer
fra: intraveineux	rel:etymology	fra: lang-fr
fra: fractionner	rel:etymology	fra: fraction
fra: dérailler	rel:etymology	fra: dé-
fra: bipyramidal	rel:etymology	fra: pyramidal
fre: haras	rel:etymology	Norsça (Vikingce): harra
fra: éminemment	rel:etymology	fra: -ment
fra: renversement	rel:etymology	fra: -ment
fra: antiprotectionniste	rel:etymology	fra: anti-
fra: organoarsénié	rel:etymology	fra: organo-
fra: sociétaire	rel:etymology	fra: société
fra: potlatch	rel:etymology	chn: potlatch
fra: ponctionner	rel:etymology	fra: ponction
fra: gifler	rel:etymology	fra: gifle
fra: faunesse	rel:etymology	fra: faune
fra: Bavarois	rel:etymology	fra: -ois
fra: romance	rel:etymology	fro: romanz
fra: machinisme	rel:etymology	fra: -isme
fra: délimitation	rel:etymology	fra: délimiter
fra: ancrer	rel:etymology	fra: ancre
fra: gynocide	rel:etymology	fra: -cide
fra: orbe	rel:etymology	lat: orbis
fra: dressable	rel:etymology	fra: -able
fra: astérisque	rel:etymology	lat: asteriscus
fra: Pakistanais	rel:etymology	fra: Pakistan
fra: grognement	rel:etymology	fra: -ment
fra: rotulien	rel:etymology	fra: -ien
fra: éthanoïque	rel:etymology	fra: éthane
fra: olographe	rel:etymology	fra: holo-
fra: épigraphe	rel:etymology	fra: -graphe
fra: atmosphérique	rel:etymology	fra: atmosphère
fra: résine	rel:etymology	lat: resina
fra: paradis	rel:etymology	lat: paradisus
fra: encercler	rel:etymology	fra: en-
fra: fagoter	rel:etymology	fra: fagot
fra: hockey	rel:etymology	eng: hockey
fra: soupçonnable	rel:etymology	fra: soupçonner
fra: truqueuse	rel:etymology	fra: truquer
fra: tramer	rel:etymology	fra: trame
fra: moléculairement	rel:etymology	fra: -ment
fre: discours	rel:etymology	lat: discursus
fra: dressoir	rel:etymology	fra: dresser
fra: cultivable	rel:etymology	fra: cultiver
fra: ladre	rel:etymology	lat: latro
fra: lithuanien	rel:etymology	fra: Lithuanie
fra: praticable	rel:etymology	fra: -able
fra: ciel	rel:etymology	lat: caelum
fra: gonfleur	rel:etymology	fra: gonfler
fra: ionisable	rel:etymology	fra: ioniser
fra: fraternellement	rel:etymology	fra: fraternelle
fra: modulaire	rel:etymology	fra: -aire
fra: découplement	rel:etymology	fra: -ment
fra: compulsivement	rel:etymology	fra: compulsive
fra: copolymère	rel:etymology	fra: polymère
fre: garçon	rel:etymology	Germence: *werkjōn
fra: transvasement	rel:etymology	fra: transvaser
fra: varier	rel:etymology	lat: vario
fra: prosatrice	rel:etymology	fra: -atrice
fra: crispation	rel:etymology	fra: crisper
fra: revitaliser	rel:etymology	fra: vitaliser
fra: manne	rel:etymology	dum: manne
fre: trille	rel:etymology	ita: trillo 
fra: torique	rel:etymology	fra: tore
fra: eco-	rel:etymology	lat: oeco
fra: hachette	rel:etymology	fra: hache
fra: inadmissibilité	rel:etymology	fra: admissibilité
fra: bureautique	rel:etymology	fra: bureau
fra: magnifique	rel:etymology	lat: magnificus
fra: mirer	rel:etymology	lat: miror
fra: jarretière	rel:etymology	fra: jarret
fra: dépannage	rel:etymology	fra: dépanner
fra: solvabilité	rel:etymology	fra: -ité
fre: criminel	rel:etymology	eng: criminal
fra: communauté	rel:etymology	lat: communitatem
fra: débourbage	rel:etymology	fra: débourber
fra: ionique	rel:etymology	fra: ion
fre: catatonie	rel:etymology	ger: Katatonie
fre: vignette	rel:etymology	fre: vigne
fra: absence	rel:etymology	lat: absentia
fra: antimoniure	rel:etymology	fra: antimoine
fra: adjectivement	rel:etymology	fra: -ment
fra: gérontologue	rel:etymology	fra: géronto-
fra: thermodurcissable	rel:etymology	fra: thermo-
fra: querelle	rel:etymology	fro: querele
fra: tétrathionate	rel:etymology	fra: thionate
fra: abjection	rel:etymology	fra: -tion
fra: limitable	rel:etymology	fra: limiter
fra: sagacité	rel:etymology	fra: -ité
fra: morveux	rel:etymology	fra: -eux
fra: enfantement	rel:etymology	fra: enfanter
fre: disque	rel:etymology	eng: disc
fra: phagocytage	rel:etymology	fra: -age
fra: hiémal	rel:etymology	lat: hiemalis
fra: acajou	rel:etymology	por: acajú
fre: effort	rel:etymology	fre: efforcer
fra: préraphaélite	rel:etymology	fra: -ite
fra: transférase	rel:etymology	fra: transférer
fra: clairement	rel:etymology	fra: -ment
fra: caution	rel:etymology	lat: cautio
fra: heptafluorure	rel:etymology	fra: hepta-
fra: graphiquement	rel:etymology	fra: -ment
fra: orogénique	rel:etymology	fra: orogénie
fre: stabilisé	rel:etymology	fre: stabiliser
fra: ancestral	rel:etymology	fro: ancestral
fra: entremetteur	rel:etymology	fra: -eur
fra: aisselle	rel:etymology	fro: aisele
fra: analyseur	rel:etymology	fra: -eur
fra: parentéralement	rel:etymology	fra: parentéral
fra: Caucasien	rel:etymology	fra: -ien
fra: framboiseraie	rel:etymology	fra: framboise
fra: vidéoludique	rel:etymology	fra: vidéo-
fra: bouc	rel:etymology	frm: bouc
fra: locomoteur	rel:etymology	fra: -eur
fra: octantième	rel:etymology	fra: -ième
fra: préau	rel:etymology	fra: pré
fra: masseur	rel:etymology	fra: masser
fra: nanoargent	rel:etymology	fra: nano-
fra: latent	rel:etymology	lat: latens
fra: nuement	rel:etymology	fra: nue
fra: pétroglyphe	rel:etymology	fra: glyphe
fra: réglable	rel:etymology	fra: régler
fra: boson de Higgs	rel:etymology	fra: w:Peter Higgs
fra: glycosidique	rel:etymology	fra: glycoside
fra: graphe	rel:etymology	grc: γράφω
fra: sentence	rel:etymology	lat: sententia
fra: pléonasme	rel:etymology	lat: pleonasmus
fra: multirisque	rel:etymology	fra: risque
fra: pédogéologique	rel:etymology	fra: géologique
fra: ramasseur	rel:etymology	fra: -eur
fra: absorbabilité	rel:etymology	fra: absorbable
fra: cataclysme	rel:etymology	lat: cataclysmos
fra: désirer	rel:etymology	lat: desiderare
fra: envisageable	rel:etymology	fra: -able
fra: ferricyanure	rel:etymology	fra: cyanure
fra: caravanier	rel:etymology	fra: caravane
fra: Cadix	rel:etymology	spa: Cádiz
fra: aciériste	rel:etymology	fra: -iste
fra: coudière	rel:etymology	fra: coude
fre: aphrodisiaque	rel:etymology	grc: aphrodisiakós
fra: piégeux	rel:etymology	fra: piéger
fra: risible	rel:etymology	lat: risibilis
fra: incompatibilité	rel:etymology	fra: compatibilité
fre: cachet	rel:etymology	fre: cacher
fre: filée	rel:etymology	Geç Latince: filata
fra: numérotage	rel:etymology	fra: -age
fra: rempart	rel:etymology	fro: rempart
fra: détention	rel:etymology	fra: détenir
fra: aromaticité	rel:etymology	fra: -ité
fra: hydroglisseur	rel:etymology	fra: glisseur
fra: bouvier	rel:etymology	lat: bovarius
fra: photoluminescent	rel:etymology	fra: photo-
fra: tabac	rel:etymology	spa: tabaco
fra: pudibonderie	rel:etymology	fra: pudibond
fra: Akkadien	rel:etymology	fra: Akkad
fra: éventrer	rel:etymology	fra: -er
fra: dualité	rel:etymology	fra: dual
fra: enchanter	rel:etymology	lat: incantare
fra: comparateur	rel:etymology	fra: comparatif
fra: gambette	rel:etymology	pcd: gambette
fra: tromperie	rel:etymology	fra: tromper
fra: déshydrocholestérol	rel:etymology	fra: cholestérol
fra: brider	rel:etymology	fra: bride
fra: transgène	rel:etymology	fra: trans-
fra: homocentrique	rel:etymology	fra: homo-
fra: modulaire	rel:etymology	fra: module
fra: caractériel	rel:etymology	fra: -el
fra: réimpression	rel:etymology	fra: impression
fra: cerisaie	rel:etymology	fra: -aie
fre: hypertrophie	rel:etymology	grc: ʰypertrophía
fra: thermométrique	rel:etymology	fra: -métrique
fra: anthropométrique	rel:etymology	fra: -ique
fra: guidage	rel:etymology	fra: -age
fra: inertage	rel:etymology	fra: -age
fra: violoneux	rel:etymology	fra: -eux
fra: éperdre	rel:etymology	fro: esperdre
fra: femelle	rel:etymology	lat: femella
fra: inconséquence	rel:etymology	fra: in-
fra: déblocage	rel:etymology	fra: blocage
fra: facétieux	rel:etymology	lat: facetia
fra: Hellène	rel:etymology	grc: Ἕλλην
fra: acoustique	rel:etymology	grc: ακουστικός
fra: accoutrement	rel:etymology	fra: -ment
fra: bâcher	rel:etymology	fra: bâche
fra: valablement	rel:etymology	fra: -ment
fra: imperméabilité	rel:etymology	fra: im-
fra: démouler	rel:etymology	fra: mouler
fra: insensiblement	rel:etymology	fra: -ment
fre: alternateur	rel:etymology	fre: alterner
fra: officialité	rel:etymology	fra: -ité
fra: subjectiviste	rel:etymology	fra: -iste
fra: gauler	rel:etymology	frm: gauler
fra: nitrogénase	rel:etymology	fra: -ase
fra: pâturage	rel:etymology	fra: pâture
fra: Bruxellois	rel:etymology	fra: -ois
fra: timide	rel:etymology	lat: timidus
fra: corrigeable	rel:etymology	fra: corriger
fra: incurablement	rel:etymology	fra: incurable
fra: métrologie	rel:etymology	fra: -logie
fra: Esculape	rel:etymology	lat: Aesculapius
fra: dépoussiérer	rel:etymology	fra: dé-
fra: toxicomane	rel:etymology	fra: -mane
fra: iodique	rel:etymology	fra: iode
fra: pétéchial	rel:etymology	fra: -al
fra: ortho-	rel:etymology	grc: ὀρθός
fra: meilleur	rel:etymology	fro: meillor
fra: hétérocatalytique	rel:etymology	fra: hétéro-
fra: ébrancher	rel:etymology	fra: branche
fra: confidentiellement	rel:etymology	fra: confidentielle
fre: accoupler	rel:etymology	Geç Latince: *accopulare
fra: fricoter	rel:etymology	fra: fricot
fra: compassionner	rel:etymology	fra: -er
fra: intervenir	rel:etymology	lat: intervenire
fra: colophon	rel:etymology	grc: κολοφών
fra: tôlerie	rel:etymology	fra: -erie
fra: divisiblement	rel:etymology	fra: -ment
fra: vénitien	rel:etymology	lat: Venetianus
fra: louvoyer	rel:etymology	fra: lof
fre: status	rel:etymology	lat: status
fra: hydrochimie	rel:etymology	fra: hydro-
fre: au pair	rel:etymology	fre: pair
fra: serpent	rel:etymology	lat: serpentem
fra: fiançaille	rel:etymology	fra: -aille
fre: assimiler	rel:etymology	lat: assimilare
fra: métallotolérant	rel:etymology	fra: tolérant
fra: arrondir	rel:etymology	fra: a-
fra: chirurgicalement	rel:etymology	fra: chirurgicale
fra: inarticulé	rel:etymology	fra: articulé
fre: apostrophe	rel:etymology	grc: apóstrophos
fra: bisphénol A	rel:etymology	fra: A
fra: idéaliser	rel:etymology	fra: idéal
fra: déphosphoration	rel:etymology	fra: phosphoration
fra: marginalement	rel:etymology	fra: marginale
fra: doudoune	rel:etymology	fra: doux
fra: novembre	rel:etymology	lat: november
fra: excitabilité	rel:etymology	fra: excitable
fra: idéal	rel:etymology	lat: idealis
fra: Djiboutien	rel:etymology	fra: -ien
fra: obéissant	rel:etymology	lat: oboediens
fra: démarreur	rel:etymology	fra: démarrer
fra: coiffer	rel:etymology	fra: coiffe
fra: morganatiquement	rel:etymology	fra: -ment
fra: glorieusement	rel:etymology	fra: glorieuse
fra: omelette	rel:etymology	fra: alemette
fra: Sarthois	rel:etymology	fra: -ois
fra: tapager	rel:etymology	fra: tapage
fra: déraisonnablement	rel:etymology	frm: desraisonnablement
fra: contredire	rel:etymology	lat: contradico
fra: défibriner	rel:etymology	fra: -er
fra: bouffable	rel:etymology	fra: bouffer
fre: guipure	rel:etymology	fre: guiper
fra: houle	rel:etymology	non: hol
fra: labradorien	rel:etymology	fra: Labrador
fra: intelligence	rel:etymology	lat: intellegentia
fra: viscosimètre	rel:etymology	fra: viscosité
fra: remplaçable	rel:etymology	fra: -able
fra: noirâtre	rel:etymology	fra: -âtre
fra: cheikh	rel:etymology	ara: شيخ
fra: chiffonner	rel:etymology	fra: chiffon
fra: palan	rel:etymology	ita: palanco
fre: déclassé	rel:etymology	fre: déclasser
fra: lamelle	rel:etymology	lat: lāmella
fra: canonisable	rel:etymology	fra: canoniser
fra: analeptique	rel:etymology	fra: -ique
fra: gériatrique	rel:etymology	fra: gériatrie
fre: théorie	rel:etymology	Geç Latince: theoria
fra: primitivement	rel:etymology	fra: primitif
fra: espérance	rel:etymology	fra: espérer
fra: sertissage	rel:etymology	fra: sertir
fre: acide formique	rel:etymology	lat: formica
fra: silencieusement	rel:etymology	fra: -ment
fra: essentialité	rel:etymology	fra: essentiel
fra: claviculaire	rel:etymology	fra: -aire
fra: stabilisateur	rel:etymology	fra: -ateur
fra: infréquentable	rel:etymology	fra: in-
fra: isomérique	rel:etymology	fra: isomérie
fra: multicouche	rel:etymology	fra: couche
fra: aumône	rel:etymology	fro: almosne
fre: hérmaphrodite	rel:etymology	özel adından: Hermês
fra: négationniste	rel:etymology	fra: -iste
fra: essayeur	rel:etymology	fra: essayer
fra: dédoublement	rel:etymology	fra: dé-
fra: dégrèvement	rel:etymology	fra: -ment
fre: fatal	rel:etymology	lat: fatalis
fra: hellénique	rel:etymology	grc: Ἕλλην
fre: béton	rel:etymology	lat: bitumen
fra: papillotage	rel:etymology	fra: -age
fra: coéquipier	rel:etymology	fra: co-
fre: fistule	rel:etymology	lat: fistula
fra: fumer	rel:etymology	lat: fumare
fra: costaricien	rel:etymology	fra: Costa Rica
fre: gomme	rel:etymology	lat: gummi 
fra: pyramide	rel:etymology	fro: piramide
fra: intuber	rel:etymology	fra: tube
fra: essaimer	rel:etymology	fra: essaim
fra: rattrapage	rel:etymology	fra: rattraper
fra: multidisciplinaire	rel:etymology	fra: disciplinaire
fra: emportement	rel:etymology	fra: emporter
fra: immobilité	rel:etymology	fra: im-
fra: artère	rel:etymology	lat: arteria
fra: désorganiser	rel:etymology	fra: dés-
fra: cajeput	rel:etymology	msa: kayu putih
fra: antérieur	rel:etymology	lat: anterior
fra: druide	rel:etymology	lat: druidae
fra: ossifier	rel:etymology	fra: os
fra: châtaigne	rel:etymology	fro: chastaigne
fra: toquade	rel:etymology	fra: toquer
fra: franchissement	rel:etymology	fra: -ment
fra: épinglage	rel:etymology	fra: -age
fre: ancre	rel:etymology	lat: ancora
fra: cosmiquement	rel:etymology	fra: cosmique
fra: protique	rel:etymology	fra: -ique
fra: irracontable	rel:etymology	fra: ir-
fra: nacre	rel:etymology	lat: nacchara
fra: oubliable	rel:etymology	fra: oublier
fra: astrologie	rel:etymology	fra: -logie
fra: soudabilité	rel:etymology	fra: -ité
fra: volleyeur	rel:etymology	fra: volley
fra: suralimentation	rel:etymology	fra: sur-
fra: chrysanthème	rel:etymology	grc: χρυσάνθεμον
fra: pyjama	rel:etymology	eng: pyjamas
fra: sagacité	rel:etymology	lat: sagacitas
fra: panthéisme	rel:etymology	eng: pantheist
fra: isolé	rel:etymology	lat: insula
fra: diaphanéité	rel:etymology	fra: -éité
fra: défoncer	rel:etymology	fra: foncer
fra: chloroplatinique	rel:etymology	fra: platinique
fra: préférablement	rel:etymology	fra: -ment
fre: géologie	rel:etymology	Yeni Latince: geologia
fra: parallèlement	rel:etymology	fra: -ment
fra: talionesque	rel:etymology	fra: -esque
fra: photoélectrique	rel:etymology	fra: photo-
fra: capuchon	rel:etymology	ita: cappuccio
fra: floconneux	rel:etymology	fra: -eux
fra: métaphoriquement	rel:etymology	fra: métaphorique
fra: écoulage	rel:etymology	fra: -age
fra: pioche	rel:etymology	fra: -oche
fra: thixotropique	rel:etymology	fra: thixotropie
fra: rajout	rel:etymology	fra: r-
fra: endurcir	rel:etymology	fra: dur
fra: colombe	rel:etymology	lat: columba
fra: civil	rel:etymology	lat: civilis
fra: fiançaille	rel:etymology	fra: fiancer
fre: pharisée	rel:etymology	eng: pharisee
fra: accusatif	rel:etymology	lat: accusativus
fre: casuistique	rel:etymology	Yeni Latince: casuistica
fra: prématurément	rel:etymology	fra: -ment
fra: châtelain	rel:etymology	fra: château
fra: Hambourgeois	rel:etymology	fra: Hambourg
fre: kleptomane	rel:etymology	grc: kléptēs
fra: manigancer	rel:etymology	fra: manigance
fra: dépolluer	rel:etymology	fra: dé-
fra: physiothérapeute	rel:etymology	fra: thérapeute
fra: alphabétique	rel:etymology	fra: alphabet
fra: visiophone	rel:etymology	fra: phone
fra: antisismique	rel:etymology	fra: sismique
fra: inimitablement	rel:etymology	fra: -ment
fra: on	rel:etymology	fro: hom
fra: glycémique	rel:etymology	fra: glycémie
fra: épervier	rel:etymology	frm: esprevier
fra: dégradable	rel:etymology	fra: dégrader
fra: thermomécanique	rel:etymology	fra: mécanique
fra: interparlementaire	rel:etymology	fra: parlementaire
fra: oser	rel:etymology	lat: audeo
fre: athlète	rel:etymology	grc: athlētḗs
fra: étalonnier	rel:etymology	fra: étalon
fra: nonantièmement	rel:etymology	fra: nonantième
fra: monophasique	rel:etymology	fra: phase
fra: informellement	rel:etymology	fra: -ment
fra: cuveau	rel:etymology	fra: cuve
fra: fonctionner	rel:etymology	fra: fonction
fra: intoxiquer	rel:etymology	fra: in-
fra: solliciter	rel:etymology	lat: sollicitare
fra: chauffagiste	rel:etymology	fra: -iste
fra: brasage	rel:etymology	fra: -age
fra: peracétique	rel:etymology	fra: acétique
fra: lancer	rel:etymology	fro: lancier
fra: marionnettiste	rel:etymology	fra: -iste
fra: incultivable	rel:etymology	fra: cultivable
fra: aridité	rel:etymology	fra: -ité
fra: balzacien	rel:etymology	fra: Balzac
fra: dermabrasion	rel:etymology	fra: -ion
fra: monochlorure	rel:etymology	fra: mono-
fra: réimporter	rel:etymology	fra: ré-
fra: précautionneux	rel:etymology	fra: précaution
fra: débullage	rel:etymology	fra: débuller
fra: ivoirien	rel:etymology	fra: -ien
fra: casaquin	rel:etymology	fra: -in
fra: boudeur	rel:etymology	fra: -eur
fra: marmelade	rel:etymology	por: marmelada
fra: calédonien	rel:etymology	fra: -ien
fra: écritoire	rel:etymology	fra: -oire
fra: hypercool	rel:etymology	fra: hyper-
fre: transformer	rel:etymology	Geç Latince: transformare
fra: présentateur	rel:etymology	fra: -eur
fra: maroquinerie	rel:etymology	fra: -erie
fra: décommander	rel:etymology	fra: dé-
fra: soupçon	rel:etymology	fro: sospeçon
fra: hexaèdre	rel:etymology	fra: -èdre
fre: tirer	rel:etymology	fre: bouchon
fra: ton	rel:etymology	lat: tuus
fra: tyranneau	rel:etymology	fra: tyran
fra: générosité	rel:etymology	fra: généreux
fra: soif	rel:etymology	fro: soif
fra: réemploi	rel:etymology	fra: emploi
fra: inofficiellement	rel:etymology	fra: -ment
fra: carnet	rel:etymology	frm: quernet
fra: quimpérois	rel:etymology	fra: -ois
fra: réémettre	rel:etymology	fra: ré-
fre: illégal	rel:etymology	lat: illegalis
fre: dyspepsie	rel:etymology	grc: dyspepsía
fra: défoulement	rel:etymology	fra: défouler
fra: baseballeur	rel:etymology	fra: -eur
fra: électrostatique	rel:etymology	fra: électro-
fra: isopropyle	rel:etymology	fra: iso-
fra: déverrouillage	rel:etymology	fra: -age
fre: farce	rel:etymology	fre: farcir
fra: repétrir	rel:etymology	fra: pétrir
fra: hexamère	rel:etymology	fra: -mère
fra: vivoter	rel:etymology	fra: vivre
fra: discophile	rel:etymology	fra: -phile
fra: irréfutablement	rel:etymology	fra: irréfutable
fra: chapitre	rel:etymology	lat: capitulum
fra: spatialisation	rel:etymology	fra: -ation
fra: éco-blanchiment	rel:etymology	fra: blanchiment
fre: tube	rel:etymology	lat: tuba
fra: dicarboxylique	rel:etymology	fra: di-
fra: coproduit	rel:etymology	fra: produit
fra: cinglage	rel:etymology	fra: -age
fra: cocoteraie	rel:etymology	fra: cocotier
fra: initialiser	rel:etymology	fra: initial
fra: curé	rel:etymology	lat: curatus
fre: bicyclette	rel:etymology	fre: bicycle
fra: dégriser	rel:etymology	fra: dé-
fra: matérialisation	rel:etymology	fra: matérialiser
fra: rasade	rel:etymology	fra: ras
fra: démangeaison	rel:etymology	fra: -aison
fra: matassin	rel:etymology	ita: mattaccino
fra: navigation	rel:etymology	lat: navigationem
fre: gélatine	rel:etymology	ita: gelatina
fre: émulsion	rel:etymology	lat: emulgere
fra: marécageux	rel:etymology	fra: -eux
fra: exhaler	rel:etymology	lat: exhalare
fra: véhiculage	rel:etymology	fra: -age
fra: vampirisme	rel:etymology	fra: vampire
fra: arrachement	rel:etymology	fra: -ment
fra: brancardier	rel:etymology	fra: -ier
fra: commune	rel:etymology	lat: communia
fra: mentholé	rel:etymology	fra: menthol
fra: dépeupler	rel:etymology	fra: dé-
fra: fovéa	rel:etymology	lat: fovea
fra: Milanais	rel:etymology	fra: Milan
fra: anéantir	rel:etymology	fra: néant
fre: anaphylaxie	rel:etymology	eng: anaphylaxy
fra: tourbage	rel:etymology	fra: -age
fra: effluve	rel:etymology	lat: effluvium
fra: timbrer	rel:etymology	fra: timbre
fra: échelle	rel:etymology	fro: eschale
fra: septième	rel:etymology	fra: sept
fra: surtseyen	rel:etymology	fra: Surtsey
fre: spatule	rel:etymology	lat: spathula
fra: ichtyosaure	rel:etymology	fra: -saure
fra: métalloprotéinase	rel:etymology	fra: protéinase
fra: foulage	rel:etymology	fra: fouler
fra: podcaster	rel:etymology	fra: -er
fre: discipline	rel:etymology	lat: disciplina
fra: crachin	rel:etymology	fra: crachiner
fra: automaticité	rel:etymology	fra: automatique
fra: tribromure	rel:etymology	fra: bromure
fra: soutenir	rel:etymology	frm: soubtenir
fra: géoradar	rel:etymology	fra: radar
fra: édit	rel:etymology	lat: edictum
fra: décommander	rel:etymology	fra: commander
fra: internationalisme	rel:etymology	fra: -isme
fra: nébuliseur	rel:etymology	fra: -eur
fra: travailliste	rel:etymology	fra: -iste
fra: irréfutablement	rel:etymology	fra: -ment
fra: mêmement	rel:etymology	fra: même
fra: arbitral	rel:etymology	lat: arbitralis
fra: téra-	rel:etymology	grc: τέρας
fra: barrette	rel:etymology	fra: barre
fra: vérification	rel:etymology	fra: vérifier
fra: épouvantablement	rel:etymology	fra: -ment
fra: désagrégation	rel:etymology	fra: désagréger
fra: druide	rel:etymology	spa: Druidae
fra: barrir	rel:etymology	lat: barrire
fra: secourir	rel:etymology	lat: succurrere
fra: usuraire	rel:etymology	lat: usurarius
fra: fatigabilité	rel:etymology	fra: -ité
fra: souplesse	rel:etymology	fra: souple
fra: pince	rel:etymology	fra: pincer
fre: émailler	rel:etymology	fre: émail
fra: ombrien	rel:etymology	fra: -en
fra: antirachitique	rel:etymology	fra: rachitique
fra: radiotéléphonie	rel:etymology	fra: radio-
fra: évêque	rel:etymology	fro: evesque
fra: réarrangement	rel:etymology	fra: ré-
fre: valeur	rel:etymology	lat: valor
fra: faïencerie	rel:etymology	fra: faïence
fra: léthargiquement	rel:etymology	fra: léthargique
fra: raffiner	rel:etymology	fra: re-
fra: récalcitrant	rel:etymology	fra: récalcitrer
fra: mousquet	rel:etymology	ita: moschetto
fra: ovniologue	rel:etymology	fra: ovni
fra: commutateur	rel:etymology	fra: -eur
fra: parcourir	rel:etymology	fra: courir
fra: portance	rel:etymology	fra: porter
fra: camionneur	rel:etymology	fra: camion
fra: focalisation	rel:etymology	fra: -ation
fra: algorithmique	rel:etymology	fra: algorithme
fre: tropisme	rel:etymology	grc: trépō, trop-
fra: aigrir	rel:etymology	fra: aigre
fra: flamer	rel:etymology	eng: flame
fra: orthogénie	rel:etymology	fra: ortho-
fra: paléoichnologie	rel:etymology	fra: paléo-
fra: possiblement	rel:etymology	fra: -ment
fra: condenseur	rel:etymology	fra: -eur
fra: laque	rel:etymology	fas: لاک
fra: boniment	rel:etymology	fra: -ment
fra: natalité	rel:etymology	fra: -ité
fra: litige	rel:etymology	lat: lis
fra: liechtensteinois	rel:etymology	fra: Liechtenstein
fre: commodine	rel:etymology	fre: commode
fra: refondre	rel:etymology	fra: fondre
fra: barbette	rel:etymology	fra: -ette
fra: luciférien	rel:etymology	fra: -ien
fra: gourd	rel:etymology	lat: gurdus
fra: jury	rel:etymology	eng: jury
fra: balancement	rel:etymology	fra: balancer
fra: estimation	rel:etymology	fra: estimer
fra: cryptage	rel:etymology	fra: -age
fre: catalogue	rel:etymology	grc: katálogos
fra: autorité	rel:etymology	lat: auctoritas
fra: vépéciste	rel:etymology	fra: VPC
fra: million	rel:etymology	ita: milione
fra: techniquement	rel:etymology	fra: -ment
fre: fanfaronnade	rel:etymology	spa: fanfarrón
fra: viennoiserie	rel:etymology	fra: -erie
fra: marmonner	rel:etymology	lat: murmuro
fre: virer	rel:etymology	Geç Latince: virare
fra: équilibration	rel:etymology	fra: -ation
fra: huitième	rel:etymology	fra: -ième
fra: réimpression	rel:etymology	fra: ré-
fra: cyanuration	rel:etymology	fra: cyanure
fra: Tatiana	rel:etymology	rus: Татьяна
fra: tension	rel:etymology	frm: tension
fra: technologique	rel:etymology	fra: -ique
fra: adhésivement	rel:etymology	fra: adhésive
fra: acromégalie	rel:etymology	lat: acromegalia
fra: parcourir	rel:etymology	fra: par-
fra: prééminent	rel:etymology	fra: pré-
fra: systolique	rel:etymology	fra: -ique
fra: sente	rel:etymology	lat: semita
fra: submillimétrique	rel:etymology	fra: millimétrique
fra: cierge	rel:etymology	lat: cereus
fra: gazetier	rel:etymology	fra: -ier
fra: Aveyronnais	rel:etymology	fra: -ais
fra: interrogeable	rel:etymology	fra: -able
fra: temporisateur	rel:etymology	fra: temporiser
fra: fumage	rel:etymology	fra: -age
fra: se	rel:etymology	lat: se
fra: séminifère	rel:etymology	fra: -fère
fra: fausser	rel:etymology	fra: fausse
fra: diéthyle	rel:etymology	fra: di-
fra: indissociablement	rel:etymology	fra: indissociable
fra: émancipateur	rel:etymology	fra: émanciper
fra: successivement	rel:etymology	fra: successive
fra: semiconducteur	rel:etymology	fra: semi-
fra: incommunicabilité	rel:etymology	fra: in-
fra: instablement	rel:etymology	fra: instable
fra: burlesquement	rel:etymology	fra: burlesque
fra: dérégulation	rel:etymology	fra: déréguler
fra: sauvagement	rel:etymology	fra: -ment
fra: délégation	rel:etymology	fra: -ation
fra: douloureusement	rel:etymology	fra: -ment
fra: besogneux	rel:etymology	fra: besogner
fra: géohydrologie	rel:etymology	fra: hydrologie
fra: corner	rel:etymology	fra: corne
fra: fondamental	rel:etymology	fra: fondement
fre: cacher	rel:etymology	lat: coactare
fra: facturer	rel:etymology	fra: -er
fra: doucereux	rel:etymology	fra: douceur
fra: encadrer	rel:etymology	fra: cadrer
fra: bourse	rel:etymology	lat: bursa
fra: chrétiennement	rel:etymology	fra: chrétienne
fra: impassable	rel:etymology	fra: passable
fre: consomation	rel:etymology	fre: consomer
fre: soupape	rel:etymology	Eski Fransızca: pape
fra: oligomère	rel:etymology	fra: oligo-
fra: téléski	rel:etymology	fra: ski
fra: chair	rel:etymology	lat: caro
fra: équitable	rel:etymology	fra: équité
fra: mensonger	rel:etymology	fra: mensonge
fra: affabulation	rel:etymology	fra: affabuler
fre: farcir	rel:etymology	lat: farcire, farct-
fra: traditionnel	rel:etymology	fra: tradition
fra: périglaciaire	rel:etymology	fra: glaciaire
fra: limitateur	rel:etymology	fra: limiter
fra: papillaire	rel:etymology	fra: papille
fra: embarquer	rel:etymology	fra: en-
fra: estramaçon	rel:etymology	ita: stramazzone
fra: confusionnel	rel:etymology	fra: -el
fra: anœstrus	rel:etymology	fra: an-
fra: pays	rel:etymology	fro: païs
fra: plausibilité	rel:etymology	fra: plausible
fra: illettré	rel:etymology	fra: il-
fra: Libérien	rel:etymology	fra: Libéria
fra: masticage	rel:etymology	fra: mastic
fra: prétélescopique	rel:etymology	fra: télescopique
fre: commandant	rel:etymology	fre: commander
fra: polir	rel:etymology	lat: polire
fra: éléphanteau	rel:etymology	fra: -eau
fra: résonance	rel:etymology	fra: -ance
fra: dessalement	rel:etymology	fra: dessaler
fra: continûment	rel:etymology	fra: continu
fra: doigter	rel:etymology	fra: -er
fra: polyatomique	rel:etymology	fra: atomique
fra: polisseur	rel:etymology	fra: -eur
fra: abidjanais	rel:etymology	fra: Abidjan
fra: recopier	rel:etymology	fra: copier
fra: ambitieusement	rel:etymology	fra: ambitieux
fra: paramétrage	rel:etymology	fra: paramétrer
fra: visiophone	rel:etymology	fra: visio-
fra: psychopédagogie	rel:etymology	fra: psycho-
fra: post-traumatique	rel:etymology	fra: traumatique
fra: glandeur	rel:etymology	fra: -eur
fra: intronisation	rel:etymology	fra: -ation
fra: coécrire	rel:etymology	fra: co-
fra: envoiler	rel:etymology	fra: en-
fra: héminique	rel:etymology	fra: -ique
fra: colletin	rel:etymology	fra: -in
fra: confort	rel:etymology	fro: conforter
fra: gouailleur	rel:etymology	fra: -eur
fra: repêcher	rel:etymology	fra: pêcher
fra: poulaille	rel:etymology	fra: -aille
fra: macroéconomique	rel:etymology	fra: macro-
fra: Cécilia	rel:etymology	lat: Caecilia
fra: immunomodulateur	rel:etymology	fra: modulateur
fra: métalloenzyme	rel:etymology	fra: métallo-
fra: hypophysaire	rel:etymology	fra: hypophyse
fra: antérieurement	rel:etymology	fra: antérieur
fra: collectivisme	rel:etymology	fra: collectif
fra: hygrométrie	rel:etymology	fra: -métrie
fre: duplicate	rel:etymology	lat: duplicata
fra: parfumer	rel:etymology	fra: parfum
fra: huitante	rel:etymology	lat: octoginta
fra: génie	rel:etymology	lat: genius
fra: faneuse	rel:etymology	fra: faner
fra: ébullioscopique	rel:etymology	fra: ébullioscopie
fre: éthique	rel:etymology	grc: ethikós
fra: puériculteur	rel:etymology	fra: puériculture
fra: amœbiforme	rel:etymology	fra: amœbe
fra: débander	rel:etymology	fra: bander
fra: percussionniste	rel:etymology	fra: -iste
fra: démontrablement	rel:etymology	frm: -ment
fra: valseur	rel:etymology	fra: -eur
fra: étouffoir	rel:etymology	fra: -oir
fra: dévoreur	rel:etymology	fra: -eur
fra: jardinier	rel:etymology	fra: jardin
fra: pactiser	rel:etymology	fra: -iser
fra: moule	rel:etymology	lat: musculus
fra: hydrolaccolithe	rel:etymology	fra: hydro-
fra: envahisseur	rel:etymology	fra: envahir
fra: botulique	rel:etymology	fra: -ique
fra: soignable	rel:etymology	fra: -able
fra: météorique	rel:etymology	fra: météore
fre: bulletin	rel:etymology	ita: bulletino
fra: mémoriser	rel:etymology	fra: -iser
fra: réhydrater	rel:etymology	fra: hydrater
fra: décimalisation	rel:etymology	fra: -ation
fra: transitaire	rel:etymology	fra: -aire
fra: chancellerie	rel:etymology	lat: cancellaria
fre: ichtyologie	rel:etymology	grc: iχthýs
fra: froissement	rel:etymology	fra: -ment
fra: vulgairement	rel:etymology	fra: -ment
fra: dévaliser	rel:etymology	fra: dé-
fra: superbement	rel:etymology	fra: superbe
fra: rempiler	rel:etymology	fra: empiler
fra: roux	rel:etymology	lat: russus
fra: voirie	rel:etymology	fra: -ie
fra: escorteur	rel:etymology	fra: -eur
fra: scolairement	rel:etymology	fra: scolaire
fra: caillouter	rel:etymology	fra: caillou
fra: byzantinisme	rel:etymology	fra: -isme
fra: conformationnel	rel:etymology	fra: conformation
fra: sériel	rel:etymology	fra: -el
fra: émulateur	rel:etymology	fra: -ateur
fra: incertain	rel:etymology	fra: in-
fra: dimérique	rel:etymology	fra: -ique
fra: archéométrie	rel:etymology	fra: -métrie
fra: intensivement	rel:etymology	fra: -ment
fra: luso-	rel:etymology	lat: Lusitania
fra: hardiment	rel:etymology	fra: hardi
fra: arrêt-court	rel:etymology	eng: shortstop
fra: employer	rel:etymology	fro: emploier
fra: diluvial	rel:etymology	lat: diluvium
fra: succès	rel:etymology	lat: successus
fra: surfiler	rel:etymology	fra: surfil
fra: obvie	rel:etymology	lat: obvius
fra: attribuable	rel:etymology	fra: attribuer
fra: réservation	rel:etymology	lat: reservationem
fra: grossièreté	rel:etymology	fra: grossier
fra: Grenoblois	rel:etymology	fra: -ois
fra: amalgamer	rel:etymology	fra: -er
fra: idéogramme	rel:etymology	fra: idéo-
fra: physiopathologique	rel:etymology	fra: physio-
fra: expéditivement	rel:etymology	fra: -ment
fra: moment	rel:etymology	lat: momentum
fra: publicitaire	rel:etymology	fra: publicité
fra: multiple	rel:etymology	lat: multiplus
fra: étude	rel:etymology	fro: estude
fra: asymétrique	rel:etymology	fra: symétrique
fra: tensioactif	rel:etymology	fra: tension
fra: tronçonnage	rel:etymology	fra: -age
fra: orbital	rel:etymology	fra: orbite
fra: bougre	rel:etymology	lat: Bulgarus
fra: bouclette	rel:etymology	fra: boucle
fra: chevaleresquement	rel:etymology	fra: chevaleresque
fra: inadéquat	rel:etymology	fra: adéquat
fra: crosswoman	rel:etymology	fra: -woman
fra: immoral	rel:etymology	fra: moral
fra: civilisation	rel:etymology	fra: -ation
fra: aromathérapie	rel:etymology	fra: thérapie
fra: juxtaposer	rel:etymology	fra: juxta-
fra: viabiliser	rel:etymology	fra: -iser
fra: crinoline	rel:etymology	ita: crinolino
fra: décolonisation	rel:etymology	fra: -ation
fra: corpusculaire	rel:etymology	fra: corpuscule
fra: replacer	rel:etymology	fra: re-
fra: recyclable	rel:etymology	fra: -able
fra: pluviométrique	rel:etymology	fra: métrique
fra: baraquement	rel:etymology	fra: -ment
fra: coffrage	rel:etymology	fra: -age
fra: paléoclimatologie	rel:etymology	fra: climatologie
fra: fovéal	rel:etymology	fra: -al
fra: mitraillage	rel:etymology	fra: mitraille
fra: loyalisme	rel:etymology	fra: -isme
fra: universalité	rel:etymology	fra: universel
fra: Desjardins	rel:etymology	fra: des
fra: pluridisciplinairement	rel:etymology	fra: pluridisciplinaire
fra: radiorésistant	rel:etymology	fra: radio-
fra: fauciller	rel:etymology	fra: -er
fra: chimérique	rel:etymology	fra: -ique
fra: animal	rel:etymology	lat: animal
fra: jonchaie	rel:etymology	fra: -aie
fra: gagne-pain	rel:etymology	fra: pain
fra: effet	rel:etymology	lat: effectus
fre: tonnelle	rel:etymology	Geç Latince: tonnella
fra: éclectisme	rel:etymology	fra: éclectique
fra: rassembleur	rel:etymology	fra: -eur
fra: rétrodismutation	rel:etymology	fra: rétro-
fra: costume	rel:etymology	ita: costume
fre: direction	rel:etymology	lat: directio
fra: fébrilement	rel:etymology	fra: -ment
fra: phonétique	rel:etymology	grc: φωνητικός
fra: pliure	rel:etymology	fra: plier
fra: liquidité	rel:etymology	fra: liquide
fra: celui	rel:etymology	fra: icelui
fra: courtoisie	rel:etymology	fro: cortoisie
fra: microséisme	rel:etymology	fra: micro-
fra: barricader	rel:etymology	fra: barricade
fra: outre	rel:etymology	lat: ultra
fra: détachable	rel:etymology	fra: détacher
fra: chlorure	rel:etymology	fra: -ure
fra: truander	rel:etymology	fra: truand
fra: gonfleur	rel:etymology	fra: -eur
fra: géochimiste	rel:etymology	fra: géo-
fra: prospecteur	rel:etymology	fra: -eur
fra: ambassadeur	rel:etymology	fra: -eur
fra: lutteur	rel:etymology	fra: -eur
fra: absurdement	rel:etymology	fra: absurde
fra: retraverser	rel:etymology	fra: traverser
fra: antiatomique	rel:etymology	fra: atomique
fra: expansivité	rel:etymology	fra: -ité
fra: rejouer	rel:etymology	fra: re-
fra: marron	rel:etymology	ita: marrone
fra: Palestinien	rel:etymology	fra: Palestine
fra: inélastique	rel:etymology	fra: in-
fra: physique	rel:etymology	lat: physicus
fra: sublingual	rel:etymology	fra: lingual
fre: hangar	rel:etymology	Eski Fransızca: hangart
fra: tank	rel:etymology	eng: tank
fra: commerce	rel:etymology	frm: commerce
fra: touristique	rel:etymology	fra: -ique
fra: moucheture	rel:etymology	fra: moucheter
fra: éclairement	rel:etymology	fra: éclairer
fra: désaimer	rel:etymology	fra: dés-
fra: soi	rel:etymology	lat: se
fra: praliner	rel:etymology	fra: praline
fra: imposable	rel:etymology	fra: imposer
fra: préretraite	rel:etymology	fra: retraite
fre: évier	rel:etymology	Geç Latince: aquarium
fra: terreur	rel:etymology	lat: terror
fra: gamelle	rel:etymology	spa: gamella
fra: arbitrairement	rel:etymology	fra: -ment
fre: hémoglobine	rel:etymology	ger: Hämoglobin
fra: inconvenance	rel:etymology	fra: in-
fra: bisannuel	rel:etymology	fra: bis-
fra: zoogéographique	rel:etymology	fra: zoogéographie
fra: mortellement	rel:etymology	fra: mortel
fra: dérapage	rel:etymology	fra: -age
fra: ruisseau	rel:etymology	fro: ''[[russeals]], [[ruissel]]''
fra: repliement	rel:etymology	fra: -ment
fra: étrangleuse	rel:etymology	fra: étrangler
fra: -esque	rel:etymology	ita: -esco
fre: corps à corps	rel:etymology	fre: corps
fra: envoûteur	rel:etymology	fra: -eur
fra: paillasse	rel:etymology	ita: pagliaccio
fre: crème	rel:etymology	Geç Latince: crama
fra: aboyer	rel:etymology	fro: abayer
fra: huile	rel:etymology	frm: huyle
fra: biosphère	rel:etymology	fra: bio-
fra: accotement	rel:etymology	fra: accoter
fra: centralien	rel:etymology	fra: -ien
fra: tétrafluorure	rel:etymology	fra: tétra-
fra: imprégnation	rel:etymology	fra: -ation
fra: viriliser	rel:etymology	fra: -iser
fra: agitateur	rel:etymology	fra: agiter
fra: dialoguiste	rel:etymology	fra: -iste
fra: prévisionnel	rel:etymology	fra: prévision
fra: frileux	rel:etymology	lat: frigorosus
fra: photodétecteur	rel:etymology	fra: photo-
fra: embouteiller	rel:etymology	fra: en-
fra: phytosociologie	rel:etymology	fra: phyto-
fra: pathétiquement	rel:etymology	fra: -ment
fra: polaire	rel:etymology	fra: -aire
fra: caisse	rel:etymology	pro: caissa
fra: -phile	rel:etymology	lat: -phila
fra: amour-propre	rel:etymology	fra: amour
fra: froncement	rel:etymology	fra: froncer
fra: radialement	rel:etymology	fra: -ment
fra: échine	rel:etymology	fro: eschine
fre: acare	rel:etymology	grc: ákari
fra: sanglier	rel:etymology	lat: singularis
fre: schizoïde	rel:etymology	eng: schizoid
fra: Gandois	rel:etymology	fra: Gand
fra: fureteur	rel:etymology	fra: -eur
fra: périscope	rel:etymology	fra: scope
fra: pervertir	rel:etymology	lat: perverto
fra: dommageable	rel:etymology	fra: -able
fra: radiotoxicologique	rel:etymology	fra: radio-
fra: nobélisable	rel:etymology	fra: -able
fra: solubiliser	rel:etymology	fra: -iser
fra: monnayage	rel:etymology	fra: -age
fra: passage	rel:etymology	lat: passage
fra: cohéremment	rel:etymology	fra: -ment
fra: inesthétique	rel:etymology	fra: in-
fra: hétérojonction	rel:etymology	fra: jonction
fra: cantinier	rel:etymology	fra: -ier
fra: maladroitement	rel:etymology	fra: -ment
fra: répertoire	rel:etymology	lat: repertorium
fra: déséquilibre	rel:etymology	fra: équilibre
fra: gaule	rel:etymology	frm: gaule
fra: sociologie	rel:etymology	fra: -logie
fra: signalement	rel:etymology	fra: signaler
fra: recevabilité	rel:etymology	fra: recevable
fra: tanga	rel:etymology	spa: tanga
fra: symétriquement	rel:etymology	fra: -ment
fra: chantable	rel:etymology	fra: chanter
fre: chanson	rel:etymology	lat: cantio
fra: guérite	rel:etymology	fro: ''[[garite]], [[guarite]]''
fra: autofiction	rel:etymology	fra: fiction
fra: microfuite	rel:etymology	fra: fuite
fra: fertilement	rel:etymology	fra: fertile
fra: piolet	rel:etymology	frp: piolet
fra: crucialement	rel:etymology	fra: -ment
fre: vidanger	rel:etymology	fre: vide
fra: radioprotecteur	rel:etymology	fra: radio-
fra: lévitation	rel:etymology	eng: levitation
fra: braqueur	rel:etymology	fra: -eur
fra: praticien	rel:etymology	fra: -ien
fra: bavardeur	rel:etymology	fra: bavarder
fra: attelle	rel:etymology	lat: astella
fra: carboxyler	rel:etymology	fra: carboxyle
fre: hypertension	rel:etymology	fre: hyper+
fra: antihoraire	rel:etymology	fra: horaire
fra: découplage	rel:etymology	fra: dé-
fra: cendre	rel:etymology	lat: cinis
fra: salamalec	rel:etymology	ara: السلام عليكم
fra: flamine	rel:etymology	lat: flamen
fra: mollarder	rel:etymology	fra: -er
fra: sottement	rel:etymology	fra: -ment
fra: souffleter	rel:etymology	fra: soufflet
fra: satellitaire	rel:etymology	fra: satellite
fra: coraniser	rel:etymology	fra: Coran
fra: orthophonie	rel:etymology	fra: ortho-
fra: amerrir	rel:etymology	fra: a-
fra: six	rel:etymology	lat: sex
fra: antiprotectionniste	rel:etymology	fra: protectionniste
fra: koto	rel:etymology	jpn: 琴
fra: trahir	rel:etymology	lat: tradere
fra: hybridation	rel:etymology	fra: hybride
fra: absorbable	rel:etymology	fra: absorber
fre: énérgie	rel:etymology	grc: enérgeia
fra: criminellement	rel:etymology	fra: criminelle
fra: listériose	rel:etymology	fra: -ose
fra: bandeau	rel:etymology	fro: bandel
fra: voltiger	rel:etymology	ita: voltiggiare
fra: examiner	rel:etymology	lat: examino
fra: polyphénol	rel:etymology	fra: phénol
fra: subalpin	rel:etymology	fra: sub-
fra: vibrationnel	rel:etymology	fra: -el
fra: lucidité	rel:etymology	fra: lucide
fra: beige	rel:etymology	fro: bege
fra: miscible	rel:etymology	fra: miscere
fre: bombardement	rel:etymology	fre: bombarder
