ita: irriflessività	rel:etymology	ita: -ità
ita: sociopatia	rel:etymology	ita: socio-
ita: coassicurazione	rel:etymology	ita: co-
ita: irretrattabilità	rel:etymology	ita: irretrattabile
ita: calorizzazione	rel:etymology	ita: calori-
ita: ventagliaio	rel:etymology	ita: ventaglio
ita: pastificatore	rel:etymology	ita: -tore
ita: soprasacrale	rel:etymology	ita: sopra-
ita: epistemico	rel:etymology	ita: epi-
ita: strumentatore	rel:etymology	ita: -tore
ita: psicofisiologico	rel:etymology	ita: fisiologico
ita: trisillabo	rel:etymology	ita: tri-
ita: penetrantemente	rel:etymology	ita: -mente
ita: termografo	rel:etymology	ita: -grafo
ita: sospirosamente	rel:etymology	ita: sospiroso
ita: seco	rel:etymology	lat: secum
ita: dimorfo	rel:etymology	ita: -morfo
ita: ettacordo	rel:etymology	ita: -cordo
ita: tabaccaia	rel:etymology	ita: -aia
ita: stoccaggio	rel:etymology	ita: stoccare
ita: angelologia	rel:etymology	ita: angelo
ita: mastografia	rel:etymology	ita: -grafia
ita: monolitico	rel:etymology	ita: -litico
ita: immoderatamente	rel:etymology	ita: immoderato
ita: costruibilità	rel:etymology	ita: costruibile
ita: iposolforoso	rel:etymology	ita: ipo-
ita: malignosamente	rel:etymology	ita: malignoso
ita: contingentazione	rel:etymology	ita: contingentare
ita: intromettere	rel:etymology	ita: mettere
ita: rinchiudere	rel:etymology	ita: chiudere
ita: radiolisi	rel:etymology	ita: radio-
ita: piccoso	rel:etymology	ita: -oso
ita: automatizzazione	rel:etymology	ita: automatizzare
ita: contromarcia	rel:etymology	ita: marcia
ita: mineralista	rel:etymology	ita: -ista
ita: sconcordare	rel:etymology	ita: s-
ita: pressibilità	rel:etymology	ita: -ità
ita: palettizzazione	rel:etymology	ita: palettizzare
ita: negligentemente	rel:etymology	ita: -mente
ita: stereoisomero	rel:etymology	ita: isomero
ita: neoangiogenesi	rel:etymology	ita: angiogenesi
ita: ricettatore	rel:etymology	ita: ricettare
ita: macropetalo	rel:etymology	ita: petalo
ita: tastatore	rel:etymology	ita: tastare
ita: recentemente	rel:etymology	ita: -mente
ita: scozzonatura	rel:etymology	ita: -tura
ita: omozigotico	rel:etymology	ita: omo-
ita: eritroblastosi	rel:etymology	ita: -osi
ita: batterioterapia	rel:etymology	ita: batterio
ita: craniometria	rel:etymology	ita: -metria
ita: lacunosamente	rel:etymology	ita: lacunoso
ita: elettroacustica	rel:etymology	ita: elettro-
ita: salnitroso	rel:etymology	ita: salnitro
ita: tetroso	rel:etymology	ita: -oso
ita: coprimento	rel:etymology	ita: -mento
ita: castagna	rel:etymology	lat: castanea
ita: distruttibilità	rel:etymology	ita: distruttibile
ita: ciclopista	rel:etymology	ita: pista
ita: captatività	rel:etymology	ita: -ità
ita: isomeria	rel:etymology	ita: isomero
ita: talassografico	rel:etymology	ita: talasso-
ita: paglietto	rel:etymology	ita: -etto
ita: proteolitico	rel:etymology	ita: proteo-
ita: fantapolitico	rel:etymology	ita: fanta-
ita: equalità	rel:etymology	ita: equale
ita: incostituzionalmente	rel:etymology	ita: incostituzionale
ita: luculentemente	rel:etymology	ita: -mente
ita: anglofobia	rel:etymology	ita: anglo-
ita: silenzioso	rel:etymology	lat: silentiosus
ita: ananasso	rel:etymology	por: ananaz
ita: abetaia	rel:etymology	ita: abete
ita: eurodollaro	rel:etymology	ita: euro-
ita: para+	rel:etymology	ita: mano
ita: spedalità	rel:etymology	ita: spedale
ita: ozioso	rel:etymology	lat: otiosus
ita: autoimmunità	rel:etymology	ita: immunità
ita: fratellino	rel:etymology	ita: -ellino
ita: liquidamente	rel:etymology	ita: -mente
ita: esadecagono	rel:etymology	ita: decagono
ita: ereticità	rel:etymology	ita: -ità
ita: metallifero	rel:etymology	ita: -ifero
ita: ovariectomia	rel:etymology	ita: ovario
ita: superstite	rel:etymology	lat: superstes
ita: macroeconomia	rel:etymology	ita: economia
ita: cristologico	rel:etymology	ita: Cristo
ita: autocisternista	rel:etymology	ita: -ista
ita: ricompensabile	rel:etymology	ita: ricompensare
ita: dodecaedrico	rel:etymology	ita: dodeca-
ita: sferragliamento	rel:etymology	ita: -mento
ita: autospeaker	rel:etymology	ita: speaker
ita: esprimibile	rel:etymology	ita: -ibile
ita: tachigrafico	rel:etymology	ita: tachi-
ita: riprografico	rel:etymology	ita: ripro-
ita: impazientemente	rel:etymology	ita: -mente
ita: elettrostatico	rel:etymology	ita: -statico
ita: caloroso	rel:etymology	ita: -oso
ita: scortecciatura	rel:etymology	ita: -tura
ita: soprassalto	rel:etymology	ita: sopra-
ita: ridicolizzare	rel:etymology	ita: -izzare
ita: inneggiamento	rel:etymology	ita: -mento
ita: collinosità	rel:etymology	ita: -ità
ita: endotelioma	rel:etymology	ita: endo-
ita: antropometria	rel:etymology	ita: -metria
ita: sitoteca	rel:etymology	ita: -teca
ita: quagliodromo	rel:etymology	ita: quaglia
ita: riconciliatore	rel:etymology	ita: ri-
ita: vicesegretario	rel:etymology	ita: segretario
ita: tetracloruro	rel:etymology	ita: cloruro
ita: sazietà	rel:etymology	ita: -ietà
ita: divinizzare	rel:etymology	ita: divino
ita: radiosonda	rel:etymology	ita: sonda
ita: subfornitura	rel:etymology	ita: sub-
ita: telefotografia	rel:etymology	ita: tele-
ita: morfinomane	rel:etymology	ita: morfina
ita: acquietabile	rel:etymology	ita: -abile
ita: tipografia	rel:etymology	ita: tipo-
ita: sedimentoso	rel:etymology	ita: sedimento
ita: doloso	rel:etymology	lat: dolosus
ita: curvabile	rel:etymology	lat: curvabĭlis
ita: defluenza	rel:etymology	ita: -enza
ita: pluriclasse	rel:etymology	ita: classe
ita: sfiziosamente	rel:etymology	ita: sfizioso
ita: ibridismo	rel:etymology	ita: ibridare
ita: azzurrastro	rel:etymology	ita: -astro
ita: autopompa	rel:etymology	ita: pompa
ita: svenire	rel:etymology	ita: venire
ita: controintuitivo	rel:etymology	ita: intuitivo
ita: brioso	rel:etymology	ita: -oso
ita: amilopectina	rel:etymology	ita: amilo-
ita: inconoscibilmente	rel:etymology	ita: -mente
ita: mobilizzare	rel:etymology	ita: -izzare
ita: valvolame	rel:etymology	ita: valvola
ita: autografia	rel:etymology	ita: grafia
ita: controreplicare	rel:etymology	ita: replicare
ita: puntinismo	rel:etymology	ita: -ismo
ita: controffensivo	rel:etymology	ita: contro-
ita: perioculare	rel:etymology	ita: oculare
ita: paleografico	rel:etymology	ita: -grafico
ita: demanialità	rel:etymology	ita: demaniale
ita: sbrigliatezza	rel:etymology	ita: sbrigliato
ita: ideologo	rel:etymology	ita: ideo-
ita: cotto	rel:etymology	lat: coctus
ita: successibile	rel:etymology	ita: -ibile
ita: profumeria	rel:etymology	ita: profumo
ita: equiparabilità	rel:etymology	ita: equiparabile
ita: anaerobio	rel:etymology	ita: ana-
ita: mercurialismo	rel:etymology	ita: mercuriale
ita: urolitiasi	rel:etymology	ita: urolito
ita: biologo	rel:etymology	ita: -logo
ita: onniveggenza	rel:etymology	ita: onni-
ita: ossidionale	rel:etymology	ita: ossidiana
ita: scherzoso	rel:etymology	ita: -oso
ita: luministica	rel:etymology	ita: -istica
ita: pontiere	rel:etymology	ita: -iere
ita: bello	rel:etymology	lat: bellus
ita: cogerente	rel:etymology	ita: co-
ita: furia	rel:etymology	lat: furia
ita: sfottimento	rel:etymology	ita: sfottere
ita: semisolido	rel:etymology	ita: solido
ita: conceria	rel:etymology	ita: -eria
ita: semipresidenzialismo	rel:etymology	ita: presidenzialismo
ita: spiritistico	rel:etymology	ita: spirito
ita: narcolessia	rel:etymology	ita: -lessia
ita: andrologia	rel:etymology	ita: andro-
ita: ipocalcemia	rel:etymology	ita: calcemia
ita: increspamento	rel:etymology	ita: -mento
ita: antivivisezionismo	rel:etymology	ita: anti-
ita: capomanipolo	rel:etymology	ita: capo-
ita: scrivere	rel:etymology	lat: scribere
ita: biogenetica	rel:etymology	ita: bio-
ita: antialiseo	rel:etymology	ita: anti-
ita: chirurgo	rel:etymology	lat: chirurgus
ita: banchiere	rel:etymology	fre: banquier
ita: legnaiolo	rel:etymology	ita: -aiolo
ita: eliozoo	rel:etymology	ita: elio-
ita: piacere	rel:etymology	lat: placere
ita: dollarizzazione	rel:etymology	ita: -zione
ita: alterezza	rel:etymology	ita: -ezza
ita: cianocobalamina	rel:etymology	ita: cobalamina
ita: innegabilità	rel:etymology	ita: innegabile
ita: patibile	rel:etymology	lat: patibilis
ita: transdifferenziazione	rel:etymology	ita: differenziazione
ita: bacino	rel:etymology	lat: bacinus
ita: eteropolisaccaride	rel:etymology	ita: etero-
ita: euritmicamente	rel:etymology	ita: euritmico
ita: elicoidale	rel:etymology	ita: -ale
ita: fulmineità	rel:etymology	ita: -ità
ita: agrochimico	rel:etymology	ita: agro-
ita: discredibile	rel:etymology	ita: dis-
ita: nazionalizzazione	rel:etymology	ita: nazionalizzare
ita: lacrimabile	rel:etymology	lat: lacrimabilis
ita: reclinabile	rel:etymology	ita: -abile
ita: epifillo	rel:etymology	ita: epi-
ita: sdaziamento	rel:etymology	ita: -mento
ita: poiesi	rel:etymology	grc: ποίησις
ita: barista	rel:etymology	ita: bar
ita: infalsificabile	rel:etymology	ita: falsificabile
ita: enclitico	rel:etymology	ita: ?
ita: detestabilmente	rel:etymology	ita: detestabile
ita: finalizzare	rel:etymology	ita: finale
ita: metanodotto	rel:etymology	ita: metano
ita: carpineto	rel:etymology	ita: carpino
ita: autoribaltabile	rel:etymology	ita: auto-
ita: serietà	rel:etymology	ita: serio
ita: audioleso	rel:etymology	ita: audio-
ita: quadriennalizzare	rel:etymology	ita: quadriennale
ita: birboneria	rel:etymology	ita: birbone
ita: piffero	rel:etymology	gmh: pīfer
ita: contestabilità	rel:etymology	ita: contestabile
ita: fonocardiografo	rel:etymology	ita: cardiografo
ita: idrofita	rel:etymology	ita: idro-
ita: transoceanico	rel:etymology	ita: trans-
ita: precamera	rel:etymology	ita: pre-
ita: ginecomastia	rel:etymology	ita: gineco-
ita: inautenticità	rel:etymology	ita: inautentico
ita: lambliasi	rel:etymology	ita: -iasi
ita: omologo	rel:etymology	ita: -logo
ita: nefrotossico	rel:etymology	ita: nefro-
ita: verbalizzazione	rel:etymology	ita: -zione
ita: ortocromatismo	rel:etymology	ita: orto-
ita: tracheostomia	rel:etymology	ita: tracheo-
ita: cicuta	rel:etymology	lat: cicuta
ita: sottosterzo	rel:etymology	ita: sterzo
ita: desiderare	rel:etymology	lat: desiderare
ita: drasticità	rel:etymology	ita: -ità
ita: modificativo	rel:etymology	ita: modificare
ita: sociometrico	rel:etymology	ita: socio-
ita: fattorizzabile	rel:etymology	ita: -abile
ita: isovalerico	rel:etymology	ita: valerico
ita: pedicellato	rel:etymology	ita: pedicello
ita: sporcizia	rel:etymology	ita: -izia
ita: onorabile	rel:etymology	lat: honorabilis
ita: nietzschianesimo	rel:etymology	ita: -esimo
ita: cardiologia	rel:etymology	ita: -logia
ita: immunoprecipitazione	rel:etymology	ita: precipitazione
ita: logistica	rel:etymology	ita: ?
ita: prepuzio	rel:etymology	lat: praeputium
ita: nebulosità	rel:etymology	ita: nebuloso
ita: franco-canadese	rel:etymology	ita: franco-
ita: antiglobalista	rel:etymology	ita: globalista
ita: immunodeficienza	rel:etymology	ita: deficienza
ita: rifacibile	rel:etymology	ita: rifare
ita: rogo	rel:etymology	lat: rogus
ita: premunizione	rel:etymology	ita: premunire
ita: schifosaggine	rel:etymology	ita: -aggine
ita: standardizzabile	rel:etymology	ita: standardizzare
ita: reumatizzare	rel:etymology	ita: -izzare
ita: assordantemente	rel:etymology	ita: -mente
ita: lanificio	rel:etymology	ita: -ificio
ita: sudorifero	rel:etymology	ita: sudore
ita: producibile	rel:etymology	ita: produrre
ita: rilevabilità	rel:etymology	ita: -ità
ita: suinicoltore	rel:etymology	ita: suino
ita: pereto	rel:etymology	ita: -eto
ita: regionalizzare	rel:etymology	ita: regionale
ita: riquadratura	rel:etymology	ita: -tura
ita: chemiluminescenza	rel:etymology	ita: chemi-
ita: mattinataccia	rel:etymology	ita: -accia
ita: multiculturale	rel:etymology	ita: culturale
ita: boaro	rel:etymology	lat: bovarius
ita: galvanotipia	rel:etymology	ita: galvano-
ita: unto	rel:etymology	lat: unctus
ita: pranzare	rel:etymology	ita: -are
ita: goniometrico	rel:etymology	ita: -metrico
ita: monogonia	rel:etymology	ita: mono-
ita: protoquamquam	rel:etymology	ita: proto-
ita: sovraffaticare	rel:etymology	ita: affaticare
ita: micotossina	rel:etymology	ita: mico-
ita: rifilatura	rel:etymology	ita: -tura
ita: vitruviano	rel:etymology	ita: -iano
ita: trimestrale	rel:etymology	ita: -ale
ita: sazietà	rel:etymology	ita: accessorio
ita: sfenoide	rel:etymology	ita: -oide
ita: sperimentabile	rel:etymology	ita: -abile
ita: elencabile	rel:etymology	ita: elencare
ita: proctocolectomia	rel:etymology	ita: cole-
ita: sovrastampato	rel:etymology	ita: stampato
ita: macronucleo	rel:etymology	ita: nucleo
ita: desacralizzare	rel:etymology	ita: de-
ita: eremiticamente	rel:etymology	ita: -mente
ita: unicameralmente	rel:etymology	ita: unicamerale
ita: agitare	rel:etymology	lat: agitare
ita: rifilatura	rel:etymology	ita: rifilare
ita: omolisi	rel:etymology	ita: omo-
ita: gradualismo	rel:etymology	ita: graduale
ita: neurologico	rel:etymology	ita: -logico
ita: burriera	rel:etymology	ita: -iera
ita: dendrocronologia	rel:etymology	ita: dendro-
ita: orditoio	rel:etymology	ita: ordire
ita: frodatore	rel:etymology	ita: -tore
ita: bigeminismo	rel:etymology	ita: bigemino
ita: pavimentatore	rel:etymology	ita: pavimentare
ita: eterosillabico	rel:etymology	ita: -sillabico
ita: libertinismo	rel:etymology	ita: libertino
ita: contrapposizione	rel:etymology	ita: contra-
ita: digestivo	rel:etymology	lat: digestivus
ita: sognabile	rel:etymology	ita: sognare
ita: struscione	rel:etymology	ita: struscio
ita: neurofisiologia	rel:etymology	ita: neuro-
ita: pretenziosità	rel:etymology	ita: pretenzioso
ita: ottenne	rel:etymology	ita: -enne
ita: tedescofobo	rel:etymology	ita: -fobo
ita: profago	rel:etymology	ita: -fago
ita: marinaresco	rel:etymology	ita: -esco
ita: eterogenia	rel:etymology	ita: etero-
ita: sottoutilizzazione	rel:etymology	ita: sotto-
ita: tioacido	rel:etymology	ita: acido
ita: glicogeno	rel:etymology	ita: glico-
ita: gigajoule	rel:etymology	ita: joule
ita: stenografo	rel:etymology	ita: -grafo
ita: ora	rel:etymology	lat: hora
ita: imbandieramento	rel:etymology	ita: -mento
ita: seriosità	rel:etymology	ita: serioso
ita: chiassoso	rel:etymology	ita: -oso
ita: bigattiere	rel:etymology	ita: bigatto
ita: meccanoterapia	rel:etymology	ita: meccano-
ita: teletrasportare	rel:etymology	ita: trasportare
ita: Mesoamerica	rel:etymology	ita: America
ita: imperforabile	rel:etymology	ita: im-
ita: scolapasta	rel:etymology	ita: pasta
ita: logoterapeuta	rel:etymology	ita: terapeuta
ita: esplorabile	rel:etymology	ita: -abile
ita: virgola	rel:etymology	lat: virgula
ita: ipercorrettismo	rel:etymology	ita: corretto
ita: cromosoma	rel:etymology	ita: cromo-
ita: tendinopatia	rel:etymology	ita: -patia
ita: sovietologia	rel:etymology	ita: -logia
ita: acceleratamente	rel:etymology	ita: -mente
ita: filtro	rel:etymology	lat: filtrum
ita: ecoterrorista	rel:etymology	ita: terrorista
ita: accesamente	rel:etymology	ita: -mente
ita: cologaritmo	rel:etymology	ita: logaritmo
ita: azionabilità	rel:etymology	ita: azionabile
ita: trentaseienne	rel:etymology	ita: trentasei
ita: picchettatura	rel:etymology	ita: picchettare
ita: ippocastano	rel:etymology	ita: castano
ita: ozonizzare	rel:etymology	ita: -izzare
ita: apartheid	rel:etymology	afr: apartheid
ita: cacofonia	rel:etymology	ita: caco-
ita: diluibile	rel:etymology	ita: diluire
ita: colore	rel:etymology	lat: color
ita: stremità	rel:etymology	ita: stremo
ita: orgogliosità	rel:etymology	ita: orgoglioso
ita: dolorabile	rel:etymology	ita: -abile
ita: consorteria	rel:etymology	ita: -eria
ita: epatico	rel:etymology	ita: ?
ita: stenografato	rel:etymology	ita: steno-
ita: preordinatamente	rel:etymology	ita: preordinato
ita: controviale	rel:etymology	ita: contro-
ita: pronità	rel:etymology	lat: pronitas
ita: contentamento	rel:etymology	ita: contento
ita: antipapale	rel:etymology	ita: papale
ita: postvendita	rel:etymology	ita: post-
ita: semplificativo	rel:etymology	ita: semplificato
ita: riaggiustare	rel:etymology	ita: ri-
ita: ingeneroso	rel:etymology	ita: in-
ita: utopico	rel:etymology	ita: -ico
ita: fregatone	rel:etymology	ita: fregata
ita: corruttibile	rel:etymology	lat: corruptibĭlis
ita: piscicoltura	rel:etymology	ita: -coltura
ita: intrinsichezza	rel:etymology	ita: -ezza
ita: estendibile	rel:etymology	ita: -ibile
ita: antilogia	rel:etymology	ita: anti-
ita: suffruticoso	rel:etymology	ita: suffrutice
ita: officiosamente	rel:etymology	ita: officioso
ita: elettroterapico	rel:etymology	ita: terapeutico
ita: riaccostamento	rel:etymology	ita: ri-
ita: avirulento	rel:etymology	ita: a-
ita: indegnamente	rel:etymology	ita: indegno
ita: balneabilità	rel:etymology	ita: balneabile
ita: prefestivo	rel:etymology	ita: festivo
ita: canzonatura	rel:etymology	ita: -tura
ita: trapiantatrice	rel:etymology	ita: -trice
ita: linforragia	rel:etymology	ita: linfo-
ita: incompressibilità	rel:etymology	ita: -ità
ita: antidivorzista	rel:etymology	ita: divorzista
ita: indeducibile	rel:etymology	ita: in-
ita: armonizzare	rel:etymology	ita: -izzare
ita: aeroscalo	rel:etymology	ita: aero-
ita: idrodinamica	rel:etymology	ita: idro-
ita: impassibilità	rel:etymology	ita: -ità
ita: ragioniere	rel:etymology	ita: ragione
ita: micrometria	rel:etymology	ita: -metria
ita: cokefazione	rel:etymology	ita: coke
ita: autoimmondizie	rel:etymology	ita: immondizie
ita: genotossicità	rel:etymology	ita: geno-
ita: corona	rel:etymology	lat: corona
ita: accapponatura	rel:etymology	ita: accapponare
ita: ineliminabilità	rel:etymology	ita: -ità
ita: canapaia	rel:etymology	ita: -aia
ita: demonologia	rel:etymology	ita: demono-
ita: rimpaginatura	rel:etymology	ita: rim-
ita: regionalità	rel:etymology	ita: regionale
ita: fugacemente	rel:etymology	ita: fugace
ita: deferentectomia	rel:etymology	ita: -ectomia
ita: subatlantico	rel:etymology	ita: sub-
ita: disimballaggio	rel:etymology	ita: -aggio
ita: cofinanziare	rel:etymology	ita: finanziare
ita: automato	rel:etymology	ita: auto-
ita: stiracchiamento	rel:etymology	ita: stiracchiare
ita: polisillabo	rel:etymology	ita: sillabo
ita: caporetto	rel:etymology	ita: retto
ita: autotraino	rel:etymology	ita: traino
ita: carrozziere	rel:etymology	ita: -iere
ita: pianificazione	rel:etymology	ita: pianificare
ita: pretensioso	rel:etymology	ita: pretensione
ita: spalluccia	rel:etymology	ita: spalla
ita: cordone	rel:etymology	ita: corda
ita: ontaneto	rel:etymology	ita: -eto
ita: atemporalità	rel:etymology	ita: atemporale
ita: trompetta	rel:etymology	ita: tromba
ita: fulgidezza	rel:etymology	ita: fulgido
ita: epicardio	rel:etymology	ita: epi-
ita: taglio	rel:etymology	ita: tagliare
ita: molazzatura	rel:etymology	ita: -tura
ita: morfogenesi	rel:etymology	ita: morfo-
ita: poponaia	rel:etymology	ita: popone
ita: clamazione	rel:etymology	ita: -zione
ita: ipertecnologico	rel:etymology	ita: tecnologico
ita: arcanamente	rel:etymology	ita: arcano
ita: kilometraggio	rel:etymology	ita: -aggio
ita: femminuccia	rel:etymology	ita: -uccia
ita: pulsatilità	rel:etymology	ita: pulsatile
ita: intuibilmente	rel:etymology	ita: -mente
ita: sitologia	rel:etymology	ita: sito-
ita: irremunerabile	rel:etymology	lat: irremunerabilis
ita: nanosecondo	rel:etymology	ita: nano-
ita: esigibilità	rel:etymology	ita: -ità
ita: responso	rel:etymology	lat: responsum
ita: vivificatore	rel:etymology	ita: vivificare
ita: corallaio	rel:etymology	ita: corallo
ita: irresistibilità	rel:etymology	ita: irresistibile
ita: portabottiglie	rel:etymology	ita: bottiglie
ita: biomarcatore	rel:etymology	ita: bio-
ita: carcinosi	rel:etymology	ita: carcino-
ita: panieraia	rel:etymology	ita: paniere
ita: omodonte	rel:etymology	ita: omo-
ita: sbullettare	rel:etymology	ita: bullettare
ita: fontaniere	rel:etymology	ita: -iere
ita: triennalità	rel:etymology	ita: triennale
ita: ragione	rel:etymology	lat: ratio
ita: controvelaccino	rel:etymology	ita: velaccino
ita: confermativamente	rel:etymology	ita: confermativo
ita: spaventoso	rel:etymology	ita: -oso
ita: antropogeografia	rel:etymology	ita: geografia
ita: spaginare	rel:etymology	ita: paginare
ita: necrologista	rel:etymology	ita: necro-
ita: insostenibilmente	rel:etymology	ita: insostenibile
ita: marconigrafia	rel:etymology	ita: Marconi
ita: antirecessione	rel:etymology	ita: anti-
ita: equiparabilità	rel:etymology	ita: -ità
ita: feltraio	rel:etymology	ita: -aio
ita: meditatamente	rel:etymology	ita: -mente
ita: dragaggio	rel:etymology	ita: -aggio
ita: fumo	rel:etymology	lat: fumus
ita: birbantesco	rel:etymology	ita: birbante
ita: micrografia	rel:etymology	ita: micro-
ita: sette	rel:etymology	lat: septem
ita: francofobia	rel:etymology	ita: franco-
ita: cannoniere	rel:etymology	ita: -iere
ita: erotizzare	rel:etymology	ita: -izzare
ita: benefare	rel:etymology	ita: fare
ita: anginoso	rel:etymology	ita: -oso
ita: capocomicato	rel:etymology	ita: capo-
ita: concretizzabile	rel:etymology	ita: -abile
ita: eliografico	rel:etymology	ita: -grafico
ita: lanciere	rel:etymology	ita: lancia
ita: laminoso	rel:etymology	lat: laminosus
ita: perturbamento	rel:etymology	ita: perturbare
ita: restituibile	rel:etymology	ita: restituire
ita: ghiacciaio	rel:etymology	ita: ghiaccio
ita: inescusabilmente	rel:etymology	ita: -mente
ita: silenziabile	rel:etymology	ita: silenziare
ita: fotoallergia	rel:etymology	ita: allergia
ita: contraente	rel:etymology	ita: -ente
ita: impetrare	rel:etymology	lat: impetrare
ita: influenzabile	rel:etymology	ita: influenzare
ita: turbazione	rel:etymology	ita: turbare
ita: epispastico	rel:etymology	ita: spastico
ita: agamicamente	rel:etymology	ita: agamico
ita: interbase	rel:etymology	ita: inter-
ita: infibulamento	rel:etymology	ita: -mento
ita: malaccortezza	rel:etymology	ita: accortezza
ita: sensazionalismo	rel:etymology	ita: sensazionale
ita: ebriosità	rel:etymology	lat: ebriositas
ita: suscitare	rel:etymology	lat: suscitare
ita: echinocactus	rel:etymology	ita: echino-
ita: iperattività	rel:etymology	ita: iper-
ita: gualcibilità	rel:etymology	ita: gualcibile
ita: consumabile	rel:etymology	ita: -abile
ita: ondoso	rel:etymology	lat: undosus
ita: fenotipo	rel:etymology	ita: -tipo
ita: semirigido	rel:etymology	ita: rigido
ita: genealogia	rel:etymology	lat: genealogia
ita: antivipera	rel:etymology	ita: anti-
ita: novanta	rel:etymology	lat: nonaginta
ita: postbariatrico	rel:etymology	ita: bariatrico
ita: idrosolubilità	rel:etymology	ita: solubilità
ita: stagnaio	rel:etymology	ita: -aio
ita: agrobiotecnologia	rel:etymology	ita: agro-
ita: idealizzare	rel:etymology	ita: -izzare
ita: cronometrista	rel:etymology	ita: -metrista
ita: callidità	rel:etymology	ita: callido
ita: pomiciatura	rel:etymology	ita: pomiciare
ita: tetrodo	rel:etymology	ita: -odo
ita: lagnoso	rel:etymology	ita: lagnarsi
ita: toracoaddominale	rel:etymology	ita: toraco-
ita: antropogenesi	rel:etymology	ita: antropo-
ita: pseudotumore	rel:etymology	ita: pseudo-
ita: inattendibilità	rel:etymology	ita: -ità
ita: finestra	rel:etymology	lat: fenestra
ita: multilinearità	rel:etymology	ita: multilineare
ita: terreità	rel:etymology	ita: -ità
ita: eurogruppo	rel:etymology	ita: euro-
ita: controproposta	rel:etymology	ita: proposta
ita: amplitudine	rel:etymology	ita: ?
ita: senofobia	rel:etymology	ita: seno-
ita: disacidazione	rel:etymology	ita: -zione
ita: idrofobico	rel:etymology	ita: idro-
ita: germe	rel:etymology	lat: germen
ita: specularità	rel:etymology	ita: speculare
ita: sfiatatura	rel:etymology	ita: -tura
ita: bufferizzare	rel:etymology	ita: buffer
ita: bottiglieria	rel:etymology	ita: -eria
ita: portamonete	rel:etymology	ita: porta-
ita: improrogabilità	rel:etymology	ita: improrogabile
ita: nebulosamente	rel:etymology	ita: nebuloso
ita: incomprensibilità	rel:etymology	ita: -ità
ita: poderosamente	rel:etymology	ita: poderoso
ita: fotogenico	rel:etymology	ita: -genico
ita: adorabilità	rel:etymology	ita: -ità
ita: melanzana	rel:etymology	ara: باذنجان
ita: inesaudito	rel:etymology	ita: esaudito
ita: lombrico	rel:etymology	lat: lumbricus
ita: sottosviluppo	rel:etymology	ita: sviluppo
ita: idrologo	rel:etymology	ita: idro-
ita: paracenere	rel:etymology	ita: para-
ita: teletrasmettitore	rel:etymology	ita: tele-
ita: controtipo	rel:etymology	ita: contro-
ita: altana	rel:etymology	ita: alto
ita: ballabile	rel:etymology	ita: ballare
ita: teleguida	rel:etymology	ita: guida
ita: fosforico	rel:etymology	ita: fosfo-
ita: geocentrismo	rel:etymology	ita: -centrismo
ita: campanilisticamente	rel:etymology	ita: campanilistico
ita: venialità	rel:etymology	ita: veniale
ita: inadattabilità	rel:etymology	ita: inadattabile
ita: assennatezza	rel:etymology	ita: -ezza
ita: idroestrattore	rel:etymology	ita: idro-
ita: cloroetilene	rel:etymology	ita: cloro-
ita: lattazione	rel:etymology	ita: -zione
ita: calamitosamente	rel:etymology	ita: -mente
ita: scacco matto	rel:etymology	ara: شاه مات
ita: disamabile	rel:etymology	ita: disamare
ita: sondabilità	rel:etymology	ita: sondabile
ita: televideo	rel:etymology	ita: tele-
ita: verseggiatore	rel:etymology	ita: verseggiare
ita: famigliarità	rel:etymology	ita: -ità
ita: sospirare	rel:etymology	lat: suspirare
ita: contromarcia	rel:etymology	ita: contro-
ita: radioprotezione	rel:etymology	ita: radio-
ita: mimetizzazione	rel:etymology	ita: -zione
ita: surraffreddare	rel:etymology	ita: raffreddare
ita: glande	rel:etymology	lat: glans
ita: sorreggere	rel:etymology	ita: so-
ita: fissabile	rel:etymology	ita: fissare
ita: ecotipo	rel:etymology	ita: -tipo
ita: subiettività	rel:etymology	ita: -ità
ita: lanciabile	rel:etymology	ita: lanciare
ita: linguistica	rel:etymology	ita: lingua
ita: raddrizzatrice	rel:etymology	ita: raddrizzare
ita: tragediabile	rel:etymology	ita: -abile
ita: pranoterapeuta	rel:etymology	ita: terapeuta
ita: ortaglia	rel:etymology	ita: -aglia
ita: irrestringibilità	rel:etymology	ita: -ità
ita: pareggiabile	rel:etymology	ita: pareggiare
ita: biliosamente	rel:etymology	ita: bilioso
ita: arcivescovile	rel:etymology	ita: vescovile
ita: contropedale	rel:etymology	ita: pedale
ita: videotape	rel:etymology	ita: tape
ita: ricambista	rel:etymology	ita: ricambio
ita: Dio	rel:etymology	lat: Deus
ita: agiologia	rel:etymology	ita: agio-
ita: focalizzazione	rel:etymology	ita: -zione
ita: citologico	rel:etymology	ita: cito-
ita: parasintetico	rel:etymology	ita: sintetico
ita: ufficialessa	rel:etymology	ita: ufficiale
ita: colpevolizzazione	rel:etymology	ita: -zione
ita: glucosio	rel:etymology	ita: -osio
ita: occhiaia	rel:etymology	ita: -aia
ita: ritardatore	rel:etymology	ita: ritardare
ita: metroscopia	rel:etymology	ita: metro-
ita: girocollo	rel:etymology	ita: collo
ita: supercostoso	rel:etymology	ita: super-
ita: dolere	rel:etymology	lat: dolere
ita: eroicizzare	rel:etymology	ita: -izzare
ita: raddrizzatrice	rel:etymology	ita: -trice
ita: scolarizzare	rel:etymology	ita: -izzare
ita: bottinatura	rel:etymology	ita: -tura
ita: disumanizzarsi	rel:etymology	ita: -si
ita: crucciosamente	rel:etymology	ita: -mente
ita: descrittivamente	rel:etymology	ita: -mente
ita: impugnabile	rel:etymology	ita: impugnare
ita: telemetrico	rel:etymology	ita: tele-
ita: inguadabile	rel:etymology	ita: in-
ita: irresolubilità	rel:etymology	ita: -ità
ita: irricevibilità	rel:etymology	ita: -ità
ita: contrasto	rel:etymology	ita: contra-
ita: comprabile	rel:etymology	ita: -abile
ita: uniforme	rel:etymology	ita: forme
ita: romanistico	rel:etymology	ita: -istico
ita: pediatra	rel:etymology	ita: pedo-
ita: energivoro	rel:etymology	ita: -voro
ita: irrealizzabilmente	rel:etymology	ita: -mente
ita: imponderabile	rel:etymology	ita: im-
ita: inane	rel:etymology	lat: inanis
ita: supersimmetria	rel:etymology	ita: super-
ita: strepitosamente	rel:etymology	ita: -mente
ita: orologiaio	rel:etymology	ita: orologio
ita: fosfocreatina	rel:etymology	ita: fosfo-
ita: formalizzazione	rel:etymology	ita: -zione
ita: spegnere	rel:etymology	lat: ''[[ex-]] + [[pingere]]''
ita: radiotelescopio	rel:etymology	ita: radio-
ita: negativismo	rel:etymology	ita: negativo
ita: neurotrasmettitore	rel:etymology	ita: trasmettitore
ita: boom	rel:etymology	eng: boom
ita: surreale	rel:etymology	ita: reale
ita: fototropico	rel:etymology	ita: -tropico
ita: antilogaritmo	rel:etymology	ita: anti-
ita: tossicologia	rel:etymology	ita: -logia
ita: ineffettivo	rel:etymology	ita: in-
ita: iperacuto	rel:etymology	ita: acuto
ita: furfantaggine	rel:etymology	ita: furfante
ita: zoccolaia	rel:etymology	ita: zoccolo
ita: varcabile	rel:etymology	ita: varcare
ita: oziosaggine	rel:etymology	ita: -aggine
ita: paleoecologia	rel:etymology	ita: ecologia
ita: nitrogeno	rel:etymology	ita: -geno
ita: viraggio	rel:etymology	ita: virare
ita: biotecnologico	rel:etymology	ita: tecnologico
ita: inammaccabile	rel:etymology	ita: ammaccabile
ita: urlone	rel:etymology	ita: urlo
ita: mesocefalia	rel:etymology	ita: -cefalia
ita: castagnaio	rel:etymology	ita: castagna
ita: squadraccia	rel:etymology	ita: squadra
ita: immunodeficiente	rel:etymology	ita: deficiente
ita: intoccabile	rel:etymology	ita: toccabile
ita: eptacordo	rel:etymology	ita: -cordo
ita: non-io	rel:etymology	ita: non-
ita: laidità	rel:etymology	ita: laido
ita: galvanoscopio	rel:etymology	ita: -scopio
ita: liturgista	rel:etymology	ita: -ista
ita: innocentismo	rel:etymology	ita: -ismo
ita: parascolastico	rel:etymology	ita: para-
ita: radioripetitore	rel:etymology	ita: ripetitore
ita: mellifluità	rel:etymology	ita: -ità
ita: crucialità	rel:etymology	ita: -ità
ita: cavaliere	rel:etymology	lat: caballarius
ita: decarbossilare	rel:etymology	ita: de-
ita: enterococco	rel:etymology	ita: entero-
ita: acidolisi	rel:etymology	ita: -lisi
ita: giustezza	rel:etymology	ita: giusto
ita: ecoterrorismo	rel:etymology	ita: eco-
ita: transcranico	rel:etymology	ita: trans-
ita: triedro	rel:etymology	ita: -edro
ita: contropunta	rel:etymology	ita: contro-
ita: polifattoriale	rel:etymology	ita: poli-
ita: termocromico	rel:etymology	ita: cromico
ita: controbattibile	rel:etymology	ita: controbattere
ita: burbanzosamente	rel:etymology	ita: -mente
ita: cromoforo	rel:etymology	ita: cromo-
ita: eritrocitico	rel:etymology	ita: eritro-
ita: dedifferenziazione	rel:etymology	ita: de-
ita: terrestrità	rel:etymology	ita: terrestre
ita: densitometria	rel:etymology	ita: densità
ita: ombrellaia	rel:etymology	ita: ombrello
ita: bisarcavolo	rel:etymology	ita: bis-
ita: fecondamente	rel:etymology	ita: fecondo
ita: fotodattiloscopico	rel:etymology	ita: dattiloscopico
ita: fibrinoso	rel:etymology	ita: fibrina
ita: corriere	rel:etymology	ita: correre
ita: analfabeta	rel:etymology	ita: alfabeta
ita: interspazio	rel:etymology	ita: spazio
ita: retroattivamente	rel:etymology	ita: retroattivo
ita: rifiutabile	rel:etymology	ita: -abile
ita: semoloso	rel:etymology	ita: semola
ita: monolaterale	rel:etymology	ita: laterale
ita: quadripartitico	rel:etymology	ita: quadr-
ita: ghianda	rel:etymology	lat: glans
ita: antiartritico	rel:etymology	ita: artritico
ita: multiarticolato	rel:etymology	ita: multi-
ita: enantiosemia	rel:etymology	ita: -semia
ita: cannuccia	rel:etymology	ita: -uccia
ita: idromassaggio	rel:etymology	ita: massaggio
ita: riflettenza	rel:etymology	ita: -enza
ita: tetraedro	rel:etymology	ita: -edro
ita: glaciologico	rel:etymology	ita: glacio-
ita: rotocalcografia	rel:etymology	ita: calcografia
ita: preistoria	rel:etymology	ita: pre-
ita: oscenamente	rel:etymology	ita: -mente
ita: zappone	rel:etymology	ita: zappa
ita: aerosoccorso	rel:etymology	ita: aero-
ita: consustanzialità	rel:etymology	ita: consustanziale
ita: radiogramma	rel:etymology	ita: radio-
ita: salmeria	rel:etymology	ita: ?
ita: diritto	rel:etymology	lat: directus
ita: aerogramma	rel:etymology	ita: -gramma
ita: vasospasmo	rel:etymology	ita: vaso-
ita: interfacoltà	rel:etymology	ita: inter-
ita: reostato	rel:etymology	ita: -stato
ita: pomellatura	rel:etymology	ita: pomellato
ita: capoclaque	rel:etymology	ita: claque
ita: ferrochina	rel:etymology	ita: ferro-
ita: umanitaristico	rel:etymology	ita: umanitario
ita: inscrutabilità	rel:etymology	ita: inscrutabile
ita: xerocopiare	rel:etymology	ita: copiare
ita: eurolandia	rel:etymology	ita: euro-
ita: volgarizzazione	rel:etymology	ita: -zione
ita: embriologia	rel:etymology	ita: embrio-
ita: sardità	rel:etymology	ita: -ità
ita: pitoccheria	rel:etymology	ita: pitocco
ita: fanatizzare	rel:etymology	ita: -izzare
ita: sfiatatura	rel:etymology	ita: sfiatare
ita: raccomandabilità	rel:etymology	ita: -ità
ita: cataletto	rel:etymology	ita: letto
ita: splendido	rel:etymology	lat: splendidus
ita: idrogeno	rel:etymology	ita: -geno
ita: podologia	rel:etymology	ita: podo-
ita: kilociclo	rel:etymology	ita: kilo-
ita: germanofono	rel:etymology	ita: germano
ita: alofita	rel:etymology	ita: alo-
ita: interrelazione	rel:etymology	ita: inter-
ita: pianificatore	rel:etymology	ita: -tore
ita: ripresina	rel:etymology	ita: ripresa
ita: cunicolo	rel:etymology	lat: cuniculus
ita: spacciabile	rel:etymology	ita: -abile
ita: annata	rel:etymology	ita: -ata
ita: avvicinabile	rel:etymology	ita: avvicinare
ita: annoverabile	rel:etymology	ita: -abile
ita: agricoltore	rel:etymology	ita: agri-
ita: pillaccheroso	rel:etymology	ita: pillacchera
ita: sonometro	rel:etymology	ita: sono
ita: argentifero	rel:etymology	ita: argento
ita: strozzinaggio	rel:etymology	ita: -aggio
ita: autoportante	rel:etymology	ita: portante
ita: feccioso	rel:etymology	ita: feccia
ita: vendemmiale	rel:etymology	ita: vendemmia
ita: rietichettatura	rel:etymology	ita: ri-
ita: carbonizzare	rel:etymology	ita: carbone
ita: eristicamente	rel:etymology	ita: -mente
ita: iperglobulia	rel:etymology	ita: iper-
ita: risata	rel:etymology	ita: -ata
ita: avvertibile	rel:etymology	ita: -ibile
ita: surraffreddamento	rel:etymology	ita: sur-
ita: termoscopio	rel:etymology	ita: -scopio
ita: sorteggiabile	rel:etymology	ita: sorteggiare
ita: idroscafo	rel:etymology	ita: scafo
ita: autoterapia	rel:etymology	ita: auto-
ita: piastrinopatia	rel:etymology	ita: -patia
ita: striglia	rel:etymology	fro: estrille
ita: contrabbasso	rel:etymology	ita: basso
ita: acquistabile	rel:etymology	ita: acquistare
ita: superdecorato	rel:etymology	ita: super-
ita: stronzaggine	rel:etymology	ita: stronzo
ita: biostratigrafico	rel:etymology	ita: bio-
ita: clorotico	rel:etymology	ita: -otico
ita: teleferico	rel:etymology	ita: tele-
ita: bizzarramente	rel:etymology	ita: -mente
ita: spettrofotometrico	rel:etymology	ita: spettro-
ita: bisezione	rel:etymology	ita: bi-
ita: precambriano	rel:etymology	ita: pre-
ita: inespugnabilmente	rel:etymology	ita: inespugnabile
ita: paffutello	rel:etymology	ita: -ello
ita: carborundo	rel:etymology	ita: carbo-
ita: intrarenale	rel:etymology	ita: intra-
ita: cardiocentesi	rel:etymology	ita: cardio-
ita: saltare	rel:etymology	ron: saltare
ita: eritrogenesi	rel:etymology	ita: -genesi
ita: acre	rel:etymology	lat: acre
ita: esplosivamente	rel:etymology	ita: esplosivo
ita: autonoleggiatore	rel:etymology	ita: auto-
ita: timbrificio	rel:etymology	ita: timbro
ita: paramnesia	rel:etymology	ita: amnesia
ita: turpemente	rel:etymology	ita: -mente
ita: macrodontismo	rel:etymology	ita: macro-
ita: crittologia	rel:etymology	ita: ?
ita: autopista	rel:etymology	ita: auto-
ita: radiosensibile	rel:etymology	ita: radio-
ita: farmacoterapia	rel:etymology	ita: farmaco-
ita: scorfano	rel:etymology	lat: scorpaena
ita: stenodattilografia	rel:etymology	ita: steno-
ita: raffilatura	rel:etymology	ita: -tura
ita: accorciabile	rel:etymology	ita: accorciare
ita: rintorpidire	rel:etymology	ita: ri-
ita: immunogenetica	rel:etymology	ita: genetica
ita: mesosfera	rel:etymology	ita: sfera
ita: punteria	rel:etymology	ita: -eria
ita: capocomico	rel:etymology	ita: comico
ita: glottologia	rel:etymology	ita: glotto-
ita: autocinema	rel:etymology	ita: auto-
ita: battutaccia	rel:etymology	ita: battuta
ita: ipsometria	rel:etymology	ita: -metria
ita: permanganato	rel:etymology	ita: per-
ita: geometrico	rel:etymology	ita: geo-
ita: viticoltore	rel:etymology	ita: vite
ita: disormeggiare	rel:etymology	ita: dis-
ita: correggibile	rel:etymology	ita: -ibile
ita: vagabondaggio	rel:etymology	ita: vagabondare
ita: autopattuglia	rel:etymology	ita: pattuglia
ita: omozigote	rel:etymology	ita: omo-
ita: girovago	rel:etymology	ita: giro-
ita: microcomponente	rel:etymology	ita: componente
ita: fuggire	rel:etymology	lat: fugere
ita: baroscopico	rel:etymology	ita: baro-
ita: preflorazione	rel:etymology	ita: florazione
ita: spurgamento	rel:etymology	ita: spurgare
ita: pugilisticamente	rel:etymology	ita: -mente
ita: decrepitezza	rel:etymology	ita: -ezza
ita: nido	rel:etymology	lat: nidus
ita: tediosità	rel:etymology	ita: -ità
ita: microeconomico	rel:etymology	ita: economico
ita: divertentemente	rel:etymology	ita: divertente
ita: ultracorto	rel:etymology	ita: corto
ita: semichiuso	rel:etymology	ita: chiuso
ita: Pisa	rel:etymology	lat: Pisae
ita: servitorame	rel:etymology	ita: servitore
ita: pluricentrico	rel:etymology	ita: -centrico
ita: quadrilobato	rel:etymology	ita: lobato
ita: anelare	rel:etymology	lat: anhelare
ita: ipotensione	rel:etymology	ita: tensione
ita: broncospasmo	rel:etymology	ita: spasmo
ita: laringospasmo	rel:etymology	ita: spasmo
ita: aerografo	rel:etymology	ita: aero-
ita: commercialità	rel:etymology	ita: commerciale
ita: incolmabilmente	rel:etymology	ita: incolmabile
ita: ineffabilmente	rel:etymology	ita: -mente
ita: iperemotivo	rel:etymology	ita: emotivo
ita: addestrabilità	rel:etymology	ita: -ità
ita: pressantemente	rel:etymology	ita: -mente
ita: iddeità	rel:etymology	ita: -ità
ita: fornibile	rel:etymology	ita: -ibile
ita: globoide	rel:etymology	ita: -oide
ita: somaro	rel:etymology	lat: sagmarium
ita: emozionalità	rel:etymology	ita: emozionale
ita: mozzo	rel:etymology	ita: modium
ita: autoraduno	rel:etymology	ita: raduno
ita: aeromante	rel:etymology	ita: aero-
ita: ciclonite	rel:etymology	ita: ciclo-
ita: configurabile	rel:etymology	ita: configurare
ita: fogliazione	rel:etymology	ita: fogliare
ita: uniformare	rel:etymology	ita: uni-
ita: immanità	rel:etymology	ita: -ità
ita: parapsichico	rel:etymology	ita: psichico
ita: socialistico	rel:etymology	ita: -istico
ita: eritematoso	rel:etymology	ita: -oso
ita: chitarrista	rel:etymology	ita: chitarra
ita: ortolano	rel:etymology	ita: orto-
ita: decimetro	rel:etymology	ita: deci-
ita: ottimisticamente	rel:etymology	ita: ottimistico
ita: delittuosamente	rel:etymology	ita: delittuoso
ita: bugia	rel:etymology	fra: bougie
ita: stetoscopio	rel:etymology	ita: -scopio
ita: infilatura	rel:etymology	ita: infilare
ita: tipolitografia	rel:etymology	ita: tipo-
ita: incorniciabile	rel:etymology	ita: -abile
ita: pellucidità	rel:etymology	ita: -ità
ita: inscatolatrice	rel:etymology	ita: -trice
ita: megabit	rel:etymology	ita: mega-
ita: turbogetto	rel:etymology	ita: getto
ita: incassatura	rel:etymology	ita: incassare
ita: telecomando	rel:etymology	ita: comando
ita: gauchisme	rel:etymology	fra: gauche
ita: rifacibile	rel:etymology	ita: -ibile
ita: antisfondamento	rel:etymology	ita: anti-
ita: lattaio	rel:etymology	ita: latte
ita: vagliatrice	rel:etymology	ita: -trice
ita: teleschermo	rel:etymology	ita: schermo
ita: crioscopico	rel:etymology	ita: -scopico
ita: cantabile	rel:etymology	ita: -abile
ita: enantiopatia	rel:etymology	ita: -patia
ita: mordacità	rel:etymology	ita: mordace
ita: controtelaio	rel:etymology	ita: contro-
ita: termoestesia	rel:etymology	ita: termo-
ita: mottettista	rel:etymology	ita: -ista
ita: enunciabile	rel:etymology	ita: -abile
ita: contropressione	rel:etymology	ita: pressione
ita: stornellata	rel:etymology	ita: stornellare
ita: formalistico	rel:etymology	ita: -istico
ita: consapevolizzarsi	rel:etymology	ita: -si
ita: aviogetto	rel:etymology	ita: getto
ita: destabilizzatore	rel:etymology	ita: de-
ita: lessicografo	rel:etymology	ita: lessico-
ita: intramontabile	rel:etymology	ita: in-
ita: peccaminoso	rel:etymology	lat: peccamen
ita: caffettiere	rel:etymology	ita: -iere
ita: iperrecettività	rel:etymology	ita: recettività
ita: cristalleria	rel:etymology	ita: cristallo
ita: flessuoso	rel:etymology	lat: flexuosus
ita: minore	rel:etymology	lat: minor
ita: eruditamente	rel:etymology	ita: -mente
ita: carbonizzare	rel:etymology	ita: -izzare
ita: meccanizzazione	rel:etymology	ita: -zione
ita: mediolatino	rel:etymology	ita: medio-
ita: brillatoio	rel:etymology	ita: brillare
ita: forgiabile	rel:etymology	ita: -abile
ita: pleistocenico	rel:etymology	ita: -ico
ita: floricoltore	rel:etymology	ita: flora
ita: osteoperiostite	rel:etymology	ita: periostio
ita: meritoriamente	rel:etymology	ita: meritorio
ita: figurabile	rel:etymology	ita: -abile
ita: operettista	rel:etymology	ita: operetta
ita: reinstallare	rel:etymology	ita: re-
ita: accomodabilmente	rel:etymology	ita: -mente
ita: stigliatrice	rel:etymology	ita: -trice
ita: falce	rel:etymology	lat: falx
ita: irrigabilità	rel:etymology	ita: irrigabile
ita: paragonabilità	rel:etymology	ita: -ità
ita: teosofico	rel:etymology	ita: -sofico
ita: sbaccellatura	rel:etymology	ita: -tura
ita: lattemiele	rel:etymology	ita: latte
ita: malaccio	rel:etymology	ita: -accio
ita: ricedere	rel:etymology	ita: ri-
ita: calta	rel:etymology	lat: caltha
ita: insopprimibile	rel:etymology	ita: in-
ita: spuma	rel:etymology	lat: spuma
ita: incollatore	rel:etymology	ita: incollare
ita: neonazista	rel:etymology	ita: nazista
ita: gravoso	rel:etymology	ita: -oso
ita: antropologico	rel:etymology	ita: -logico
ita: antieconomicamente	rel:etymology	ita: antieconomico
ita: elaiopolio	rel:etymology	ita: elaio-
ita: ortocromatico	rel:etymology	ita: orto-
ita: ortofonia	rel:etymology	ita: orto-
ita: aerodinamica	rel:etymology	ita: aero-
ita: personalizzabilità	rel:etymology	ita: personalizzabile
ita: föhn	rel:etymology	deu: Föhn
ita: neurolinguistica	rel:etymology	ita: neuro-
ita: dilazionabile	rel:etymology	ita: -abile
ita: infingardaggine	rel:etymology	ita: infingardo
ita: ionizzatore	rel:etymology	ita: ionizzare
ita: sovradimensionato	rel:etymology	ita: sovra-
ita: scacchiatura	rel:etymology	ita: -tura
ita: teogonico	rel:etymology	ita: teo-
ita: dopo-shampoo	rel:etymology	ita: dopo-
ita: monellesco	rel:etymology	ita: monello
ita: usciere	rel:etymology	ita: uscio
ita: lavoraccio	rel:etymology	ita: lavoro
ita: riannettere	rel:etymology	ita: annettere
ita: foscamente	rel:etymology	ita: fosco
ita: semicircolare	rel:etymology	ita: circolare
ita: attestabile	rel:etymology	ita: -abile
ita: presocratico	rel:etymology	ita: pre-
ita: frodabile	rel:etymology	ita: -abile
ita: camera	rel:etymology	lat: camera
ita: anfrattuoso	rel:etymology	lat: anfractuosus
ita: sequenzialità	rel:etymology	ita: sequenziale
ita: iperacusia	rel:etymology	ita: -acusia
ita: scheletricità	rel:etymology	ita: scheletrico
ita: foularino	rel:etymology	ita: -ino
ita: intercolunnio	rel:etymology	ita: colonna
ita: francone	rel:etymology	ita: ?
ita: trinitarismo	rel:etymology	ita: -ismo
ita: fiammiferaia	rel:etymology	ita: -aia
ita: antidiaforetico	rel:etymology	ita: anti-
ita: fotogiornalista	rel:etymology	ita: giornalista
ita: magnetotermico	rel:etymology	ita: magneto-
ita: pornoattore	rel:etymology	ita: porno-
ita: stincata	rel:etymology	ita: stinco
ita: soggettivistico	rel:etymology	ita: soggettivo
ita: ipotensivo	rel:etymology	ita: tensivo
ita: circuitale	rel:etymology	ita: circuito
ita: fotolitista	rel:etymology	ita: foto-
ita: puristicamente	rel:etymology	ita: puristico
ita: trottolare	rel:etymology	ita: -are
ita: socioeconomico	rel:etymology	ita: socio-
ita: sforbiciatina	rel:etymology	ita: -ina
ita: igienizzare	rel:etymology	ita: igiene
ita: sfarinabile	rel:etymology	ita: sfarinare
ita: paragonabile	rel:etymology	ita: -abile
ita: sottolineare	rel:etymology	ita: lineare
ita: idrolitico	rel:etymology	ita: idro-
ita: accomunabile	rel:etymology	ita: accomunare
ita: linearismo	rel:etymology	ita: lineare
ita: licenziosamente	rel:etymology	ita: -mente
ita: olivicoltore	rel:etymology	ita: -coltore
ita: chiodatura	rel:etymology	ita: -tura
ita: ecumenicamente	rel:etymology	ita: ecumenico
ita: neglettamente	rel:etymology	ita: -mente
ita: bioherma	rel:etymology	ita: herma
ita: incomprensibilità	rel:etymology	ita: incomprensibile
ita: ingenerabile	rel:etymology	ita: -abile
ita: spalmabilità	rel:etymology	ita: -ità
ita: sovraffaticare	rel:etymology	ita: sovra-
ita: sollecitatore	rel:etymology	ita: -tore
ita: cuoieria	rel:etymology	ita: -eria
ita: ridecorazione	rel:etymology	ita: ridecorare
ita: sigaretta	rel:etymology	spa: cigarette
ita: erboso	rel:etymology	lat: herbosus
ita: broncopolmonare	rel:etymology	ita: polmonare
ita: fabbricare	rel:etymology	lat: fabricare
ita: cogestionale	rel:etymology	ita: gestionale
ita: trisillabo	rel:etymology	ita: sillabo
ita: dissequestrare	rel:etymology	ita: dis-
ita: porcello	rel:etymology	ita: porco
ita: epidermicamente	rel:etymology	ita: -mente
ita: agrochimica	rel:etymology	ita: agro-
ita: rigogliosità	rel:etymology	ita: -ità
ita: monolocale	rel:etymology	ita: mono-
ita: ergologia	rel:etymology	ita: -logia
ita: infidamente	rel:etymology	ita: infido
ita: centromeridionale	rel:etymology	ita: meridionale
ita: compagnia	rel:etymology	fre: compagnie
ita: lucullianamente	rel:etymology	ita: -mente
ita: flessionale	rel:etymology	ita: -ale
ita: sottogonna	rel:etymology	ita: sotto-
ita: sgranatrice	rel:etymology	ita: -trice
ita: paradenti	rel:etymology	ita: denti
ita: macchioso	rel:etymology	ita: macchia
ita: eccitatamente	rel:etymology	ita: eccitato
ita: romboide	rel:etymology	ita: -oide
ita: storditamente	rel:etymology	ita: -mente
ita: autopalpazione	rel:etymology	ita: palpazione
ita: floricultura	rel:etymology	ita: flora
ita: rievocativo	rel:etymology	ita: evocativo
ita: proboscidato	rel:etymology	ita: proboscide
ita: brandeggiabile	rel:etymology	ita: -abile
ita: entomologo	rel:etymology	ita: -logo
ita: autobiografico	rel:etymology	ita: biografico
ita: virogenesi	rel:etymology	ita: viro-
ita: flessionale	rel:etymology	ita: flessione
ita: investire	rel:etymology	lat: investire
ita: fingere	rel:etymology	lat: fingere
ita: maceramento	rel:etymology	ita: -mento
ita: videofonino	rel:etymology	ita: telefonino
ita: Giulio	rel:etymology	lat: Iulius
ita: riplasmare	rel:etymology	ita: ri-
ita: costume	rel:etymology	lat: consuetudo
ita: megaciclo	rel:etymology	ita: mega-
ita: prevocalico	rel:etymology	ita: pre-
ita: poveraccia	rel:etymology	ita: povero
ita: poliribosoma	rel:etymology	ita: poli-
ita: eptavalente	rel:etymology	ita: epta-
ita: crittaggio	rel:etymology	ita: -aggio
ita: artificialmente	rel:etymology	ita: -mente
ita: inginocchiatoio	rel:etymology	ita: inginocchiarsi
ita: illibatezza	rel:etymology	ita: illibato
ita: restaurabile	rel:etymology	ita: -abile
ita: criogenico	rel:etymology	ita: crio-
ita: ultrastrutturistica	rel:etymology	ita: strutturistica
ita: cefalocordato	rel:etymology	ita: cefalo-
ita: neuroblasto	rel:etymology	ita: -blasto
ita: sconsolare	rel:etymology	ita: consolare
ita: socialistico	rel:etymology	ita: sociale
ita: labionasale	rel:etymology	ita: labio-
ita: poliedro	rel:etymology	ita: poli-
ita: extrasolare	rel:etymology	ita: extra-
ita: portella	rel:etymology	ita: -ella
ita: sbatacchiamento	rel:etymology	ita: sbatacchiare
ita: dodecadattilo	rel:etymology	ita: -dattilo
ita: continentalità	rel:etymology	ita: -ità
ita: segheria	rel:etymology	ita: -eria
ita: spendere	rel:etymology	lat: expendere
ita: eteropolisaccaride	rel:etymology	ita: polisaccaride
ita: parcellazione	rel:etymology	ita: parcellare
ita: goletta	rel:etymology	fra: goélette
ita: glenoide	rel:etymology	ita: -oide
ita: monotematicamente	rel:etymology	ita: monotematico
ita: psicoterapeuta	rel:etymology	ita: psico-
ita: spigolosamente	rel:etymology	ita: -mente
ita: rollometro	rel:etymology	ita: rollare
ita: brecciame	rel:etymology	ita: -ame
ita: bricco	rel:etymology	tur: ibrik
ita: giornale	rel:etymology	lat: diurnalis
ita: cointeressenza	rel:etymology	ita: co-
ita: lambliasi	rel:etymology	ita: lamblia
ita: stracciatura	rel:etymology	ita: stracciare
ita: faringoiatria	rel:etymology	ita: -iatria
ita: scurrilità	rel:etymology	ita: scurrile
ita: sopportabile	rel:etymology	ita: -abile
ita: corniciaio	rel:etymology	ita: -aio
ita: salifero	rel:etymology	ita: -ifero
ita: plurimillenario	rel:etymology	ita: pluri-
ita: energia	rel:etymology	grc: ἐνέργεια
ita: piombifero	rel:etymology	ita: piombo
ita: birra	rel:etymology	lat: bibere
ita: antibiosi	rel:etymology	ita: -biosi
ita: braca	rel:etymology	lat: braca
ita: sifonoglifo	rel:etymology	ita: sifono-
ita: nitrofilo	rel:etymology	ita: nitro-
ita: diciannovenne	rel:etymology	ita: diciannove
ita: parabordo	rel:etymology	ita: para-
ita: intertropicale	rel:etymology	ita: tropicale
ita: radiogoniometro	rel:etymology	ita: radio-
ita: tioglicolato	rel:etymology	ita: tio-
ita: mortifero	rel:etymology	ita: morte
ita: neodiplomato	rel:etymology	ita: neo-
ita: radiocommedia	rel:etymology	ita: commedia
ita: iodurazione	rel:etymology	ita: -zione
ita: proctocolectomia	rel:etymology	ita: procto-
ita: trimorfismo	rel:etymology	ita: -morfismo
ita: inconquistabile	rel:etymology	ita: conquistabile
ita: godibilità	rel:etymology	ita: godibile
ita: smussamento	rel:etymology	ita: smussare
ita: geocentrico	rel:etymology	ita: -centrico
ita: carnivoro	rel:etymology	ita: carne
ita: preadolescenza	rel:etymology	ita: pre-
ita: guaribile	rel:etymology	ita: -ibile
ita: controgirello	rel:etymology	ita: contro-
ita: ornitologia	rel:etymology	ita: -logia
ita: ibericità	rel:etymology	ita: -ità
ita: meridionalmente	rel:etymology	ita: -mente
ita: negriere	rel:etymology	ita: negro
ita: nostalgia	rel:etymology	ita: nostro
ita: politicizzazione	rel:etymology	ita: politicizzare
ita: smaltibile	rel:etymology	ita: smaltire
ita: fabbriceria	rel:etymology	ita: -eria
ita: automaticità	rel:etymology	ita: automatico
ita: poverello	rel:etymology	ita: -ello
ita: enarmonicamente	rel:etymology	ita: -mente
ita: anglicizzazione	rel:etymology	ita: anglicizzare
ita: scadenzario	rel:etymology	ita: -ario
ita: trilingue	rel:etymology	ita: lingue
ita: banda	rel:etymology	fre: bande
ita: aeriforme	rel:etymology	ita: -forme
ita: sociobiologico	rel:etymology	ita: biologico
ita: pollicoltore	rel:etymology	ita: -coltore
ita: durevolmente	rel:etymology	ita: -mente
ita: xantofilla	rel:etymology	ita: xanto-
ita: costumatezza	rel:etymology	ita: costumato
ita: terebrazione	rel:etymology	ita: -zione
ita: liberabile	rel:etymology	ita: -abile
ita: espresso	rel:etymology	lat: expressus
ita: assaltatore	rel:etymology	ita: -tore
ita: cinefilia	rel:etymology	ita: cine-
ita: controbattere	rel:etymology	ita: contro-
ita: cosmodromo	rel:etymology	ita: cosmo-
ita: fotochimico	rel:etymology	ita: chimico
ita: parzializzabile	rel:etymology	ita: parzializzare
ita: barcaiolo	rel:etymology	ita: -aiolo
ita: ipnoterapia	rel:etymology	ita: -terapia
ita: hitlerismo	rel:etymology	ita: -ismo
ita: fermentabile	rel:etymology	ita: -abile
ita: scimmiottatura	rel:etymology	ita: -tura
ita: insensatezza	rel:etymology	ita: insensato
ita: bellicosità	rel:etymology	ita: bellicoso
ita: neoimperialistico	rel:etymology	ita: imperialistico
ita: pulitrice	rel:etymology	ita: pulire
ita: paleotettonica	rel:etymology	ita: paleo-
ita: svoltare	rel:etymology	ita: s-
ita: sottolinguale	rel:etymology	ita: linguale
ita: intrasportabile	rel:etymology	ita: in-
ita: psicologismo	rel:etymology	ita: -logismo
ita: uvulite	rel:etymology	ita: uvula
ita: improrogabile	rel:etymology	ita: prorogabile
ita: elaidinizzazione	rel:etymology	ita: elaidinico
ita: prematurità	rel:etymology	ita: prematuro
ita: rancidezza	rel:etymology	ita: rancidire
ita: acrocefalia	rel:etymology	ita: -cefalia
ita: voyeuristico	rel:etymology	ita: -istico
ita: mordorè	rel:etymology	fra: mordoré
ita: proteasi	rel:etymology	ita: proteine
ita: inimitabile	rel:etymology	lat: inimitabilis
ita: multisala	rel:etymology	ita: sala
ita: sventuratamente	rel:etymology	ita: -mente
ita: ipoclorito	rel:etymology	ita: clorito
ita: monetarismo	rel:etymology	ita: monetare
ita: bulbicoltura	rel:etymology	ita: bulbo
ita: associabilità	rel:etymology	ita: -ità
ita: feromonale	rel:etymology	ita: feromone
ita: applausometro	rel:etymology	ita: applauso
ita: stracciaiolo	rel:etymology	ita: straccio
ita: vitaminizzazione	rel:etymology	ita: vitaminizzare
ita: metagenetico	rel:etymology	ita: meta-
ita: osteoclastoma	rel:etymology	ita: -oma
ita: irredimibilità	rel:etymology	ita: irredimibile
ita: fisionomico	rel:etymology	ita: -nomico
ita: smattonare	rel:etymology	ita: mattonare
ita: posteriormente	rel:etymology	ita: -mente
ita: poliatomico	rel:etymology	ita: poli-
ita: lisciamente	rel:etymology	ita: liscio
ita: piroscafo	rel:etymology	ita: -scafo
ita: baropatia	rel:etymology	ita: baro-
ita: decontestualizzare	rel:etymology	ita: de-
ita: rito	rel:etymology	lat: ritus
ita: nastroteca	rel:etymology	ita: nastro
ita: antiforfora	rel:etymology	ita: anti-
ita: inclinabile	rel:etymology	lat: inclinabilis
ita: autocommiserazione	rel:etymology	ita: auto-
ita: prevocalico	rel:etymology	ita: vocalico
ita: riaffittare	rel:etymology	ita: ri-
ita: tale	rel:etymology	lat: tālis
ita: peri-	rel:etymology	grc: περί
ita: demodulazione	rel:etymology	ita: de-
ita: ipersuperficie	rel:etymology	ita: superficie
ita: sverminazione	rel:etymology	ita: -zione
ita: liquefacibile	rel:etymology	ita: -ibile
ita: fuoribusta	rel:etymology	ita: busta
ita: narratologia	rel:etymology	ita: -logia
ita: biada	rel:etymology	lat: blada
ita: neurovegetativo	rel:etymology	ita: vegetativo
ita: contropartita	rel:etymology	ita: contro-
ita: cerebrospinale	rel:etymology	ita: cerebro-
ita: antigiuridicità	rel:etymology	ita: -ità
ita: cervelloticamente	rel:etymology	ita: cervellotico
ita: vicecancelliere	rel:etymology	ita: cancelliere
ita: euforicamente	rel:etymology	ita: euforico
ita: mitologia	rel:etymology	ita: mito
ita: anabattista	rel:etymology	ita: battista
ita: epigrafia	rel:etymology	ita: -grafia
ita: modellizzare	rel:etymology	ita: modello
ita: elettrocardiologia	rel:etymology	ita: cardiologia
ita: braveria	rel:etymology	ita: bravo
ita: trimestre	rel:etymology	ita: mestre
ita: monotonia	rel:etymology	ita: -tonia
ita: ruzzolio	rel:etymology	ita: ruzzolare
ita: fototeca	rel:etymology	ita: -teca
ita: formalizzare	rel:etymology	ita: formale
ita: confrontabile	rel:etymology	ita: -abile
ita: eterocarpia	rel:etymology	ita: -carpia
ita: penicillinico	rel:etymology	ita: -ico
ita: noncredente	rel:etymology	ita: credente
ita: viceprefetto	rel:etymology	ita: prefetto
ita: carbonamento	rel:etymology	ita: carbonare
ita: panislamismo	rel:etymology	ita: islamismo
ita: ettagono	rel:etymology	ita: -gono
ita: autoconcessionario	rel:etymology	ita: concessionario
ita: chiroterapia	rel:etymology	ita: -terapia
ita: anfimacro	rel:etymology	ita: macro
ita: greco-ortodosso	rel:etymology	ita: greco-
ita: prostatectomia	rel:etymology	ita: -ectomia
ita: magnetolettore	rel:etymology	ita: magneto-
ita: capooperaio	rel:etymology	ita: capo-
ita: glicogenesi	rel:etymology	ita: glico-
ita: indimostrabilità	rel:etymology	ita: -ità
ita: fosfolipasi	rel:etymology	ita: lipasi
ita: rivoltoso	rel:etymology	ita: -oso
ita: ricattabilità	rel:etymology	ita: -ità
ita: enzimoterapia	rel:etymology	ita: enzima
ita: primitivismo	rel:etymology	ita: -ismo
ita: eterolalia	rel:etymology	ita: etero-
ita: polianilina	rel:etymology	ita: anilina
ita: vanaglorioso	rel:etymology	ita: -oso
ita: cinquantaduenne	rel:etymology	ita: cinquantadue
ita: verticalizzazione	rel:etymology	ita: verticalizzare
ita: xerografico	rel:etymology	ita: xero-
ita: caldaia	rel:etymology	ita: caldo
ita: acquitrinoso	rel:etymology	ita: -oso
ita: ortodromico	rel:etymology	ita: orto-
ita: nozionisticamente	rel:etymology	ita: -mente
ita: eterometabolo	rel:etymology	ita: etero-
ita: visitabile	rel:etymology	ita: -abile
ita: salmastro	rel:etymology	fro: saumastre
ita: sovrapproduzione	rel:etymology	ita: sovra-
ita: elettromiografo	rel:etymology	ita: elettro-
ita: frenabile	rel:etymology	ita: frenare
ita: ferino	rel:etymology	lat: ferinus
ita: capovoga	rel:etymology	ita: voga
ita: ultradestra	rel:etymology	ita: ultra-
ita: castrismo	rel:etymology	ita: Castro
ita: mangiatoia	rel:etymology	ita: mangiare
ita: isomorfismo	rel:etymology	ita: -morfismo
ita: fagocito	rel:etymology	ita: -cito
ita: disincrostazione	rel:etymology	ita: dis-
ita: poverello	rel:etymology	ita: povero
ita: aziendalizzare	rel:etymology	ita: -izzare
ita: poponaio	rel:etymology	ita: -aio
ita: discopatia	rel:etymology	ita: -patia
ita: autocoro	rel:etymology	ita: auto-
ita: illibatamente	rel:etymology	ita: -mente
ita: vaiolato	rel:etymology	ita: vaio
ita: cristalleria	rel:etymology	ita: -eria
ita: patria	rel:etymology	lat: patria
ita: tiroidismo	rel:etymology	ita: tiroide
ita: autostoppista	rel:etymology	ita: -ista
ita: capricciosamente	rel:etymology	ita: -mente
ita: portaelicotteri	rel:etymology	ita: porta-
ita: logicista	rel:etymology	ita: -ista
ita: soprassedere	rel:etymology	ita: sopra-
ita: canapaio	rel:etymology	ita: -aio
ita: polifagia	rel:etymology	ita: poli-
ita: paranasale	rel:etymology	ita: nasale
ita: rindurire	rel:etymology	ita: indurire
ita: efferatamente	rel:etymology	ita: -mente
ita: sottocosto	rel:etymology	ita: sotto-
ita: vista	rel:etymology	ita: visto
ita: uccelletto	rel:etymology	ita: -etto
ita: atrofia	rel:etymology	ita: a-
ita: antitarmico	rel:etymology	ita: tarmico
ita: disequazione	rel:etymology	ita: equazione
ita: bieticoltura	rel:etymology	ita: bietola
ita: necrofobia	rel:etymology	ita: necro-
ita: cogliere	rel:etymology	lat: colligere
ita: prociclico	rel:etymology	ita: pro-
ita: canalizzare	rel:etymology	ita: canale
ita: riunificabile	rel:etymology	ita: riunificare
ita: autosnodato	rel:etymology	ita: snodato
ita: gergalità	rel:etymology	ita: -ità
ita: sodezza	rel:etymology	ita: -ezza
ita: affondare	rel:etymology	lat: affundare
ita: sdrucciolamento	rel:etymology	ita: sdrucciolare
ita: speleologia	rel:etymology	ita: -logia
ita: -grafo	rel:etymology	grc: -γράφος
ita: bioproteina	rel:etymology	ita: proteina
ita: vero	rel:etymology	lat: verus
ita: disinibirsi	rel:etymology	ita: inibirsi
ita: disamoratamente	rel:etymology	ita: -mente
ita: igroscopio	rel:etymology	ita: igro-
ita: osteocondrite	rel:etymology	ita: osteo-
ita: consultabile	rel:etymology	ita: consultare
ita: propano	rel:etymology	ita: -ano
ita: antropometrico	rel:etymology	ita: -metrico
ita: resistività	rel:etymology	ita: -ità
ita: ibericità	rel:etymology	ita: iberico
ita: traduttore	rel:etymology	lat: traductor
ita: fetidamente	rel:etymology	ita: fetido
ita: mostoso	rel:etymology	ita: -oso
ita: renosità	rel:etymology	ita: -ità
ita: supervisione	rel:etymology	ita: super-
ita: sottosviluppato	rel:etymology	ita: sotto-
ita: bindoleria	rel:etymology	ita: bindolo
ita: invidiabile	rel:etymology	ita: invidiare
ita: capsulatrice	rel:etymology	ita: capsulare
ita: trombettista	rel:etymology	ita: trombetta
ita: magnetostatico	rel:etymology	ita: -statico
ita: nervosità	rel:etymology	ita: -ità
ita: vaporabilità	rel:etymology	ita: -ità
ita: vergognoso	rel:etymology	ita: vergogna
ita: speso	rel:etymology	lat: expensus
ita: conquistare	rel:etymology	lat: conquisitāre
ita: anemometria	rel:etymology	ita: anemo-
ita: enzimologo	rel:etymology	ita: enzima
ita: pubblicismo	rel:etymology	ita: -ismo
ita: schizzinosità	rel:etymology	ita: -ità
ita: -ista	rel:etymology	lat: -ista
ita: semiovale	rel:etymology	ita: ovale
ita: abiettezza	rel:etymology	ita: -ezza
ita: abbinabile	rel:etymology	ita: -abile
ita: relegare	rel:etymology	lat: relegare
ita: cosmopoli	rel:etymology	ita: -poli
ita: telegiornale	rel:etymology	ita: tele-
ita: verbalistico	rel:etymology	ita: verbale
ita: eurocent	rel:etymology	ita: euro-
ita: termogeno	rel:etymology	ita: termo-
ita: lavandeto	rel:etymology	ita: -eto
ita: universalismo	rel:etymology	ita: -ismo
ita: consapevolizzare	rel:etymology	ita: consapevole
ita: centimano	rel:etymology	ita: centi-
ita: paventoso	rel:etymology	ita: -oso
ita: irrealizzato	rel:etymology	ita: realizzato
ita: puristicamente	rel:etymology	ita: -mente
ita: deviatoio	rel:etymology	ita: -toio
ita: nanometro	rel:etymology	ita: nano-
ita: fotocalcografia	rel:etymology	ita: foto-
ita: paleoclimatologia	rel:etymology	ita: paleo-
ita: subecumene	rel:etymology	ita: ecumene
ita: particolareggiatamente	rel:etymology	ita: -mente
ita: acritico	rel:etymology	ita: a-
ita: chiroterapeuta	rel:etymology	ita: terapeuta
ita: aggiornabile	rel:etymology	ita: aggiornare
ita: polisolfuro	rel:etymology	ita: solfuro
ita: esonartece	rel:etymology	ita: eso-
ita: sovranazionale	rel:etymology	ita: nazionale
ita: ergoterapista	rel:etymology	ita: ergo-
ita: fervidamente	rel:etymology	ita: fervido
ita: mezzofondo	rel:etymology	ita: mezzo-
ita: stereofonico	rel:etymology	ita: -fonico
ita: idrocoltura	rel:etymology	ita: -coltura
ita: comare	rel:etymology	lat: commater
ita: veristico	rel:etymology	ita: -istico
ita: oggettualità	rel:etymology	ita: oggettuale
ita: costume	rel:etymology	lat: consuetudo
ita: confessabile	rel:etymology	ita: -abile
ita: spettrogramma	rel:etymology	ita: spettro-
ita: autodemolizione	rel:etymology	ita: demolizione
ita: guantificio	rel:etymology	ita: guanto
ita: tonometro	rel:etymology	ita: -metro
ita: ciclomotore	rel:etymology	ita: ciclo-
ita: pialletto	rel:etymology	ita: -etto
ita: irrequietezza	rel:etymology	ita: -ezza
ita: senofobo	rel:etymology	ita: -fobo
ita: baroscopico	rel:etymology	ita: -scopico
ita: elettrolitico	rel:etymology	ita: -litico
ita: fossilizzare	rel:etymology	ita: fossile
ita: marconigramma	rel:etymology	ita: -gramma
ita: sequestro	rel:etymology	lat: sequestro
ita: burro	rel:etymology	lat: butyrum
ita: supervalutare	rel:etymology	ita: valutare
ita: concretismo	rel:etymology	ita: concreto
ita: ginandromorfo	rel:etymology	ita: -morfo
ita: statolatria	rel:etymology	ita: stato
ita: mungitrice	rel:etymology	ita: mungere
ita: setaceo	rel:etymology	ita: -aceo
ita: intrusività	rel:etymology	ita: -ità
ita: vasaia	rel:etymology	ita: -aia
ita: disfavore	rel:etymology	ita: dis-
ita: incivilimento	rel:etymology	ita: incivilire
ita: aggiornarsi	rel:etymology	ita: aggiornare
ita: luttuoso	rel:etymology	lat: luctuosus
ita: rifacitore	rel:etymology	ita: facitore
ita: farinaio	rel:etymology	ita: farina
ita: gonfiezza	rel:etymology	ita: -ezza
ita: parassitologia	rel:etymology	ita: -logia
ita: pretrattamento	rel:etymology	ita: pre-
ita: sublocare	rel:etymology	ita: sub-
ita: ingenerabile	rel:etymology	ita: ingenerare
ita: citochimica	rel:etymology	ita: cito-
ita: secolarizzazione	rel:etymology	ita: secolarizzare
ita: piumosità	rel:etymology	ita: -ità
ita: mastoplastica	rel:etymology	ita: -plastica
ita: minuziosaggine	rel:etymology	ita: minuzioso
ita: semigrasso	rel:etymology	ita: semi-
ita: canticchiabile	rel:etymology	ita: canticchiare
ita: reclinabilità	rel:etymology	ita: -ità
ita: cotonoso	rel:etymology	ita: cotone
ita: cuocere	rel:etymology	lat: coquere
ita: macrofotografico	rel:etymology	ita: fotografico
ita: chicchiriare	rel:etymology	ita: chicchirichì
ita: creazionismo	rel:etymology	ita: creazione
ita: lenimento	rel:etymology	ita: -mento
ita: contristamento	rel:etymology	ita: -mento
ita: nanofilo	rel:etymology	ita: filo
ita: impetigine	rel:etymology	lat: impetigo
ita: fasometro	rel:etymology	ita: faso
ita: illicenziabile	rel:etymology	ita: il-
ita: vignaiolo	rel:etymology	ita: vigna
ita: diatermico	rel:etymology	ita: -termico
ita: dovizioso	rel:etymology	ita: dovizia
ita: raggruppabile	rel:etymology	ita: raggruppare
ita: montaggista	rel:etymology	ita: montaggio
ita: pregiudicabile	rel:etymology	ita: -abile
ita: viziosamente	rel:etymology	ita: -mente
ita: struscione	rel:etymology	ita: -one
ita: insopportabile	rel:etymology	ita: in-
ita: incompenetrabilità	rel:etymology	ita: -ità
ita: scaldare	rel:etymology	lat: excaldāre
ita: rinopatia	rel:etymology	ita: rino-
ita: generalmente	rel:etymology	ita: generale
ita: sgualcibile	rel:etymology	ita: sgualcire
ita: autotrasformatore	rel:etymology	ita: auto-
ita: modellabile	rel:etymology	ita: -abile
ita: cronotecnico	rel:etymology	ita: tecnico
ita: solleticoso	rel:etymology	ita: -oso
ita: labializzazione	rel:etymology	ita: labiale
ita: suddivisibilità	rel:etymology	ita: -ità
ita: ispirabilità	rel:etymology	ita: ispirabile
ita: cacciabile	rel:etymology	ita: cacciare
ita: valutabile	rel:etymology	ita: valutare
ita: megagalattico	rel:etymology	ita: mega-
ita: adattabile	rel:etymology	ita: -abile
ita: iperboloide	rel:etymology	ita: iperbole
ita: allopatico	rel:etymology	ita: -patico
ita: decespugliamento	rel:etymology	ita: -mento
ita: flemmonoso	rel:etymology	ita: flemmone
ita: demotivazione	rel:etymology	ita: motivazione
ita: disattrezzare	rel:etymology	ita: dis-
ita: pulitrice	rel:etymology	ita: -trice
ita: demoltiplicazione	rel:etymology	ita: de-
ita: preziosamente	rel:etymology	ita: prezioso
ita: poliacido	rel:etymology	ita: poli-
ita: ematopatia	rel:etymology	ita: emato-
ita: lottizzazione	rel:etymology	ita: lottizzare
ita: dinasticamente	rel:etymology	ita: -mente
ita: imparabile	rel:etymology	ita: imparare
ita: micrometro	rel:etymology	ita: metro
ita: catturabile	rel:etymology	ita: catturare
ita: sopreccitabile	rel:etymology	ita: -abile
ita: ipokaliemia	rel:etymology	ita: ipo-
ita: elogiatrice	rel:etymology	ita: elogiare
ita: voltabile	rel:etymology	ita: -abile
ita: ipercatalettico	rel:etymology	ita: iper-
ita: saetta	rel:etymology	lat: sagitta
ita: mediometraggio	rel:etymology	ita: metraggio
ita: biennalmente	rel:etymology	ita: biennale
ita: fratesco	rel:etymology	ita: frate
ita: peggiore	rel:etymology	lat: peior
ita: zappone	rel:etymology	ita: -one
ita: pluridecennale	rel:etymology	ita: decennale
ita: sovraffollamento	rel:etymology	ita: sovra-
ita: circondare	rel:etymology	ita: -are
ita: idroterapico	rel:etymology	ita: idro-
ita: gelataio	rel:etymology	ita: gelato
ita: insolentemente	rel:etymology	ita: insolente
ita: apotecio	rel:etymology	ita: apo-
ita: subdeserto	rel:etymology	ita: sub-
ita: anglofilia	rel:etymology	ita: -filia
ita: religiosamente	rel:etymology	ita: -mente
ita: inginocchiamento	rel:etymology	ita: -mento
ita: mixaggio	rel:etymology	ita: -aggio
ita: impolitico	rel:etymology	ita: im-
ita: trampoliere	rel:etymology	ita: trampolo
ita: anticostituzionalmente	rel:etymology	ita: -mente
ita: stereogramma	rel:etymology	ita: -gramma
ita: incriticabile	rel:etymology	ita: criticabile
ita: enologia	rel:etymology	ita: -logia
ita: monocromatismo	rel:etymology	ita: cromatismo
ita: subagente	rel:etymology	ita: sub-
ita: biscugino	rel:etymology	ita: bis-
ita: preraffreddare	rel:etymology	ita: pre-
ita: ritmologia	rel:etymology	ita: -logia
ita: gestibile	rel:etymology	ita: gestire
ita: addestrabilità	rel:etymology	ita: addestrabile
ita: gastroepatico	rel:etymology	ita: gastro-
ita: iperattivo	rel:etymology	ita: iper-
ita: sborsare	rel:etymology	ita: borsa
ita: banalità	rel:etymology	ita: banale
ita: miseria	rel:etymology	ita: -eria
ita: eliomagnetismo	rel:etymology	ita: magnetismo
ita: cinefilia	rel:etymology	ita: -filia
ita: giurisdizionalmente	rel:etymology	ita: giurisdizionale
ita: novello	rel:etymology	lat: novellus
ita: autista	rel:etymology	ita: autismo
ita: radichetta	rel:etymology	ita: radice
ita: coniugabile	rel:etymology	ita: -abile
ita: fralezza	rel:etymology	ita: frale
ita: minibasket	rel:etymology	ita: basket
ita: eliotassia	rel:etymology	ita: -tassia
ita: granducale	rel:etymology	ita: -ale
ita: semiperiferia	rel:etymology	ita: periferia
ita: campitura	rel:etymology	ita: -tura
ita: caratterologico	rel:etymology	ita: carattere
ita: algologia	rel:etymology	ita: algo-
ita: cataclasi	rel:etymology	ita: cata-
ita: gratitudine	rel:etymology	ita: grato
ita: biochimico	rel:etymology	ita: bio-
ita: pila	rel:etymology	lat: pila
ita: indefinibile	rel:etymology	ita: in-
ita: sfoglietta	rel:etymology	ita: -etta
ita: monocolore	rel:etymology	ita: colore
ita: tracheobronchite	rel:etymology	ita: tracheo-
ita: dopoché	rel:etymology	ita: dopo-
ita: totalizzatore	rel:etymology	ita: -tore
ita: fuoricorso	rel:etymology	ita: corso
ita: pentadattilo	rel:etymology	ita: -dattilo
ita: cicloeptano	rel:etymology	ita: eptano
ita: paravenoso	rel:etymology	ita: para-
ita: pubblicizzazione	rel:etymology	ita: -zione
ita: impietoso	rel:etymology	ita: im-
ita: ottuplo	rel:etymology	lat: octuplus
ita: spregiatrice	rel:etymology	ita: spregiare
ita: impalatura	rel:etymology	ita: impalare
ita: aerostatico	rel:etymology	ita: -statico
ita: impurezza	rel:etymology	ita: -ezza
ita: frigorista	rel:etymology	ita: frigo-
ita: acquifero	rel:etymology	ita: -ifero
ita: desonorizzare	rel:etymology	ita: de-
ita: duo	rel:etymology	lat: duo
ita: fitoparassitologia	rel:etymology	ita: parassitologia
ita: articolabile	rel:etymology	ita: -abile
ita: coltellinaio	rel:etymology	ita: coltellino
ita: dermatite	rel:etymology	ita: derma-
ita: sostentatore	rel:etymology	ita: sostentare
ita: carioplasma	rel:etymology	ita: cario-
ita: affidabile	rel:etymology	ita: -abile
ita: antibloccaggio	rel:etymology	ita: bloccaggio
ita: modicamente	rel:etymology	ita: -mente
ita: castigatezza	rel:etymology	ita: castigato
ita: maroso	rel:etymology	ita: -oso
ita: aerofonista	rel:etymology	ita: aero-
ita: fenolato	rel:etymology	ita: -ato
ita: postelementare	rel:etymology	ita: elementare
ita: viroide	rel:etymology	ita: -oide
ita: impercorribilità	rel:etymology	ita: -ità
ita: narcoterrorismo	rel:etymology	ita: narco-
ita: lardellatura	rel:etymology	ita: lardellare
ita: elettrometallurgico	rel:etymology	ita: metallurgico
ita: scrittore	rel:etymology	lat: scriptor
ita: musicoterapista	rel:etymology	ita: terapista
ita: velaio	rel:etymology	ita: -aio
ita: premiabile	rel:etymology	ita: premiare
ita: rumoreggiamento	rel:etymology	ita: -mento
ita: luminosamente	rel:etymology	ita: -mente
ita: sudiceria	rel:etymology	ita: sudicio
ita: barcaiolo	rel:etymology	ita: barca
ita: scafoide	rel:etymology	ita: scafo
ita: emocito	rel:etymology	ita: -cito
ita: raddolcimento	rel:etymology	ita: -mento
ita: digitale	rel:etymology	lat: digitālis
ita: sitologo	rel:etymology	ita: -logo
ita: grassaggio	rel:etymology	ita: -aggio
ita: rinofaringe	rel:etymology	ita: faringe
ita: gastropatia	rel:etymology	ita: -patia
ita: zincotipista	rel:etymology	ita: -tipista
ita: avicoltura	rel:etymology	ita: -coltura
ita: spettrografia	rel:etymology	ita: -grafia
ita: traspirabilità	rel:etymology	ita: traspirabile
ita: parzializzabile	rel:etymology	ita: -abile
ita: fuorimisura	rel:etymology	ita: fuori-
ita: pelletteria	rel:etymology	ita: pelle
ita: omolitico	rel:etymology	ita: litico
ita: nascondere	rel:etymology	lat: inabscondere
ita: fienile	rel:etymology	ita: fieno
ita: cannoso	rel:etymology	ita: canna
ita: indicizzare	rel:etymology	ita: indice
ita: osculazione	rel:etymology	ita: osculare
ita: oligonucleotidico	rel:etymology	ita: oligo-
ita: meticolosamente	rel:etymology	ita: meticoloso
ita: ingigantimento	rel:etymology	ita: -mento
ita: grabar	rel:etymology	hye: գրաբար
ita: piscicoltura	rel:etymology	ita: ?
ita: paracalli	rel:etymology	ita: para-
ita: batterioterapia	rel:etymology	ita: -terapia
ita: mazzolata	rel:etymology	ita: -ata
ita: limonicoltore	rel:etymology	ita: limone
ita: verticalità	rel:etymology	ita: verticale
ita: sottocute	rel:etymology	ita: sotto-
ita: albuminoide	rel:etymology	ita: -oide
ita: ultimabile	rel:etymology	ita: ultimare
ita: nembifero	rel:etymology	ita: nembo
ita: desiosamente	rel:etymology	ita: desioso
ita: minimosca	rel:etymology	ita: mini-
ita: spassosamente	rel:etymology	ita: -mente
ita: boriosità	rel:etymology	ita: -ità
ita: instauratore	rel:etymology	ita: -tore
ita: ricongelamento	rel:etymology	ita: congelamento
ita: volgarizzatore	rel:etymology	ita: -tore
ita: autoarticolato	rel:etymology	ita: articolato
ita: androgino	rel:etymology	ita: -gino
ita: zanzaricida	rel:etymology	ita: zanzara
ita: antipioggia	rel:etymology	ita: pioggia
ita: imperativamente	rel:etymology	ita: -mente
ita: il	rel:etymology	ita: lo
ita: pastorizzazione	rel:etymology	ita: -zione
ita: irresolutezza	rel:etymology	ita: -ezza
ita: compensabilità	rel:etymology	ita: -ità
ita: avicolo	rel:etymology	ita: avi-
ita: ottimizzazione	rel:etymology	ita: -zione
ita: controesodo	rel:etymology	ita: esodo
ita: indefettibile	rel:etymology	ita: in-
ita: bellino	rel:etymology	ita: -ellino
ita: disugualmente	rel:etymology	ita: disuguale
ita: asparageto	rel:etymology	ita: asparago
ita: sanitarista	rel:etymology	ita: -ista
ita: apritoio	rel:etymology	ita: aprire
ita: condrosarcoma	rel:etymology	ita: sarcoma
ita: bigiotteria	rel:etymology	ita: -eria
ita: emofilia	rel:etymology	ita: emo-
ita: oscenamente	rel:etymology	ita: osceno
ita: palatalizzazione	rel:etymology	ita: palatalizzare
ita: sentire	rel:etymology	lat: sentire
ita: difendere	rel:etymology	lat: defendere
ita: vicino	rel:etymology	lat: vicinus
ita: blastogenesi	rel:etymology	ita: blasto-
ita: timpanismo	rel:etymology	ita: timpano
ita: avicoltore	rel:etymology	ita: ?
ita: tariffa	rel:etymology	ara: تعاريف
ita: zoofisiologia	rel:etymology	ita: fisiologia
ita: insolcabile	rel:etymology	ita: solcabile
ita: fotocolor	rel:etymology	ita: colore
ita: podio	rel:etymology	lat: podium
ita: profetizzare	rel:etymology	ita: profeta
ita: colorabile	rel:etymology	lat: colorabilis
ita: mossiere	rel:etymology	ita: mossa
ita: cristallizzare	rel:etymology	ita: cristallo
ita: argenteria	rel:etymology	ita: argento
ita: spettrofotometria	rel:etymology	ita: spettro-
ita: somatizzare	rel:etymology	ita: somatico
ita: indeprecabile	rel:etymology	lat: indeprecabilis
ita: leggero	rel:etymology	ita: legier
ita: forbiciaio	rel:etymology	ita: forbici
ita: invariabilità	rel:etymology	ita: invariabile
ita: precisabile	rel:etymology	ita: precisare
ita: idiopatia	rel:etymology	ita: idio-
ita: paradontologia	rel:etymology	ita: para-
ita: nocibile	rel:etymology	lat: nocibilis
ita: affilatoio	rel:etymology	ita: -toio
ita: polverificio	rel:etymology	ita: -ificio
ita: troticoltore	rel:etymology	ita: -coltore
ita: premolare	rel:etymology	ita: molare
ita: labilmente	rel:etymology	ita: -mente
ita: vivificazione	rel:etymology	ita: vivificare
ita: rapimento	rel:etymology	ita: -mento
ita: microlitro	rel:etymology	ita: micro-
ita: rinoscopia	rel:etymology	ita: rino-
ita: stancabile	rel:etymology	ita: -abile
ita: semibrado	rel:etymology	ita: semi-
ita: granatiere	rel:etymology	ita: -iere
ita: computabilità	rel:etymology	ita: computabile
ita: amoroso	rel:etymology	ita: -oso
ita: trepidanza	rel:etymology	ita: trepido
ita: caditoia	rel:etymology	ita: cadere
ita: mortadella	rel:etymology	lat: murtatum
ita: carlista	rel:etymology	ita: Carlo
ita: segaiolo	rel:etymology	ita: sega
ita: liposolubile	rel:etymology	ita: solubile
ita: maxiprocesso	rel:etymology	ita: maxi-
ita: fotosfera	rel:etymology	ita: foto-
ita: fotocoagulazione	rel:etymology	ita: foto-
ita: pasticciaccio	rel:etymology	ita: pasticcio
ita: amilasi	rel:etymology	ita: amile
ita: meccanicisticamente	rel:etymology	ita: -mente
ita: lamentoso	rel:etymology	lat: lamentosus
ita: soprannazionalità	rel:etymology	ita: -ità
ita: eretto	rel:etymology	lat: erectus
ita: frequenzimetro	rel:etymology	ita: frequenza
ita: riproduttività	rel:etymology	ita: -ità
ita: bronchiolite	rel:etymology	ita: bronchiolo
ita: enigmaticità	rel:etymology	ita: -ità
ita: visualmente	rel:etymology	ita: -mente
ita: temibilmente	rel:etymology	ita: temibile
ita: brulé	rel:etymology	fra: brûlé
ita: memorizzazione	rel:etymology	ita: -zione
ita: adombrare	rel:etymology	lat: adumbrare
ita: retrotrasposone	rel:etymology	ita: trasposone
ita: beneplacito	rel:etymology	ita: bene-
ita: ovoviviparo	rel:etymology	ita: viviparo
ita: raddrizzabile	rel:etymology	ita: raddrizzare
ita: gradualista	rel:etymology	ita: -ista
ita: supersonico	rel:etymology	ita: super-
ita: passatoia	rel:etymology	ita: passare
ita: barbicazione	rel:etymology	ita: barbicare
ita: italofilo	rel:etymology	ita: -filo
ita: incolpevolezza	rel:etymology	ita: -ezza
ita: attualizzare	rel:etymology	ita: attuale
ita: sovradimensionare	rel:etymology	ita: dimensionare
ita: incontrollabilmente	rel:etymology	ita: -mente
ita: cangiabile	rel:etymology	ita: -abile
ita: capodipartimento	rel:etymology	ita: dipartimento
ita: neghittosità	rel:etymology	ita: neghittoso
ita: menorrea	rel:etymology	ita: -rrea
ita: zootomia	rel:etymology	ita: -tomia
ita: bidonville	rel:etymology	fra: bidonville
ita: caporetto	rel:etymology	ita: capo-
ita: paleozoologia	rel:etymology	ita: paleo-
ita: impallinamento	rel:etymology	ita: impallinare
ita: videoclip	rel:etymology	ita: clip
ita: fortunello	rel:etymology	ita: fortuna
ita: anterogrado	rel:etymology	ita: -grado
ita: microminiaturizzare	rel:etymology	ita: micro-
ita: subatomico	rel:etymology	ita: atomico
ita: tirolese	rel:etymology	ita: -ese
ita: aquilotto	rel:etymology	ita: aquila
ita: lucido	rel:etymology	lat: lucidus
ita: ferruginosità	rel:etymology	ita: -ità
ita: prociclico	rel:etymology	ita: ciclico
ita: superlativamente	rel:etymology	ita: -mente
ita: intercambiabilmente	rel:etymology	ita: -mente
ita: popolosità	rel:etymology	ita: popoloso
ita: cocco	rel:etymology	por: coco
ita: demonetizzare	rel:etymology	ita: moneta
ita: animabile	rel:etymology	ita: animare
ita: neurospasmo	rel:etymology	ita: neuro-
ita: cadmiatura	rel:etymology	ita: -tura
ita: modulatamente	rel:etymology	ita: modulato
ita: vanagloriosamente	rel:etymology	ita: vanaglorioso
ita: sovvenzionamento	rel:etymology	ita: -mento
ita: calzoleria	rel:etymology	ita: calzolaio
ita: estendibilità	rel:etymology	ita: estendibile
ita: censurabilità	rel:etymology	ita: -ità
ita: moabitico	rel:etymology	ita: moabita
ita: obliteratore	rel:etymology	ita: -tore
ita: inedificabilità	rel:etymology	ita: inedificabile
ita: panislamico	rel:etymology	ita: pan-
ita: torcitore	rel:etymology	ita: -tore
ita: mimeticamente	rel:etymology	ita: -mente
ita: radioterapia	rel:etymology	ita: -terapia
ita: transaminazione	rel:etymology	ita: trans-
ita: rasposo	rel:etymology	ita: raspa
ita: impacciatamente	rel:etymology	ita: -mente
ita: modellamento	rel:etymology	ita: -mento
ita: reostato	rel:etymology	ita: reo-
ita: antropogenico	rel:etymology	ita: -genico
ita: tripodia	rel:etymology	ita: -podia
ita: dissolutezza	rel:etymology	ita: dissoluto
ita: suavità	rel:etymology	ita: -ità
ita: isotopia	rel:etymology	ita: iso-
ita: galvanoplastico	rel:etymology	ita: galvano-
ita: bicentennale	rel:etymology	ita: centennale
ita: glittografico	rel:etymology	ita: -grafico
ita: bellino	rel:etymology	ita: bello
ita: impercepibile	rel:etymology	ita: im-
ita: eptasillabo	rel:etymology	ita: epta-
ita: elettrometrico	rel:etymology	ita: elettro-
ita: catturatore	rel:etymology	ita: -tore
ita: mungitoio	rel:etymology	ita: mungere
ita: contrattile	rel:etymology	ita: contra-
ita: sottocutaneo	rel:etymology	ita: sotto-
ita: sfigurare	rel:etymology	ita: figurare
ita: prospetticamente	rel:etymology	ita: -mente
ita: corbellatura	rel:etymology	ita: corbellare
ita: irrotazionale	rel:etymology	ita: rotazionale
ita: linfogranuloma	rel:etymology	ita: granuloma
ita: fioraio	rel:etymology	ita: fiore
ita: soprelevazione	rel:etymology	ita: sopr-
ita: molluschicoltore	rel:etymology	ita: -coltore
ita: istologico	rel:etymology	ita: isto-
ita: radiotaxi	rel:etymology	ita: radio-
ita: petrarchescamente	rel:etymology	ita: -mente
ita: tayloristico	rel:etymology	ita: -istico
ita: cicloserina	rel:etymology	ita: serina
ita: semiprofessionista	rel:etymology	ita: professionista
ita: neoliberalismo	rel:etymology	ita: liberalismo
ita: inconsistentemente	rel:etymology	ita: -mente
ita: elettrofisiologico	rel:etymology	ita: fisiologico
ita: proponibilità	rel:etymology	ita: -ità
ita: dermatologo	rel:etymology	ita: dermato-
ita: extrasistole	rel:etymology	ita: sistole
ita: raffrenabile	rel:etymology	ita: raffrenare
ita: inumidimento	rel:etymology	ita: -mento
ita: prefissale	rel:etymology	ita: -ale
ita: filoviario	rel:etymology	ita: filo-
ita: smascheramento	rel:etymology	ita: -mento
ita: etnologia	rel:etymology	ita: -logia
ita: interarme	rel:etymology	ita: inter-
ita: lottizzare	rel:etymology	ita: lotto
ita: imprevidentemente	rel:etymology	ita: imprevidente
ita: tomografo	rel:etymology	ita: tomo-
ita: aurico	rel:etymology	ita: auri-
ita: autoflagellazione	rel:etymology	ita: auto-
ita: osteodistrofia	rel:etymology	ita: osteo-
ita: ammaestrabile	rel:etymology	ita: -abile
ita: inattaccabilità	rel:etymology	ita: -ità
ita: pedologia	rel:etymology	ita: -logia
ita: ambire	rel:etymology	lat: ambire
ita: anticanceroso	rel:etymology	ita: canceroso
ita: oftalmoscopia	rel:etymology	ita: -scopia
ita: silologia	rel:etymology	ita: silo-
ita: psicoterapeuticamente	rel:etymology	ita: psicoterapeutico
ita: anfiartrosi	rel:etymology	ita: artrosi
ita: microfunzione	rel:etymology	ita: funzione
ita: novella	rel:etymology	lat: novella
ita: chiromanzia	rel:etymology	ita: chiro-
ita: pressantemente	rel:etymology	ita: pressante
ita: logicista	rel:etymology	ita: logica
ita: epidemicità	rel:etymology	ita: epidemico
ita: autoalimentarsi	rel:etymology	ita: auto-
ita: capomacchinista	rel:etymology	ita: capo-
ita: criptografia	rel:etymology	ita: -grafia
ita: macrostomia	rel:etymology	ita: -stomia
ita: epatobiliare	rel:etymology	ita: epato-
ita: rescindibilità	rel:etymology	ita: rescindibile
ita: mafioso	rel:etymology	ita: mafia
ita: complicatamente	rel:etymology	ita: -mente
ita: lodabilità	rel:etymology	ita: lodabile
ita: variatore	rel:etymology	ita: variare
ita: superalimentazione	rel:etymology	ita: alimentazione
ita: cromosferico	rel:etymology	ita: sferico
ita: lessicografia	rel:etymology	ita: lessico-
ita: latino	rel:etymology	lat: latinus
ita: broncoscopia	rel:etymology	ita: bronco
ita: indecidibile	rel:etymology	ita: in-
ita: sanare	rel:etymology	lat: sanare
ita: reindirizzare	rel:etymology	ita: indirizzare
ita: mezzità	rel:etymology	ita: mezzo
ita: multiuso	rel:etymology	ita: multi-
ita: ospitabile	rel:etymology	ita: -abile
ita: ampiezza	rel:etymology	ita: ampio
ita: russificazione	rel:etymology	ita: russificare
ita: omodiegetico	rel:etymology	ita: omo-
ita: ibridamente	rel:etymology	ita: -mente
ita: dilettantesco	rel:etymology	ita: -esco
ita: musicomania	rel:etymology	ita: -mania
ita: incannatoio	rel:etymology	ita: incannare
ita: aerobiologia	rel:etymology	ita: bio-
ita: pluvioscopio	rel:etymology	ita: pluvio-
ita: oleomargarina	rel:etymology	ita: margarina
ita: ideologia	rel:etymology	ita: -logia
ita: osteolisi	rel:etymology	ita: osteo-
ita: xenofilia	rel:etymology	ita: xeno-
ita: isterotomia	rel:etymology	ita: -tomia
ita: scatolame	rel:etymology	ita: scatola
ita: osteopata	rel:etymology	ita: -pata
ita: gerontocrazia	rel:etymology	ita: -crazia
ita: renosità	rel:etymology	ita: renoso
ita: mesogastrio	rel:etymology	ita: meso-
ita: zoografia	rel:etymology	ita: zoo-
ita: degnità	rel:etymology	ita: degno
ita: malvagità	rel:etymology	ita: malvagio
ita: televisione	rel:etymology	ita: tele-
ita: novenne	rel:etymology	ita: nove
ita: mieloso	rel:etymology	ita: -oso
ita: epidurale	rel:etymology	ita: epi-
ita: criptoportico	rel:etymology	ita: portico
ita: dattiloscopia	rel:etymology	ita: dattilo-
ita: eversivamente	rel:etymology	ita: eversivo
ita: valorizzazione	rel:etymology	ita: valorizzare
ita: barometro	rel:etymology	ita: baro-
ita: misurabile	rel:etymology	ita: misurare
ita: tendere	rel:etymology	lat: tendere
ita: soprammanica	rel:etymology	ita: sopra-
ita: scadenzare	rel:etymology	ita: scadenza
ita: geometrizzare	rel:etymology	ita: geometria
ita: esafluoruro	rel:etymology	ita: esa-
ita: motobarca	rel:etymology	ita: moto-
ita: oloturia	rel:etymology	ita: olo-
ita: balistica	rel:etymology	ita: balista
ita: imprendibile	rel:etymology	ita: im-
ita: ortogonale	rel:etymology	ita: orto-
ita: oblato	rel:etymology	lat: oblatus
ita: oppugnabilità	rel:etymology	ita: oppugnabile
ita: bottegaio	rel:etymology	ita: bottega
ita: scolasticità	rel:etymology	ita: scolastico
ita: raffrontamento	rel:etymology	ita: raffrontare
ita: biconvesso	rel:etymology	ita: convesso
ita: aviotrasportabile	rel:etymology	ita: avio-
ita: raccorderia	rel:etymology	ita: -eria
ita: risparmioso	rel:etymology	ita: -oso
ita: pulitore	rel:etymology	ita: pulire
ita: medioteca	rel:etymology	ita: medio-
ita: recordista	rel:etymology	ita: -ista
ita: microfiltrazione	rel:etymology	ita: filtrazione
ita: caporedattore	rel:etymology	ita: capo-
ita: adoprabile	rel:etymology	ita: adoprare
ita: potabile	rel:etymology	lat: potabĭlis
ita: tonsillectomia	rel:etymology	ita: tonsille
ita: sturamento	rel:etymology	ita: sturare
ita: sviluppare	rel:etymology	ita: s-
ita: intersessualità	rel:etymology	ita: -ità
ita: propiziamente	rel:etymology	ita: -mente
ita: aracnoide	rel:etymology	ita: -oide
ita: colloquialismo	rel:etymology	ita: colloquiale
ita: caldo	rel:etymology	lat: caldus
ita: distaccabile	rel:etymology	ita: distaccare
ita: iperdulia	rel:etymology	ita: dulia
ita: megahertz	rel:etymology	ita: hertz
ita: cordatrice	rel:etymology	ita: -trice
ita: capomafia	rel:etymology	ita: mafia
ita: fondatamente	rel:etymology	ita: -mente
ita: decomponibile	rel:etymology	ita: -ibile
ita: correttezza	rel:etymology	ita: -ezza
ita: annullabilità	rel:etymology	ita: -ità
ita: neologista	rel:etymology	ita: -logista
ita: parruccaio	rel:etymology	ita: parrucca
ita: mellifago	rel:etymology	ita: melli-
ita: drammatizzare	rel:etymology	ita: -izzare
ita: citopatologia	rel:etymology	ita: cito-
ita: incastratura	rel:etymology	ita: incastrare
ita: artefattamente	rel:etymology	ita: -mente
ita: antirabbico	rel:etymology	ita: anti-
ita: riconduzione	rel:etymology	ita: ri-
ita: retroagire	rel:etymology	ita: agire
ita: sferometro	rel:etymology	ita: sfera
ita: incatramatura	rel:etymology	ita: incatramare
ita: asciugare	rel:etymology	lat: exsucare
ita: irriducibile	rel:etymology	ita: in-
ita: competentemente	rel:etymology	ita: -mente
ita: ectomia	rel:etymology	ita: -tomia
ita: stiracchiatura	rel:etymology	ita: -tura
ita: espugnare	rel:etymology	lat: expugnare
ita: deformabilità	rel:etymology	ita: -ità
ita: galeria	rel:etymology	Geç Latince: galileia 
ita: osteoarticolare	rel:etymology	ita: articolare
ita: immanentismo	rel:etymology	ita: immanente
ita: avanguardismo	rel:etymology	ita: avanguardia
ita: deschetto	rel:etymology	ita: -etto
ita: burroso	rel:etymology	ita: -oso
ita: semplicisticamente	rel:etymology	ita: -mente
ita: anticancerogeno	rel:etymology	ita: cancerogeno
ita: automezzo	rel:etymology	ita: mezzo
ita: ricongelamento	rel:etymology	ita: ri-
ita: permaculturale	rel:etymology	ita: -ale
ita: extraatmosferico	rel:etymology	ita: extra-
ita: esagono	rel:etymology	ita: -gono
ita: eritrofobia	rel:etymology	ita: -fobia
ita: ristampabile	rel:etymology	ita: -abile
ita: sottoscrizione	rel:etymology	ita: -scrizione
ita: etmoide	rel:etymology	ita: -oide
ita: nostalgia	rel:etymology	ita: -algia
ita: corticosterone	rel:etymology	ita: cortico-
ita: psicolinguistica	rel:etymology	ita: linguistica
ita: cupamente	rel:etymology	ita: cupo
ita: trilinguismo	rel:etymology	ita: -ismo
ita: talassologia	rel:etymology	ita: -logia
ita: protervità	rel:etymology	ita: -ità
ita: ormonoterapia	rel:etymology	ita: -terapia
ita: lacrimoso	rel:etymology	lat: lacrimosus
ita: danarosamente	rel:etymology	ita: danaroso
ita: controesodo	rel:etymology	ita: contro-
ita: secondamento	rel:etymology	ita: secondare
ita: enotecnica	rel:etymology	ita: -tecnica
ita: micologico	rel:etymology	ita: -logico
ita: principescamente	rel:etymology	ita: principesco
ita: elettrocontabile	rel:etymology	ita: contabile
ita: ninfetta	rel:etymology	ita: -etta
ita: vulcanizzabile	rel:etymology	ita: vulcanizzare
ita: subacqueo	rel:etymology	ita: acqueo
ita: aereazione	rel:etymology	ita: -zione
ita: riosservare	rel:etymology	ita: ri-
ita: geomagnetismo	rel:etymology	ita: magnetismo
ita: antropometro	rel:etymology	ita: -metro
ita: neoclassico	rel:etymology	ita: neo-
ita: ultradestra	rel:etymology	ita: destra
ita: salceto	rel:etymology	ita: salce
ita: eurocentrico	rel:etymology	ita: -centrico
ita: onoratamente	rel:etymology	ita: -mente
ita: telecronista	rel:etymology	ita: tele-
ita: isomorfico	rel:etymology	ita: -morfico
ita: radiogrammofono	rel:etymology	ita: grammofono
ita: pretorile	rel:etymology	ita: pretore
ita: corniola	rel:etymology	lat: cornus
ita: mitridatismo	rel:etymology	ita: -ismo
ita: incancellabile	rel:etymology	ita: in-
ita: ipercloridria	rel:etymology	ita: cloridria
ita: passionista	rel:etymology	ita: -ista
ita: incombustibilità	rel:etymology	ita: -ità
ita: tonalizzazione	rel:etymology	ita: -zione
ita: segabile	rel:etymology	ita: -abile
ita: compostezza	rel:etymology	ita: -ezza
ita: insensibile	rel:etymology	lat: insensibilis
ita: magnetomotore	rel:etymology	ita: motore
ita: portanza	rel:etymology	ita: portare
