fas: آب	rel:etymology	pal: 𐭠𐭯
fas: آباد	rel:etymology	pal: 𐭠𐭬𐭠𐭲
fas: آبان	rel:etymology	pal: 𐭠𐭡𐭠𐭭
fas: آباژور	rel:etymology	fra: abat-jour
fas: آبراهامیان	rel:etymology	hye: Աբրահամյան
fas: آبلیمو	rel:etymology	fas: آب
fas: آبلیمو	rel:etymology	fas: لیمو
fas: آبنوس	rel:etymology	grc: ἔβενος
fas: آبکاری	rel:etymology	fas: آبکار
fas: آخر	rel:etymology	ara: آخر
fas: آخرت	rel:etymology	ara: الآخرة
fas: آخیز	rel:etymology	xcl: աղիւս
fas: آداب	rel:etymology	ara: آداب
fas: آدامس	rel:etymology	eng: Adams
fas: آدم	rel:etymology	ara: آدم
fas: آراستن	rel:etymology	pal: 𐭠𐭫𐭠𐭮𐭲𐭭𐭩
fas: آرتور	rel:etymology	eng: Arthur
fas: آرشیو	rel:etymology	fra: archives
fas: آرژانتین	rel:etymology	fra: Argentine
fas: آزاد	rel:etymology	pal: 𐭠𐭦𐭠𐭲
fas: آسان	rel:etymology	pal: 𐭠𐭮𐭠𐭭
fas: آسانسور	rel:etymology	fra: ascenseur
fas: آسمان	rel:etymology	pal: 𐭠𐭮𐭬𐭠𐭭
fas: آسمانخراش	rel:etymology	fas: آسمان
fas: آسمانخراش	rel:etymology	fas: خراش
fas: آشتی	rel:etymology	pal: 𐭠𐭱𐭲𐭩𐭧
fas: آغا	rel:etymology	tur: ağa
fas: آغاز	rel:etymology	fas: آغوز
fas: آفت	rel:etymology	ara: آفَة
fas: آفرین	rel:etymology	pal: 𐭠𐭯𐭥𐭩𐭭
fas: آقا	rel:etymology	tur: ağa
fas: آلت	rel:etymology	ara: آلة
fas: آلیاژ	rel:etymology	fra: alliage
fas: آمپول	rel:etymology	fra: ampoule
fas: آمین	rel:etymology	ara: آمين
fas: آناتولی	rel:etymology	rus: Анатолий
fas: آنتروپی	rel:etymology	fra: entropie
fas: آنجا	rel:etymology	fas: آن
fas: آنجا	rel:etymology	fas: جا
fas: آنجلا	rel:etymology	eng: Angela
fas: آنگلا	rel:etymology	deu: Angela
fas: آواز	rel:etymology	pal: 𐭥𐭠𐭦
fas: آوریل	rel:etymology	fra: avril
fas: آپارتمان	rel:etymology	fra: appartement
fas: آژان	rel:etymology	fra: agent
fas: آژان پرووکاتور	rel:etymology	fra: agent provocateur
fas: آژانس	rel:etymology	fra: agence
fas: آژیر	rel:etymology	fra: agir
fas: آیات	rel:etymology	ara: آيات
fas: آیت‌الله	rel:etymology	ara: آية الله
fas: آیه	rel:etymology	ara: آية
fas: أفيون	rel:etymology	grc: ὄπιον
fas: ائتلاف	rel:etymology	ara: ائتلاف
fas: اب	rel:etymology	ara: اب
fas: ابتدا	rel:etymology	ara: ابتداء
fas: ابد	rel:etymology	ara: ابد
fas: ابراهیم	rel:etymology	ara: إبراهيم
fas: ابرنواختر	rel:etymology	fas: ابر
fas: ابرنواختر	rel:etymology	fas: اختر
fas: ابرنواختر	rel:etymology	fas: نو
fas: ابریشم	rel:etymology	pal: 𐭠𐭯𐭫𐭩𐭱𐭬
fas: ابریق	rel:etymology	ara: إبريق
fas: ابله	rel:etymology	ara: أبله
fas: ابلیس	rel:etymology	ara: إبليس
fas: اتازونی	rel:etymology	fra: États-Unis
fas: اتریش	rel:etymology	fra: Autriche
fas: اتصال	rel:etymology	ara: اتصال
fas: اتفاق	rel:etymology	ara: إتفاق
fas: اتهام	rel:etymology	ara: اتهام
fas: اتوبوس	rel:etymology	fra: autobus
fas: اثبات	rel:etymology	ara: إثبات
fas: اثر	rel:etymology	ara: أثر
fas: اجازه	rel:etymology	ara: اجازة
fas: اجاق	rel:etymology	tur: ocak
fas: اجناس	rel:etymology	ara: أَجْنَاس
fas: اجنبی	rel:etymology	ara: اجنبي
fas: احترام	rel:etymology	ara: احترام
fas: احتلام	rel:etymology	ara: احتلام
fas: احساس	rel:etymology	ara: إحساس
fas: احسان	rel:etymology	ara: إحسان
fas: احمق	rel:etymology	ara: أحمق
fas: اخبار	rel:etymology	ara: أخبار
fas: اختر	rel:etymology	pal: 𐭠𐭧𐭲𐭥
fas: اخترمار	rel:etymology	pal: 𐭠𐭧𐭲𐭥𐭬𐭠𐭥
fas: اختیار	rel:etymology	ara: إختيار
fas: اخذ	rel:etymology	ara: أخذ
fas: ادا	rel:etymology	ara: اداء
fas: اداره	rel:etymology	ara: إدارة
fas: ادبی	rel:etymology	fas: ادب
fas: ادبی	rel:etymology	fas: ی
fas: ادبیات	rel:etymology	ara: أدبيات
fas: ادویه	rel:etymology	ara: ادوية
fas: اذان	rel:etymology	ara: أذان
fas: اذن	rel:etymology	ara: إذن
fas: اذیت	rel:etymology	ara: اذية
fas: اراده	rel:etymology	ara: إرادة
fas: ارتداد	rel:etymology	ara: '''اِرْتِداد'''
fas: ارتعاش	rel:etymology	ara: ارتعاش
fas: ارتفاع	rel:etymology	ara: ارتفاع
fas: اردشیر	rel:etymology	pal: 𐭠𐭥𐭲𐭧𐭱𐭲𐭥
fas: اردن	rel:etymology	ara: الأردن
fas: ارسطو	rel:etymology	grc: Ἀριστοτέλης
fas: ارض	rel:etymology	ara: أرض
fas: ارغنون	rel:etymology	grc: ὄργανον
fas: ارمود	rel:etymology	fas: امرود
fas: ارگ	rel:etymology	fra: orgue
fas: ارگ	rel:etymology	pal: 𐭠𐭥𐭢
fas: اریحا	rel:etymology	ara: أريحا
fas: اریک	rel:etymology	eng: Eric
fas: اریگامی	rel:etymology	jpn: 折り紙
fas: از	rel:etymology	pal: 𐭬𐭭
fas: اسب	rel:etymology	pal: 𐭠𐭮𐭡
fas: است	rel:etymology	pal: 𐭠𐭩𐭲𐭩
fas: استاندار	rel:etymology	fas: استان
fas: استراتژی	rel:etymology	fra: stratégie
fas: استکام	rel:etymology	rus: стакан
fas: استیون	rel:etymology	eng: Stephen
fas: استیونسون	rel:etymology	eng: Stephenson
fas: اسفنج	rel:etymology	ara: إسفنج
fas: اسلام	rel:etymology	ara: اسلام
fas: اسم	rel:etymology	ara: اسم
fas: اسپ	rel:etymology	pal: 𐭠𐭮𐭡
fas: اسپریس	rel:etymology	pal: 𐭠𐭮𐭯𐭫𐭥𐭮
fas: اسپست	rel:etymology	pal: 𐭠𐭮𐭯𐭮𐭲
fas: اسکی	rel:etymology	fra: ski
fas: اسکیزوفرنی	rel:etymology	eng: schizophrenia
fas: اشاره	rel:etymology	ara: اشارة
fas: اشتقاق	rel:etymology	ara: اشتقاق
fas: اصغر	rel:etymology	ara: أصغر
fas: اصل	rel:etymology	ara: اصل
fas: اصلی	rel:etymology	ara: أصلي
fas: اضافه	rel:etymology	ara: إضافة
fas: اضداد	rel:etymology	ara: أضداد
fas: اعتبار	rel:etymology	ara: اعتبار
fas: اعتقاد	rel:etymology	ara: اعتقاد
fas: اعتیاد	rel:etymology	ara: اعتياد
fas: اعنی	rel:etymology	ara: اعني
fas: افکندن	rel:etymology	pal: 𐭫𐭬𐭩𐭲𐭭𐭲𐭭𐭩
fas: افیون	rel:etymology	grc: ὄπιον
fas: اقیانوس	rel:etymology	ara: أوقيانوس
fas: الاستیک	rel:etymology	fra: élastique
fas: الان	rel:etymology	ara: الآن
fas: الجزایر	rel:etymology	ara: الجزائر
fas: الفبا	rel:etymology	ara: الألفباء
fas: الفت	rel:etymology	ara: ألفة
fas: الله	rel:etymology	ara: الله
fas: الماس	rel:etymology	grc: ἀδάμας
fas: الکترون	rel:etymology	fra: électron
fas: الکترونیک	rel:etymology	fra: électronique
fas: اما	rel:etymology	ara: أما
fas: امام	rel:etymology	ara: إمام
fas: امامزاده	rel:etymology	fas: امام
fas: امامزاده	rel:etymology	fas: زاده
fas: امپراتور	rel:etymology	lat: imperator
fas: امپریالیسم	rel:etymology	fra: impérialisme
fas: امیر	rel:etymology	ara: أَمِير
fas: اناهیتا	rel:etymology	pal: 𐭠𐭭𐭠𐭤𐭲
fas: انتخاب	rel:etymology	ara: انتخاب
fas: انتظار	rel:etymology	ara: انتظار
fas: انتها	rel:etymology	ara: انتهاء
fas: انتگرال	rel:etymology	fra: intégrale
fas: اندر	rel:etymology	pal: 𐭡𐭩𐭭
fas: اندیشیدن	rel:etymology	pal: 𐭧𐭭𐭣𐭩𐭱𐭩𐭲𐭭
fas: انرژی	rel:etymology	fra: énergie
fas: انزال	rel:etymology	ara: إنزال
fas: انسان	rel:etymology	ara: انسان
fas: انسان کامل	rel:etymology	ara: الإنسان الكامل
fas: انسانی	rel:etymology	ara: إنْسَانِيّ
fas: انعام	rel:etymology	ara: إنعام
fas: انعکاس	rel:etymology	ara: إنعكاس
fas: انقلاب	rel:etymology	ara: إنقلاب
fas: انوار	rel:etymology	ara: أنوار
fas: ان‌شاءالله	rel:etymology	ara: إن شاء الله
fas: اهریمن	rel:etymology	pal: 𐭠𐭧𐭫𐭬𐭭𐭩
fas: اهورا	rel:etymology	ave: 𐬀𐬵𐬎𐬭𐬀
fas: اهورامزدا	rel:etymology	ave: 𐬀𐬵𐬎𐬭𐬀 𐬨𐬀𐬰𐬛𐬁
fas: اوت	rel:etymology	fra: août
fas: اوج	rel:etymology	ara: اوج
fas: اوردن	rel:etymology	fas: آوردن
fas: اورژانس	rel:etymology	fra: urgence
fas: اکتبر	rel:etymology	fra: octobre
fas: اکتشاف	rel:etymology	ara: اكتشاف
fas: اگر	rel:etymology	pal: 𐭧𐭲
fas: ایالت	rel:etymology	ara: إيالة
fas: ایام	rel:etymology	ara: أيام
fas: ایجاد	rel:etymology	ara: إيجاد
fas: ایزد	rel:etymology	ave: 𐬫𐬀𐬰𐬀𐬙𐬀
fas: ایمان	rel:etymology	ara: ايمان
fas: ایمان دار	rel:etymology	ara: ايمان
fas: ایمان‌دار	rel:etymology	ara: ايمان
fas: اینجا	rel:etymology	fas: این
fas: اینجا	rel:etymology	fas: جا
fas: باب	rel:etymology	ara: باب
fas: بابک	rel:etymology	pal: 𐭯𐭠𐭯𐭪𐭩
fas: باجی	rel:etymology	tur: bacı
fas: بادنجان	rel:etymology	san: भण्टाकी
fas: بادگیر	rel:etymology	fas: باد
fas: بادگیر	rel:etymology	fas: گیر
fas: باره	rel:etymology	pal: 𐭡𐭠𐭥𐭪
fas: بازار	rel:etymology	pal: vacar
fas: بازار	rel:etymology	pal: 𐭥𐭠𐭰𐭠𐭫
fas: بازرگانی	rel:etymology	fas: بازرگان
fas: بازرگانی	rel:etymology	fas: ی
fas: باغ	rel:etymology	pal: 𐭡𐭠𐭢
fas: بالکن	rel:etymology	fra: balcon
fas: بامداد	rel:etymology	pal: 𐭡𐭠𐭬𐭣𐭠𐭲
fas: بان	rel:etymology	pal: 𐭡𐭠𐭭
fas: بان	rel:etymology	pal: 𐭯𐭠𐭭
fas: بانداژ	rel:etymology	fra: bandage
fas: بانک	rel:etymology	fra: banque
fas: بانگ	rel:etymology	pal: 𐭥𐭠𐭭𐭢
fas: باژبان	rel:etymology	fas: باژ
fas: باژدار	rel:etymology	fas: باژ
fas: باکره	rel:etymology	ara: باكرة
fas: بحث	rel:etymology	ara: بحث
fas: بحر	rel:etymology	ara: بحر
fas: بحرین	rel:etymology	ara: بحرين
fas: بخت	rel:etymology	pal: 𐭡𐭧𐭲
fas: بخش	rel:etymology	pal: 𐭡𐭧𐭱
fas: بخشیدن	rel:etymology	fas: 𐭡𐭧𐭱𐭩𐭲𐭭
fas: بخشیش	rel:etymology	fas: بخشیدن
fas: بدن	rel:etymology	ara: بدن
fas: بدون	rel:etymology	ara: بدون
fas: بر	rel:etymology	pal: 𐭬𐭣𐭬
fas: برابر	rel:etymology	fas: ا
fas: برابر	rel:etymology	fas: بر
fas: برادر	rel:etymology	pal: 𐭡𐭥𐭠𐭣𐭥
fas: برج	rel:etymology	ara: برج
fas: برخوردار	rel:etymology	fas: ار
fas: برخوردار	rel:etymology	fas: برخورد
fas: برزخ	rel:etymology	ara: برزخ
fas: برس	rel:etymology	fra: brosse
fas: برف	rel:etymology	pal: 𐭥𐭯𐭫
fas: برق	rel:etymology	ara: برق
fas: برهنه‌گرایی	rel:etymology	fas: برهنه‌گرا
fas: برگشادن	rel:etymology	fas: بر
fas: برگشادن	rel:etymology	fas: گشادن
fas: برگشودن	rel:etymology	fas: بر
fas: برگشودن	rel:etymology	fas: گشودن
fas: بزباش	rel:etymology	aze: bozbaş
fas: بزرگ	rel:etymology	pal: 𐭥𐭰𐭥𐭫𐭢
fas: بشیر	rel:etymology	ara: بشير
fas: بعد	rel:etymology	ara: بعد
fas: بلا	rel:etymology	ara: بلاء
fas: بلاگ	rel:etymology	eng: blog
fas: بلبل	rel:etymology	ara: بلبل
fas: بلوز	rel:etymology	eng: blues
fas: بلوز	rel:etymology	fra: blouse
fas: بن	rel:etymology	ara: بن
fas: بنت	rel:etymology	ara: بنت
fas: بنجامین	rel:etymology	eng: Benjamin
fas: بندری	rel:etymology	fas: بندر
fas: بنگ	rel:etymology	pal: 𐭡𐭭𐭢
fas: به	rel:etymology	pal: 𐭯𐭥𐭭
fas: به سلامت	rel:etymology	fas: به
fas: به سلامت	rel:etymology	fas: سلامت
fas: بهار	rel:etymology	pal: 𐭥𐭧𐭠𐭫
fas: بهشت	rel:etymology	pal: 𐭥𐭧𐭱𐭲𐭩
fas: بهمان	rel:etymology	pal: 𐭥𐭠𐭧𐭬𐭠𐭭𐭩
fas: به‌آفرید	rel:etymology	fas: آفرید
fas: به‌آفرید	rel:etymology	fas: به
fas: بودجه	rel:etymology	fra: budget
fas: بورس	rel:etymology	fra: bourse
fas: بوسنی	rel:etymology	fra: Bosnie
fas: بوف	rel:etymology	pal: 𐭡𐭥𐭯
fas: بوفه	rel:etymology	fra: buffet
fas: بولیوی	rel:etymology	fra: Bolivie
fas: بوم	rel:etymology	ara: بوم
fas: بوم	rel:etymology	pal: 𐭡𐭥𐭬
fas: بکارت	rel:etymology	ara: بكارة
fas: بیابان	rel:etymology	fas: آب
fas: بیابان	rel:etymology	fas: ان
fas: بیابان	rel:etymology	fas: بی
fas: بیختن	rel:etymology	fas: 𐭥𐭩𐭧𐭲𐭭
fas: بیدادی	rel:etymology	fas: بی
fas: بیدادی	rel:etymology	fas: داد
fas: بیدادی	rel:etymology	fas: ی
fas: بیضه	rel:etymology	ara: بيضة
fas: بیل	rel:etymology	pal: 𐭡𐭩𐭫
fas: بیمار	rel:etymology	pal: 𐭥𐭩𐭬𐭠𐭫
fas: بین	rel:etymology	ara: بين
fas: بیوشیمی	rel:etymology	fra: biochimie
fas: بیولوژی	rel:etymology	fra: biologie
fas: تئاتر	rel:etymology	fra: théâtre
fas: تابستان	rel:etymology	pal: 𐭲𐭠𐭯𐭮𐭲𐭠𐭭
fas: تابع	rel:etymology	fas: تابع
fas: تاریخ	rel:etymology	ara: تاريخ
fas: تازی	rel:etymology	pal: 𐭲𐭠𐭰𐭩𐭪
fas: تازیک	rel:etymology	pal: 𐭲𐭠𐭰𐭩𐭪
fas: تاکتیک	rel:etymology	fra: tactique
fas: تجربه	rel:etymology	ara: تجربة
fas: تجمع	rel:etymology	ara: تجمع
fas: تحریک	rel:etymology	ara: تحريك
fas: تحفه	rel:etymology	ara: تحفة
fas: تحقیق	rel:etymology	ara: تحقيق
fas: ترافیک	rel:etymology	fra: trafic
fas: ترجمه	rel:etymology	ara: ترجمة
fas: ترسا	rel:etymology	pal: 𐭲𐭥𐭮𐭠𐭪
fas: ترمز	rel:etymology	rus: тормоз
fas: ترگمان	rel:etymology	ara: ترجمان
fas: تز	rel:etymology	fra: thèse
fas: تشکیل	rel:etymology	ara: تشكيل
fas: تصویر	rel:etymology	ara: تصوير
fas: تعارف	rel:etymology	ara: تعارف
fas: تغییر	rel:etymology	ara: تغيير
fas: تفاوت	rel:etymology	ara: تفاوت
fas: تفریح	rel:etymology	ara: تفريح
fas: تقریبا	rel:etymology	ara: تقريبا
fas: تقریباً	rel:etymology	ara: تقريبا
fas: تقصیر	rel:etymology	ara: تقصير
fas: تقویم	rel:etymology	ara: تقويم
fas: تلفن	rel:etymology	fra: téléphone
fas: تلویزیون	rel:etymology	fra: télévision
fas: تماته	rel:etymology	eng: tomato
fas: تمایل	rel:etymology	ara: تمايل
fas: تمبر	rel:etymology	fra: timbre
fas: تمیز	rel:etymology	ara: تمييز
fas: ته	rel:etymology	pal: 𐭲𐭧
fas: توالت	rel:etymology	fra: toilette
fas: توصیف	rel:etymology	ara: توصيف
fas: تولد	rel:etymology	ara: تولد
fas: توله‌سگ	rel:etymology	fas: توله
fas: توله‌سگ	rel:etymology	fas: سگ
fas: توماس	rel:etymology	eng: Thomas
fas: تومان	rel:etymology	mon: түмэн
fas: تونستن	rel:etymology	fas: توانستن
fas: تونسن	rel:etymology	fas: توانستن
fas: توپ	rel:etymology	tur: top
fas: توپولوژی	rel:etymology	fra: topologie
fas: تگرگ	rel:etymology	pal: 𐭲𐭪𐭫𐭢
fas: ثانیه	rel:etymology	ara: ثانية
fas: ثروت	rel:etymology	ara: ثروة
fas: ثمر	rel:etymology	ara: ثمر
fas: ثنویت	rel:etymology	ara: ثنوية
fas: جامعه	rel:etymology	ara: جامعة
fas: جاوید	rel:etymology	pal: 𐭩𐭠𐭥𐭩𐭨𐭩
fas: جبر	rel:etymology	ara: جبر
fas: جبل	rel:etymology	ara: جبل
fas: جثه	rel:etymology	ara: جثة
fas: جز	rel:etymology	ara: جزء
fas: جز	rel:etymology	ara: جزيرة
fas: جزا	rel:etymology	ara: جزاء
fas: جزیره	rel:etymology	ara: جزيرة
fas: جعفر	rel:etymology	ara: جعفر
fas: جلاد	rel:etymology	ara: جلاد
fas: جلد	rel:etymology	ara: جلد
fas: جلق	rel:etymology	ara: زلق
fas: جلوه	rel:etymology	ara: جلوة
fas: جماع	rel:etymology	ara: جماع
fas: جماعت	rel:etymology	ara: جماعة
fas: جمجمه	rel:etymology	ara: جمجمة
fas: جمع	rel:etymology	ara: جمع
fas: جمعه	rel:etymology	ara: الجمعة
fas: جمله	rel:etymology	ara: جملة
fas: جمهوری	rel:etymology	ara: جمهورية
fas: جنازه	rel:etymology	ara: جنازة
fas: جنس	rel:etymology	ara: جنس
fas: جنسی	rel:etymology	ara: جنسي
fas: جنوب	rel:etymology	ara: جنوب
fas: جنون	rel:etymology	ara: جنون
fas: جنگل	rel:etymology	san: जङ्गल
fas: جنین	rel:etymology	ara: جنين
fas: جهاد	rel:etymology	ara: جهاد
fas: جهنم	rel:etymology	ara: جهنم
fas: جهیز	rel:etymology	ara: جهاز
fas: جو	rel:etymology	ara: جو
fas: جواب	rel:etymology	ara: جواب
fas: جورج	rel:etymology	eng: George
fas: جوزف	rel:etymology	eng: Joseph
fas: جیب	rel:etymology	ara: جيب
fas: حاضر	rel:etymology	ara: حاضر
fas: حاکم	rel:etymology	ara: حاكم
fas: حبل	rel:etymology	ara: حبل
fas: حتماً	rel:etymology	ara: حتماً
fas: حتی	rel:etymology	ara: حتى
fas: حج	rel:etymology	ara: حج
fas: حجاب	rel:etymology	ara: حجاب
fas: حرف	rel:etymology	ara: حرف
fas: حرکت	rel:etymology	ara: حركة
fas: حسن	rel:etymology	ara: حسن
fas: حشیش	rel:etymology	ara: حشيش
fas: حفاظت	rel:etymology	ara: حفاظة
fas: حق	rel:etymology	ara: حق
fas: حقیقت	rel:etymology	ara: حقيقة
fas: حلقه	rel:etymology	ara: حلقة
fas: حلوا	rel:etymology	ara: حلوى
fas: حماس	rel:etymology	ara: حماس
fas: حنا	rel:etymology	ara: حِنَّاء
fas: حواری	rel:etymology	ara: حَوَارِيّ
fas: حوض	rel:etymology	ara: حوض
fas: حيوان	rel:etymology	ara: حيوان
fas: حکم	rel:etymology	ara: حَكَم
fas: حیات	rel:etymology	ara: حياة
fas: حیاتی	rel:etymology	fas: حیات
fas: حیرت	rel:etymology	ara: حيرة
fas: حیوان	rel:etymology	ara: حيوان
fas: حیوان	rel:etymology	ara: حَيَوَان
fas: خاج	rel:etymology	xcl: խաչ
fas: خارج	rel:etymology	ara: خارج
fas: خاص	rel:etymology	ara: خاص
fas: خاصه	rel:etymology	ara: خاصة
fas: خاطب	rel:etymology	ara: خاطب
fas: خاله	rel:etymology	ara: خالة
fas: خالو	rel:etymology	ara: خال
fas: خالی	rel:etymology	ara: خالي
fas: خانه	rel:etymology	pal: 𐭡𐭩𐭲𐭠
fas: خاک	rel:etymology	pal: 𐭧𐭠𐭪
fas: خاکستری	rel:etymology	fas: خاکستر
fas: خاکستری	rel:etymology	fas: ی
fas: خبر	rel:etymology	ara: خبر
fas: خبرنگار	rel:etymology	fas: خبر
fas: ختنه	rel:etymology	ara: ختنة
fas: خراب	rel:etymology	ara: خراب
fas: خرما	rel:etymology	pal: 𐭧𐭥𐭬𐭠𐭪
fas: خریطه	rel:etymology	ara: خريطة
fas: خسیس	rel:etymology	ara: خسيس
fas: خشت	rel:etymology	pal: 𐭧𐭱𐭲
fas: خط	rel:etymology	ara: خط
fas: خطر	rel:etymology	ara: خطر
fas: خلیج	rel:etymology	ara: خليج
fas: خلیفه	rel:etymology	ara: خليفة
fas: خمیر	rel:etymology	ara: خمير
fas: خنجر	rel:etymology	ara: خنجر
fas: خواب	rel:etymology	pal: 𐭧𐭥𐭠𐭡
fas: خوب	rel:etymology	pal: 𐭧𐭥𐭡
fas: خودارضایی	rel:etymology	fas: ارضایی
fas: خودارضایی	rel:etymology	fas: خود
fas: خوردنی	rel:etymology	fas: خوردن
fas: خورشید	rel:etymology	pal: 𐭧𐭥𐭫𐭧𐭱𐭩𐭲
fas: خوره	rel:etymology	fas: خور
fas: خوره	rel:etymology	fas: ه
fas: خوشبو	rel:etymology	fas: بو
fas: خوشبو	rel:etymology	fas: خوش
fas: خوشنویس	rel:etymology	fas: خوش
fas: خوشنویس	rel:etymology	fas: نویس
fas: خوشنویسی	rel:etymology	fas: خوش
fas: خوشنویسی	rel:etymology	fas: نویس
fas: خوشنویسی	rel:etymology	fas: ی
fas: خوف	rel:etymology	ara: خوف
fas: خون	rel:etymology	pal: 𐭧𐭥𐭭
fas: خوک	rel:etymology	pal: 𐭧𐭥𐭪
fas: خیار	rel:etymology	pal: 𐭧𐭩𐭠𐭥
fas: خیاط	rel:etymology	ara: خَيَّاط
fas: خیر	rel:etymology	ara: خير
fas: داروخانه	rel:etymology	fas: خانه
fas: داروخانه	rel:etymology	fas: دارو
fas: داریوش	rel:etymology	peo: 𐎭𐎠𐎼𐎹𐎺𐎢𐏁
fas: دان	rel:etymology	fas: دانه
fas: دان	rel:etymology	pal: 𐭣𐭠𐭭
fas: دانشنامه	rel:etymology	fas: دانش
fas: دانشنامه	rel:etymology	fas: نامه
fas: دایره	rel:etymology	ara: دائرة
fas: دبى	rel:etymology	fra: débit
fas: دبیر	rel:etymology	pal: 𐭣𐭯𐭩𐭥𐭥
fas: دختربچه	rel:etymology	fas: بچه
fas: دختربچه	rel:etymology	fas: دختر
fas: درام	rel:etymology	eng: drum
fas: درام	rel:etymology	fra: drame
fas: درام	rel:etymology	hye: դրամ
fas: درزی	rel:etymology	pal: 𐭣𐭥𐭦𐭩𐭪
fas: درس	rel:etymology	ara: درس
fas: درشکه	rel:etymology	rus: дрожки
fas: درمان	rel:etymology	pal: 𐭣𐭥𐭬𐭠𐭭
fas: دروان	rel:etymology	fas: دربان
fas: دروغ	rel:etymology	pal: 𐭣𐭥𐭥𐭢
fas: درگر	rel:etymology	fas: درودگر
fas: دسامبر	rel:etymology	fra: décembre
fas: دست	rel:etymology	pal: 𐭩𐭣𐭤
fas: دسته	rel:etymology	fas: دست
fas: دسر	rel:etymology	fra: dessert
fas: دعا	rel:etymology	ara: دعاء
fas: دف	rel:etymology	pal: 𐭣𐭯
fas: دفتر	rel:etymology	ara: دفتر
fas: دقت	rel:etymology	ara: دقة
fas: دقیقه	rel:etymology	ara: دقيقة
fas: دلاک	rel:etymology	ara: دلاك
fas: دلبند	rel:etymology	fas: بند
fas: دلبند	rel:etymology	fas: دل
fas: دلربا	rel:etymology	fas: دل
fas: دلربا	rel:etymology	fas: ربا
fas: دم	rel:etymology	ara: دم
fas: دمشق	rel:etymology	ara: دمشق
fas: دنیا	rel:etymology	ara: دنيا
fas: دو	rel:etymology	pal: 𐭲𐭥𐭩𐭭
fas: دور	rel:etymology	ara: دور
fas: دوری	rel:etymology	ara: دوري
fas: دوریان	rel:etymology	eng: durian
fas: دوزخ	rel:etymology	pal: 𐭣𐭥𐭱𐭧𐭥𐭩
fas: دوش	rel:etymology	fra: douche
fas: دوشیزه	rel:etymology	pal: 𐭣𐭱𐭰𐭪
fas: دولت	rel:etymology	ara: دولة
fas: دوناگری	rel:etymology	san: देवनागरी
fas: دونستن	rel:etymology	fas: دانستن
fas: دونسن	rel:etymology	fas: دانستن
fas: دوچرخه	rel:etymology	fas: دو
fas: دوچرخه	rel:etymology	fas: چرخه
fas: دوکان	rel:etymology	ara: دكان
fas: دکان	rel:etymology	ara: دكان
fas: دیت	rel:etymology	ara: دية
fas: دیس	rel:etymology	pal: 𐭣𐭩𐭮
fas: دیسک	rel:etymology	eng: disk
fas: دین	rel:etymology	ara: دين
fas: دین	rel:etymology	pal: 𐭣𐭩𐭭
fas: دیه	rel:etymology	ara: دية
fas: دیوان	rel:etymology	pal: 𐭣𐭩𐭥𐭠𐭭
fas: دیپلم	rel:etymology	fra: diplôme
fas: دیپلمات	rel:etymology	fra: diplomate
fas: دیکتاتور	rel:etymology	fra: dictateur
fas: دیکته	rel:etymology	fra: dictée
fas: ذکر	rel:etymology	ara: ذكر
fas: رأی	rel:etymology	ara: رأي
fas: رئیس	rel:etymology	ara: رئيس
fas: راحت	rel:etymology	ara: راحة
fas: رادیو	rel:etymology	fra: radio
fas: راز	rel:etymology	pal: 𐭥𐭠𐭦
fas: راز	rel:etymology	pal: 𐭫𐭠𐭰
fas: رب	rel:etymology	ara: رب
fas: رجوليت	rel:etymology	ara: رجولية
fas: رحم	rel:etymology	ara: رحم
fas: رحیم	rel:etymology	ara: رحيم
fas: رخداد	rel:etymology	fas: رخ دادن
fas: رزم	rel:etymology	pal: 𐭥𐭦𐭬
fas: رستوران	rel:etymology	fra: restaurant
fas: رسم	rel:etymology	ara: رسم
fas: رضا	rel:etymology	ara: رضا
fas: رعیت	rel:etymology	ara: رعية
fas: رفیق	rel:etymology	ara: رفيق
fas: رقص	rel:etymology	ara: رقص
fas: رمان	rel:etymology	fra: roman
fas: رمضان	rel:etymology	ara: رمضان
fas: رمه	rel:etymology	pal: 𐭥𐭬𐭪
fas: رنسانس	rel:etymology	fra: renaissance
fas: رنگین‌کمان	rel:etymology	fas: رنگین
fas: رنگین‌کمان	rel:etymology	fas: کمان
fas: رهبر	rel:etymology	fas: بر
fas: رهبر	rel:etymology	fas: ره
fas: روان	rel:etymology	fas: <!---->رو
fas: روان	rel:etymology	fas: ان
fas: روبرت	rel:etymology	eng: Robert
fas: روحانی	rel:etymology	ara: روحاني
fas: رودابه	rel:etymology	fas: آب
fas: رودابه	rel:etymology	fas: رود
fas: رودابه	rel:etymology	fas: ه
fas: رودخانه	rel:etymology	fas: خانه
fas: رودخانه	rel:etymology	fas: رود
fas: روز	rel:etymology	pal: 𐭫𐭥𐭰
fas: روزنامه	rel:etymology	fas: روز
fas: روزنامه	rel:etymology	fas: نامه
fas: روزی	rel:etymology	pal: 𐭫𐭥𐭰𐭩𐭪
fas: روم	rel:etymology	pal: 𐭧𐭫𐭥𐭬
fas: رومی	rel:etymology	pal: 𐭧𐭫𐭥𐭬𐭠𐭣𐭩𐭪
fas: رویا	rel:etymology	ara: رؤيا
fas: رویداد	rel:etymology	fas: روی دادن
fas: رژیم	rel:etymology	fra: régime
fas: ریاضیات	rel:etymology	ara: رياضيات
fas: ریختن	rel:etymology	pal: 𐭥𐭩𐭧𐭲𐭭
fas: ریمل	rel:etymology	fra: rimmel
fas: ریچارد	rel:etymology	eng: Richard
fas: ریچل	rel:etymology	eng: Rachel
fas: ریگ	rel:etymology	pal: 𐭥𐭩𐭢
fas: زحمت	rel:etymology	ara: زحمة
fas: زرافه	rel:etymology	ara: زرافة
fas: زرناپا	rel:etymology	fas: زرنا
fas: زرناپا	rel:etymology	fas: پا
fas: زعفران	rel:etymology	ara: اصفر
fas: زمان	rel:etymology	pal: 𐭦𐭬𐭠𐭭
fas: زمرد	rel:etymology	grc: σμάραγδος
fas: زمستان	rel:etymology	pal: 𐭦𐭬𐭮𐭲𐭠𐭭
fas: زنا	rel:etymology	ara: زناء
fas: زناء	rel:etymology	ara: زناء
fas: زنبور عسل	rel:etymology	fas: زنبور
fas: زنبور عسل	rel:etymology	fas: عسل
fas: زنجبیل	rel:etymology	ara: زنجبيل
fas: زندگی‌نامه	rel:etymology	fas: زندگی
fas: زندگی‌نامه	rel:etymology	fas: نامه
fas: زندیک	rel:etymology	pal: 𐭦𐭭𐭣𐭩𐭪
fas: زنگی	rel:etymology	pal: 𐭦𐭭𐭢𐭩
fas: زه	rel:etymology	pal: 𐭦𐭩𐭧
fas: زوجیت	rel:etymology	ara: زوجية
fas: زیاد	rel:etymology	fas: زیادت
fas: زیاد	rel:etymology	fas: زیستن
fas: زیتون	rel:etymology	ara: زيتون
fas: سؤال	rel:etymology	ara: سؤال
fas: ساحر	rel:etymology	ara: ساحر
fas: ساحره	rel:etymology	ara: ساحرة
fas: سازمان ملل	rel:etymology	fas: سازمان ملل متحد
fas: ساعت	rel:etymology	ara: ساعة
fas: سال	rel:etymology	pal: 𐭮𐭠𐭫
fas: ساک	rel:etymology	fra: sac
fas: ستاره‌شناس	rel:etymology	fas: ستاره
fas: ستاره‌شناس	rel:etymology	fas: شناس
fas: سر	rel:etymology	ara: سر
fas: سرطان	rel:etymology	ara: سرطان
fas: سرعت	rel:etymology	ara: سرعة
fas: سری	rel:etymology	fra: série
fas: سعید	rel:etymology	ara: سعيد
fas: سفیدپوست	rel:etymology	fas: سفید
fas: سفیدپوست	rel:etymology	fas: پوست
fas: سلام	rel:etymology	ara: سلام
fas: سلام علیکم	rel:etymology	ara: السلام عليكم
fas: سلسله	rel:etymology	ara: سلسلة
fas: سلطان	rel:etymology	ara: '''سلطان'''
fas: سماور	rel:etymology	rus: самовар
fas: سمع	rel:etymology	ara: سمع
fas: سن	rel:etymology	ara: سن
fas: سنا	rel:etymology	fra: sénat
fas: سنت	rel:etymology	ara: سنة
fas: سنجاب	rel:etymology	ara: سنجاب
fas: سنگ	rel:etymology	ave: asa
fas: سهل	rel:etymology	ara: سهل
fas: سهم	rel:etymology	ara: سهم
fas: سهیل	rel:etymology	ara: سهيل
fas: سهیلا	rel:etymology	ara: سهيلاء
fas: سه‌ماهه	rel:etymology	fas: سه
fas: سه‌ماهه	rel:etymology	fas: ماه
fas: سه‌ماهه	rel:etymology	fas: ه
fas: سوتین	rel:etymology	fra: soutien-gorge
fas: سوز	rel:etymology	fas: سوختن
fas: سوسمارخور	rel:etymology	fas: خور
fas: سوسمارخور	rel:etymology	fas: سوسمار
fas: سوسیس	rel:etymology	fra: saucisson
fas: سولیتون	rel:etymology	fra: soliton
fas: سپاهي	rel:etymology	fas: سپاه
fas: سپاهی	rel:etymology	fas: سپاه
fas: سپتامبر	rel:etymology	fra: septembre
fas: سپر	rel:etymology	pal: 𐭮𐭯𐭥
fas: سپنتا	rel:etymology	ave: 𐬯𐬞𐬆𐬥𐬙𐬀
fas: سکس	rel:etymology	eng: sex
fas: سکسولوژی	rel:etymology	fra: sexologie
fas: سکسی	rel:etymology	eng: sexy
fas: سیاست	rel:etymology	ara: سياسة
fas: سیاه‌پوست	rel:etymology	fas: سیاه
fas: سیاه‌پوست	rel:etymology	fas: پوست
fas: سیاه‌گوش	rel:etymology	fas: سیاه
fas: سیاه‌گوش	rel:etymology	fas: گوش
fas: سید	rel:etymology	ara: سَيّد
fas: سیرت	rel:etymology	ara: سيرة
fas: سیمرغ	rel:etymology	pal: 𐭮𐭩𐭭𐭬𐭥𐭫𐭥
fas: سینما	rel:etymology	fra: cinéma
fas: سیگارت	rel:etymology	fra: cigarette
fas: سی‌دی	rel:etymology	eng: CD
fas: ش	rel:etymology	pal: 𐭱𐭭
fas: شارستان	rel:etymology	fas: شهرستان
fas: شانس	rel:etymology	fra: chance
fas: شاه	rel:etymology	pal: 𐭬𐭫𐭪𐭠
fas: شاه	rel:etymology	pal: 𐭱𐭠𐭤
fas: شاهزاده	rel:etymology	fas: زاده
fas: شاهزاده	rel:etymology	fas: شاه
fas: شاه‌توت	rel:etymology	fas: توت
fas: شاه‌توت	rel:etymology	fas: شاه
fas: شاه‌دانه	rel:etymology	fas: دانه
fas: شاه‌دانه	rel:etymology	fas: شاه
fas: شاپور	rel:etymology	pal: 𐭱𐭧𐭯𐭥𐭧𐭥𐭩
fas: شبدیز	rel:etymology	fas: دیز
fas: شبدیز	rel:etymology	fas: شب
fas: شبنم	rel:etymology	fas: شب
fas: شبنم	rel:etymology	fas: نم
fas: شبکه	rel:etymology	ara: شبكة
fas: شبی	rel:etymology	fas: شب
fas: شب‌کور	rel:etymology	fas: شب
fas: شب‌کور	rel:etymology	fas: کور
fas: شترنگ	rel:etymology	pal: 𐭰𐭲𐭫𐭭𐭢
fas: شجاع	rel:etymology	ara: شجاع
fas: شجر	rel:etymology	ara: شجر
fas: شخص	rel:etymology	ara: شخص
fas: شراب	rel:etymology	ara: شراب
fas: شربت	rel:etymology	ara: شربة
fas: شرع	rel:etymology	ara: شرع
fas: شرم	rel:etymology	pal: 𐭱𐭥𐭬
fas: شروع	rel:etymology	ara: شروع
fas: شرکت	rel:etymology	ara: شركة
fas: شطرنج	rel:etymology	ara: شطرنج
fas: شعر	rel:etymology	ara: شعر
fas: شغال	rel:etymology	san: सृगाल
fas: شل	rel:etymology	ara: شل
fas: شمال	rel:etymology	ara: شمال
fas: شمسی	rel:etymology	ara: شَمْسِيّ
fas: شمع	rel:etymology	ara: شمع
fas: شناختن	rel:etymology	pal: 𐭱𐭭𐭠𐭧𐭲𐭭
fas: شهاب	rel:etymology	ara: شهاب
fas: شهباز	rel:etymology	fas: باز
fas: شهباز	rel:etymology	fas: شه
fas: شهبانو	rel:etymology	fas: بانو
fas: شهبانو	rel:etymology	fas: شه
fas: شهر	rel:etymology	peo: 𐎧𐏁𐏂𐎶
fas: شهریار	rel:etymology	pal: 𐭱𐭲𐭥𐭣𐭠𐭫
fas: شهریور	rel:etymology	pal: 𐭱𐭲𐭥𐭩𐭥𐭥
fas: شهسوار	rel:etymology	fas: سوار
fas: شهسوار	rel:etymology	fas: شه
fas: شهید	rel:etymology	ara: شهيد
fas: شوروی	rel:etymology	fas: شوری
fas: شوری	rel:etymology	ara: شورى
fas: شکر	rel:etymology	fas: شکر
fas: شکر	rel:etymology	pal: 𐭱𐭪𐭥
fas: شکر	rel:etymology	san: शर्कर
fas: شکر	rel:etymology	san: शर्करा
fas: شکسته‌نستعلیق	rel:etymology	fas: شکسته
fas: شکسته‌نستعلیق	rel:etymology	fas: نستعلیق
fas: شکم	rel:etymology	pal: 𐭠𐭱𐭪𐭬𐭡
fas: شکمبه	rel:etymology	pal: 𐭠𐭱𐭪𐭬𐭡𐭪
fas: شیء	rel:etymology	ara: شيء
fas: شیخ	rel:etymology	ara: شيخ
fas: شیر	rel:etymology	pal: 𐭱𐭩𐭥
fas: شیرین	rel:etymology	pal: 𐭱𐭩𐭫𐭩𐭭
fas: شیزوفرنی	rel:etymology	eng: schizophrenia
fas: شیطان	rel:etymology	ara: شيطان
fas: شیطانه	rel:etymology	ara: شيطانة
fas: شیطانی	rel:etymology	ara: شيطاني
fas: شیطنت	rel:etymology	ara: شيطنة
fas: شیلی	rel:etymology	fra: Chili
fas: شیمی	rel:etymology	fra: chimie
fas: شیک	rel:etymology	fra: chic
fas: صابون	rel:etymology	ara: صابون
fas: صاحب	rel:etymology	ara: صاحب
fas: صبح	rel:etymology	ara: صبح
fas: صحرا	rel:etymology	ara: صحراء
fas: صحیح	rel:etymology	ara: صحيح
fas: صفت	rel:etymology	ara: صفة
fas: صفحه	rel:etymology	ara: صفحة
fas: صفر	rel:etymology	ara: صَفَرٌ
fas: صفر	rel:etymology	ara: صِفر
fas: صلح	rel:etymology	ara: صلح
fas: صلیب	rel:etymology	ara: صليب
fas: صندوق	rel:etymology	ara: صندوق
fas: صنف	rel:etymology	ara: صنف
fas: صورت	rel:etymology	ara: صورة
fas: ضرب	rel:etymology	ara: ضرب
fas: ضرورت	rel:etymology	ara: ضَرُورَة
fas: ضروری	rel:etymology	ara: ضَرُورِيّ
fas: ضعیف	rel:etymology	ara: ضعيف
fas: ضمیر	rel:etymology	ara: ضمير
fas: طب	rel:etymology	ara: طب
fas: طبقه	rel:etymology	ara: طبقة
fas: طبیب	rel:etymology	ara: طبيب
fas: طبیعت	rel:etymology	ara: طبيعة
fas: طوفان	rel:etymology	ara: طوفان
fas: طیاره	rel:etymology	ara: طيارة
fas: ظفر	rel:etymology	ara: ظفر
fas: عادت	rel:etymology	ara: عادة
fas: عادی	rel:etymology	ara: عادي
fas: عاری	rel:etymology	ara: عارٍ
fas: عاشق	rel:etymology	ara: عاشق
fas: عاشورا	rel:etymology	ara: عاشوراء
fas: عالم	rel:etymology	ara: عالم
fas: عبا	rel:etymology	ara: عباءة
fas: عباس	rel:etymology	ara: عباس
fas: عبد	rel:etymology	ara: عبد
fas: عبرت	rel:etymology	ara: عبرة
fas: عبری	rel:etymology	ara: عبري
fas: عتیق	rel:etymology	fra: antique
fas: عجان	rel:etymology	ara: عجان
fas: عجیب	rel:etymology	ara: عَجِيب
fas: عرفان	rel:etymology	ara: عرفان
fas: عرق	rel:etymology	ara: عرق
fas: عزت	rel:etymology	ara: عزة
fas: عزیز	rel:etymology	ara: عزيز
fas: عسل	rel:etymology	ara: عسل
fas: عشاق‌نامه	rel:etymology	fas: عشاق
fas: عشاق‌نامه	rel:etymology	fas: نامه
fas: عشق	rel:etymology	ara: عشق
fas: عشق‌بازی	rel:etymology	fas: بازی
fas: عشق‌بازی	rel:etymology	fas: عشق
fas: عضله	rel:etymology	ara: عضلة
fas: عطر	rel:etymology	ara: عطر
fas: عقاب	rel:etymology	ara: عقاب
fas: عقرب	rel:etymology	ara: عقرب
fas: علامت	rel:etymology	ara: علامة
fas: علم	rel:etymology	ara: علم
fas: علی	rel:etymology	ara: علي
fas: عمارت	rel:etymology	ara: عمارة
fas: عمان	rel:etymology	ara: عمان
fas: عمر	rel:etymology	ara: عمر
fas: عمو	rel:etymology	ara: عم
fas: عنکبوت	rel:etymology	ara: عنكبوت
fas: عورت	rel:etymology	ara: عورة
fas: عورت	rel:etymology	ara: عَوْرَة
fas: عکس	rel:etymology	ara: عكس
fas: عید	rel:etymology	ara: عيد
fas: عید مبارک	rel:etymology	ara: عيد مبارك
fas: عیسی	rel:etymology	ara: عيسى
fas: غار	rel:etymology	ara: غار
fas: غذا	rel:etymology	ara: غذاء
fas: غرور	rel:etymology	ara: غرور
fas: غریب	rel:etymology	ara: غريب
fas: غریزه	rel:etymology	ara: غريزة
fas: غزل	rel:etymology	ara: غزل
fas: غلام	rel:etymology	ara: غلام
fas: غلط	rel:etymology	ara: غلط
fas: غوغا	rel:etymology	fas: غو
fas: فائده	rel:etymology	ara: فائدة
fas: فاحشه	rel:etymology	ara: فاحشة
fas: فارسی	rel:etymology	ara: فارسي
fas: فاسق	rel:etymology	ara: فاسق
fas: فاعل	rel:etymology	ara: فاعل
fas: فامیل	rel:etymology	fra: famille
fas: فانی	rel:etymology	ara: فان
fas: فاک	rel:etymology	eng: fuck
fas: فاکولته	rel:etymology	fra: faculté
fas: فایده	rel:etymology	ara: فائدة
fas: فتح	rel:etymology	ara: فتح
fas: فراموشخانه	rel:etymology	fas: خانه
fas: فراموشخانه	rel:etymology	fas: فراموش
fas: فرانسوی	rel:etymology	fas: فرانسه
fas: فرانسوی	rel:etymology	fas: ی
fas: فرد	rel:etymology	ara: فرد
fas: فرز	rel:etymology	fas: فرز
fas: فرسنگ	rel:etymology	pal: 𐭯𐭫𐭮𐭭𐭢
fas: فرش	rel:etymology	ara: فرش
fas: فرصت	rel:etymology	ara: فرصة
fas: فرصت	rel:etymology	ara: فُرْصَة
fas: فرض	rel:etymology	ara: فرض
fas: فرمان	rel:etymology	pal: 𐭯𐭫𐭬𐭠𐭭
fas: فرهنگ	rel:etymology	pal: 𐭯𐭥𐭤𐭭𐭢
fas: فصل	rel:etymology	ara: فصل
fas: فصیح	rel:etymology	ara: فصيح
fas: فضازمان	rel:etymology	fas: زمان
fas: فضازمان	rel:etymology	fas: فضا
fas: فطرت	rel:etymology	ara: فطرة
fas: فعل	rel:etymology	ara: فعل
fas: فقر	rel:etymology	ara: فقر
fas: فقیر	rel:etymology	ara: فقير
fas: فقیه	rel:etymology	ara: فقيه
fas: فلافل	rel:etymology	ara: فلافل
fas: فلان	rel:etymology	ara: فلان
fas: فلسفه	rel:etymology	ara: فلسفة
fas: فهرست	rel:etymology	pal: 𐭯𐭤𐭥𐭮𐭲
fas: فهم	rel:etymology	ara: فهم
fas: فهمیدن	rel:etymology	ara: فهم
fas: فواره	rel:etymology	ara: فوارة
fas: فوتوکپی	rel:etymology	fra: photocopie
fas: فوریه	rel:etymology	fra: février
fas: فکر	rel:etymology	ara: فكر
fas: فیبر	rel:etymology	fra: fibre
fas: فیزیک	rel:etymology	fra: physique
fas: فیصله	rel:etymology	ara: فيصلة
fas: فیل	rel:etymology	ara: فيل
fas: فیلم	rel:etymology	fra: film
fas: قاب	rel:etymology	tur: kap
fas: قاتل	rel:etymology	ara: قاتل
fas: قاری	rel:etymology	ara: قارئ
fas: قاضي	rel:etymology	ara: قاضي
fas: قاموس	rel:etymology	ara: قاموس
fas: قانون	rel:etymology	ara: قانون
fas: قاهره	rel:etymology	ara: القاهرة
fas: قبا	rel:etymology	ara: قباء
fas: قبر	rel:etymology	ara: قبر
fas: قبرستان	rel:etymology	fas: ستان
fas: قبرستان	rel:etymology	fas: قبر
fas: قبه	rel:etymology	ara: قبة
fas: قتل	rel:etymology	ara: قتل
fas: قدرت	rel:etymology	ara: قدرة
fas: قرآن	rel:etymology	ara: القرآن
fas: قرن	rel:etymology	ara: قرن
fas: قریب	rel:etymology	ara: قريب
fas: قسم	rel:etymology	ara: قسم
fas: قسمت	rel:etymology	ara: قسمة
fas: قصه	rel:etymology	ara: قصة
fas: قصیده	rel:etymology	ara: قصيدة
fas: قضیب	rel:etymology	ara: قضيب
fas: قطر	rel:etymology	ara: قطر
fas: قطران	rel:etymology	ara: قطران
fas: قفس	rel:etymology	ara: قفص
fas: قلب	rel:etymology	ara: قلب
fas: قلعه	rel:etymology	ara: قلعة
fas: قلم	rel:etymology	ara: قلم
fas: قله	rel:etymology	ara: قلة
fas: قمر	rel:etymology	ara: قمر
fas: قمری	rel:etymology	ara: قَمَرِيّ
fas: قنطار	rel:etymology	ara: قنطار
fas: قهوه	rel:etymology	ara: قهوة
fas: قهوه‌خانه	rel:etymology	fas: خانه
fas: قهوه‌خانه	rel:etymology	fas: قهوه
fas: قورباغه	rel:etymology	tur: kurbağa
fas: قوم	rel:etymology	ara: قوم
fas: قوی	rel:etymology	ara: قوي
fas: قیصی	rel:etymology	tur: kayısı
fas: قیمت	rel:etymology	ara: قيمة
fas: قیچی	rel:etymology	aze: qayçı
fas: كرمب بهار	rel:etymology	fas: كرمب
fas: لا	rel:etymology	ara: لا
fas: لا	rel:etymology	fra: la
fas: لازم	rel:etymology	ara: لازم
fas: لاستیک	rel:etymology	fra: élastique
fas: لامپ	rel:etymology	fra: lampe
fas: لاک	rel:etymology	hin: लाख
fas: لباس	rel:etymology	ara: لباس
fas: لبظ	rel:etymology	ara: لَفْظْ
fas: لذت	rel:etymology	ara: لذة
fas: لذیذ	rel:etymology	ara: لذيذ
fas: لغت	rel:etymology	ara: لغة
fas: لهجه	rel:etymology	ara: لَهْجَة
fas: لودر	rel:etymology	eng: loader
fas: لوستر	rel:etymology	fra: lustre
fas: لوظ	rel:etymology	ara: لَفْظْ
fas: لوکس	rel:etymology	fra: de luxe
fas: لژ	rel:etymology	fra: loge
fas: لژیون	rel:etymology	fra: légion
fas: لیسانس	rel:etymology	fra: licence
fas: لیسه	rel:etymology	fra: lycée
fas: لیکن	rel:etymology	ara: لكن
fas: لیکور	rel:etymology	fra: liqueur
fas: مأمور	rel:etymology	ara: مأمور
fas: مؤدب	rel:etymology	ara: مؤدب
fas: مؤذن	rel:etymology	ara: مؤذن
fas: ما	rel:etymology	pal: 𐭫𐭭𐭤
fas: ماتیک	rel:etymology	fra: cosmétique
fas: مادر	rel:etymology	pal: 𐭬𐭠𐭲𐭥
fas: مادر	rel:etymology	peo: 𐎶𐎠𐎫𐎠
fas: ماده	rel:etymology	ara: مادة
fas: مار	rel:etymology	pal: 𐭬𐭠𐭥
fas: مارخور	rel:etymology	fas: خوردن
fas: مارخور	rel:etymology	fas: مار
fas: مارس	rel:etymology	fra: mars
fas: مارک	rel:etymology	fra: marque
fas: ماشاءالله	rel:etymology	ara: ما شاء الله
fas: ماشین	rel:etymology	fra: machine
fas: مامان	rel:etymology	fra: maman
fas: مانتو	rel:etymology	fra: manteau
fas: ماندگار	rel:etymology	fas: ار
fas: ماندگار	rel:etymology	fas: ماند
fas: ماندگار	rel:etymology	fas: ه
fas: مانستن	rel:etymology	pal: 𐭪𐭲𐭫𐭥𐭭𐭮𐭲𐭭
fas: مانکن	rel:etymology	fra: mannequin
fas: ماه	rel:etymology	pal: 𐭡𐭩𐭥𐭧
fas: ماهتاب	rel:etymology	fas: تاب
fas: ماهتاب	rel:etymology	fas: ماه
fas: ماهر	rel:etymology	ara: ماهر
fas: مایو	rel:etymology	fra: maillot de bain
fas: مایکل	rel:etymology	eng: Michael
fas: مبل	rel:etymology	fra: meuble
fas: متد	rel:etymology	fra: méthode
fas: متر	rel:etymology	fra: mètre
fas: متعارف	rel:etymology	ara: متعارف
fas: متن	rel:etymology	ara: متن
fas: مثبت	rel:etymology	ara: مثبت
fas: مثل	rel:etymology	ara: مثل
fas: مثلث	rel:etymology	ara: مثلث
fas: مجبور	rel:etymology	ara: مجبور
fas: مجلس	rel:etymology	ara: مجلس
fas: مجله	rel:etymology	ara: مجلة
fas: مجهول	rel:etymology	ara: مجهول
fas: محاسبه	rel:etymology	ara: محاسبة
fas: محبت	rel:etymology	ara: محبة
fas: محمد	rel:etymology	ara: محمد
fas: محنت	rel:etymology	ara: محنة
fas: مخالفت	rel:etymology	fas: مخالف
fas: مختلف	rel:etymology	ara: مختلف
fas: مخصوص	rel:etymology	ara: مخصوص
fas: مداد	rel:etymology	ara: مداد
fas: مدرسه	rel:etymology	ara: مدرسة
fas: مدنیت	rel:etymology	ara: مدنية
fas: مدیر	rel:etymology	ara: مدير
fas: مدینه	rel:etymology	ara: المدينة
fas: مذاکره	rel:etymology	ara: مذاكرة
fas: مذهب	rel:etymology	ara: مذهب
fas: مذی	rel:etymology	ara: مذي
fas: مرتعش	rel:etymology	ara: مرتعش
fas: مردد	rel:etymology	ara: مردد
fas: مرز	rel:etymology	pal: 𐭬𐭥𐭦
fas: مرسی	rel:etymology	fra: merci
fas: مرض	rel:etymology	ara: مرض
fas: مرضیه	rel:etymology	ara: مرضية
fas: مرکز	rel:etymology	ara: مركز
fas: مریخ	rel:etymology	ara: مريخ
fas: مرید	rel:etymology	ara: مريد
fas: مریض	rel:etymology	ara: مريض
fas: مساحت	rel:etymology	ara: مساحة
fas: مست	rel:etymology	pal: 𐭬𐭮𐭲
fas: مستطیل	rel:etymology	ara: مستطيل
fas: مستقل	rel:etymology	ara: مستقل
fas: مسجد	rel:etymology	ara: مسجد
fas: مسلمان	rel:etymology	ara: مسلم
fas: مسکو	rel:etymology	fra: Moscou
fas: مشاهده	rel:etymology	ara: مشاهدة
fas: مشتری	rel:etymology	ara: مشتري
fas: مشک	rel:etymology	pal: 𐭬𐭥𐭱𐭪𐭩
fas: مشک	rel:etymology	pal: 𐭬𐭱𐭪
fas: مصاحبه	rel:etymology	ara: مصاحبة
fas: مصدر	rel:etymology	ara: مصدر
fas: مصر	rel:etymology	ara: مصر
fas: مصری	rel:etymology	ara: مصري
fas: مضبوط	rel:etymology	ara: مضبوط
fas: مضمون	rel:etymology	ara: مضمون
fas: مطلق	rel:etymology	ara: مطلق
fas: مطمئن	rel:etymology	ara: مطمئن
fas: معافی	rel:etymology	ara: معاف
fas: معتبر	rel:etymology	fas: معتبر
fas: معجزه	rel:etymology	ara: معجزة
fas: معدن	rel:etymology	ara: معدن
fas: معقول	rel:etymology	ara: معقول
fas: معلم	rel:etymology	ara: معلم
fas: معلمی	rel:etymology	fas: معلم
fas: معلوم	rel:etymology	ara: معلوم
fas: معمار	rel:etymology	ara: معمار
fas: معماری	rel:etymology	ara: معماري
fas: معنی	rel:etymology	ara: معنى
fas: مغازه	rel:etymology	ara: مخزن
fas: مفتی	rel:etymology	ara: مفت
fas: مفتی	rel:etymology	ara: مفتي
fas: مفقود	rel:etymology	ara: مفقود
fas: مفهوم	rel:etymology	ara: مفهوم
fas: مقاله	rel:etymology	ara: مقالة
fas: مقداد	rel:etymology	ara: مقداد
fas: مقدمه	rel:etymology	ara: مقدمة
fas: ملا	rel:etymology	ara: ملا
fas: ملاقات	rel:etymology	ara: ملاقاة
fas: ملت	rel:etymology	ara: ملة
fas: ملخ	rel:etymology	ara: ملخ
fas: ملک	rel:etymology	ara: ملك
fas: مناره	rel:etymology	ara: منارة
fas: منخر	rel:etymology	ara: منخر
fas: منشار	rel:etymology	ara: منشار
fas: منطق	rel:etymology	ara: منطق
fas: منطقه	rel:etymology	ara: منطقة
fas: منی	rel:etymology	ara: مني
fas: مه	rel:etymology	fra: mai
fas: مهاجر	rel:etymology	ara: مهاجر
fas: مهاجم	rel:etymology	ara: مهاجم
fas: مهبل	rel:etymology	ara: مهبل
fas: مهتاب	rel:etymology	fas: تاب
fas: مهتاب	rel:etymology	fas: مه
fas: مهدی	rel:etymology	ara: مهدي
fas: مهر	rel:etymology	ara: مهر
fas: مهر	rel:etymology	peo: 𐎷𐎰𐎼
fas: مهربان	rel:etymology	pal: 𐭬𐭲𐭥𐭯𐭠𐭭
fas: مهشید	rel:etymology	fas: شید
fas: مهشید	rel:etymology	fas: مه
fas: مهمیز	rel:etymology	ara: مهماز
fas: مهوش	rel:etymology	fas: مه
fas: مهوش	rel:etymology	fas: وش
fas: مو	rel:etymology	pal: 𐭬𐭥𐭣
fas: موافق	rel:etymology	ara: موافق
fas: موبایل	rel:etymology	eng: mobile
fas: موت	rel:etymology	ara: موت
fas: موج	rel:etymology	ara: موج
fas: موز	rel:etymology	pal: 𐭬𐭥𐭰
fas: موزه	rel:etymology	fra: musée
fas: موزیک	rel:etymology	fra: musique
fas: موسم	rel:etymology	ara: موسم
fas: موسیقی	rel:etymology	ara: موسيقى
fas: مولکول	rel:etymology	fra: molécule
fas: مومیا	rel:etymology	fas: موم
fas: موکت	rel:etymology	fra: moquette
fas: مکتب	rel:etymology	ara: مكتب
fas: مکه	rel:etymology	ara: مكة
fas: مگردومیان	rel:etymology	hye: Մկրտումյան
fas: میاندوراه	rel:etymology	fas: دو
fas: میاندوراه	rel:etymology	fas: راه
fas: میاندوراه	rel:etymology	fas: میان
fas: میخ	rel:etymology	pal: 𐭬𐭩𐭧
fas: میخانه	rel:etymology	fas: خانه
fas: میخانه	rel:etymology	fas: می
fas: میدان	rel:etymology	ara: ميدان
fas: میدان	rel:etymology	pal: 𐭬𐭩𐭣𐭠𐭭
fas: میزان	rel:etymology	ara: ميزان
fas: میش	rel:etymology	pal: 𐭬𐭩𐭱
fas: میمون	rel:etymology	ara: ميمون
fas: مین	rel:etymology	fra: mine
fas: میکرب	rel:etymology	fra: microbe
fas: نار	rel:etymology	ara: نار
fas: نار	rel:etymology	fas: انار
fas: نارنگ	rel:etymology	san: नारङ्ग
fas: نارگيله	rel:etymology	fas: نارگیل
fas: نارگیل	rel:etymology	san: नारिकेल
fas: نارگیله	rel:etymology	fas: نارگیل
fas: نازی	rel:etymology	fas: ناز
fas: ناقص	rel:etymology	ara: ناقص
fas: نام	rel:etymology	pal: 𐭭𐭠𐭬
fas: نامه	rel:etymology	pal: 𐭭𐭠𐭬𐭢
fas: نان	rel:etymology	pal: 𐭭𐭠𐭭
fas: ناهید	rel:etymology	ave: Anahita
fas: نایلون	rel:etymology	fra: nylon
fas: نبض	rel:etymology	ara: نبض
fas: نجس	rel:etymology	ara: نجس
fas: نجوم	rel:etymology	fas: نجم
fas: ندا	rel:etymology	ara: نداء
fas: نزد	rel:etymology	pal: 𐭭𐭦𐭣
fas: نستعلیق	rel:etymology	fas: تعلیق
fas: نستعلیق	rel:etymology	fas: نسخ
fas: نسر	rel:etymology	ara: نسر
fas: نسیم	rel:etymology	ara: نسيم
fas: نظر	rel:etymology	ara: '''نَظَر'''
fas: نظریه	rel:etymology	ara: نظرية
fas: نعش	rel:etymology	ara: نعش
fas: نعناع	rel:etymology	ara: نعناع
fas: نعوظ	rel:etymology	ara: نعوظ
fas: نفت	rel:etymology	peo: 𐎴𐎳𐎫
fas: نفر	rel:etymology	ara: نفر
fas: نفرت	rel:etymology	ara: نفرة
fas: نفس	rel:etymology	ara: نفس
fas: نفوذ	rel:etymology	ara: نفوذ
fas: نقاب	rel:etymology	ara: نقاب
fas: نقطه	rel:etymology	ara: نقطة
fas: نم	rel:etymology	pal: 𐭭𐭬
fas: نماز	rel:etymology	pal: 𐭭𐭬𐭠𐭰
fas: نهر	rel:etymology	ara: نهر
fas: نوا	rel:etymology	pal: 𐭭𐭡
fas: نوا	rel:etymology	pal: 𐭭𐭯𐭠𐭪
fas: نواختر	rel:etymology	fas: اختر
fas: نواختر	rel:etymology	fas: نو
fas: نوامبر	rel:etymology	fra: novembre
fas: نوترون	rel:etymology	fra: neutron
fas: نوح	rel:etymology	ara: نوح
fas: نور	rel:etymology	ara: نور
fas: نوروز	rel:etymology	fas: روز
fas: نوروز	rel:etymology	fas: نو
fas: نوزده	rel:etymology	pal: 𐭭𐭥𐭦𐭣𐭤
fas: نوم	rel:etymology	ara: نوم
fas: نوید	rel:etymology	fas: نوید
fas: نوید	rel:etymology	pal: 𐭭𐭥𐭩𐭣
fas: نی	rel:etymology	pal: 𐭭𐭠𐭣
fas: نیا	rel:etymology	pal: 𐭭𐭩𐭠𐭪
fas: نیز	rel:etymology	pal: 𐭭𐭦
fas: نیست	rel:etymology	pal: 𐭫𐭥𐭩𐭲
fas: نیلوفر	rel:etymology	san: नीलोतपल
fas: نیلک	rel:etymology	fas: نیل
fas: نیلی	rel:etymology	pal: 𐭭𐭩𐭫
fas: نیک	rel:etymology	pal: 𐭭𐭩𐭪
fas: ها	rel:etymology	pal: 𐭩𐭧𐭠
fas: هتل	rel:etymology	fra: hôtel
fas: هجا	rel:etymology	ara: هجاء
fas: هجده	rel:etymology	pal: 𐭤𐭱𐭲𐭣𐭤
fas: هجرت	rel:etymology	ara: هجرة
fas: هدف	rel:etymology	ara: هدف
fas: هدیه	rel:etymology	ara: هدية
fas: هذیان	rel:etymology	ara: هذيان
fas: هرزه‌نگاری	rel:etymology	fas: نگاری
fas: هرزه‌نگاری	rel:etymology	fas: هرزه
fas: هرم	rel:etymology	ara: هرم
fas: هرگز	rel:etymology	pal: 𐭧𐭪𐭫𐭰
fas: هزارپا	rel:etymology	fas: هزار
fas: هزارپا	rel:etymology	fas: پا
fas: هشت	rel:etymology	pal: 𐭧𐭱𐭲
fas: هم	rel:etymology	pal: 𐭧𐭬
fas: همبرگر	rel:etymology	eng: hamburger
fas: همدیگر	rel:etymology	fas: دیگر
fas: همدیگر	rel:etymology	fas: هم
fas: همدیگه	rel:etymology	fas: دیگه
fas: همدیگه	rel:etymology	fas: هم
fas: هنجار	rel:etymology	pal: 𐭤𐭭𐭰𐭠𐭥
fas: هند	rel:etymology	peo: 𐏃𐎡𐎯𐎢𐏁
fas: هند	rel:etymology	san: सिन्धु
fas: هندسه	rel:etymology	ara: هندسة
fas: هندو	rel:etymology	fas: هند
fas: هندی	rel:etymology	fas: هند
fas: هنر	rel:etymology	pal: 𐭤𐭭𐭥
fas: هوا	rel:etymology	ara: هواء
fas: هوا	rel:etymology	pal: havā
fas: هوس	rel:etymology	ara: هوس
fas: هکر	rel:etymology	eng: hacker
fas: هیدرولوژی	rel:etymology	fra: hydrologie
fas: هیدرولیک	rel:etymology	fra: hydraulique
fas: هیچ	rel:etymology	pal: 𐭠𐭩𐭰
fas: و	rel:etymology	ara: و
fas: وادی	rel:etymology	ara: وادي
fas: واروژان	rel:etymology	hye: Վարուժան
fas: والا	rel:etymology	ara: وإلا
fas: والله	rel:etymology	ara: والله
fas: وان	rel:etymology	rus: ванна
fas: وانیل	rel:etymology	fra: vanille
fas: واهاگن	rel:etymology	hye: Վահագն
fas: واژن	rel:etymology	fra: vagin
fas: واژه‌نامه	rel:etymology	fas: نامه
fas: واژه‌نامه	rel:etymology	fas: واژه
fas: واکسن	rel:etymology	fra: vaccin
fas: وبلاگ	rel:etymology	eng: weblog
fas: وجدان	rel:etymology	ara: وجدان
fas: وجود	rel:etymology	ara: وجود
fas: وحشت	rel:etymology	ara: وحشة
fas: ودکا	rel:etymology	rus: водка
fas: وزارت	rel:etymology	ara: وزارة
fas: وزن	rel:etymology	ara: وزن
fas: وضوح	rel:etymology	ara: وضوح
fas: وطن	rel:etymology	ara: وطن
fas: وطن‌فروش	rel:etymology	fas: فروختن
fas: وطن‌فروش	rel:etymology	fas: وطن
fas: وظیفه	rel:etymology	ara: وظيفة
fas: وفا	rel:etymology	ara: وفاء
fas: وقت	rel:etymology	ara: وقت
fas: ولایت فقیه	rel:etymology	ara: ولاية الفقيه
fas: ولی	rel:etymology	ara: وَلِيّ
fas: وهم	rel:etymology	ara: وهم
fas: ویترین	rel:etymology	fra: vitrine
fas: ویدیو	rel:etymology	eng: video
fas: ویرگول	rel:etymology	fra: virgule
fas: ویستا	rel:etymology	ave: 𐬬𐬌𐬛
fas: ویلا	rel:etymology	fra: villa
fas: ویهارا	rel:etymology	san: विहार
fas: پ.ن	rel:etymology	fas: پی‌نوشت
fas: پاتیناژ	rel:etymology	fra: patinage
fas: پادشاه	rel:etymology	fas: شاه
fas: پادشاه	rel:etymology	fas: پاد
fas: پادکست	rel:etymology	eng: podcast
fas: پارامسی	rel:etymology	fra: paramécie
fas: پارس	rel:etymology	pal: 𐭯𐭠𐭫𐭮𐭩
fas: پارسی	rel:etymology	fas: پارس
fas: پارلمان	rel:etymology	fra: parlement
fas: پازو	rel:etymology	xcl: բազուկ
fas: پاساژ	rel:etymology	fra: passage
fas: پاسبان	rel:etymology	pal: 𐭯𐭠𐭮𐭡𐭠𐭭
fas: پالتو	rel:etymology	fra: paletot
fas: پاپیون	rel:etymology	fra: nœud papillon
fas: پاکت	rel:etymology	fra: paquet
fas: پایین	rel:etymology	pal: 𐭯𐭠𐭩𐭩𐭭
fas: پتروسیان	rel:etymology	hye: Պետրոսյան
fas: پرستار	rel:etymology	pal: 𐭯𐭫𐭮𐭲𐭠𐭫
fas: پرووکاتور	rel:etymology	fra: provocateur
fas: پروژه	rel:etymology	fra: projet
fas: پروکسی	rel:etymology	eng: proxy
fas: پرگار	rel:etymology	fas: نگار
fas: پرگار	rel:etymology	fas: پرهون
fas: پری	rel:etymology	fas: پر
fas: پری	rel:etymology	fas: ی
fas: پرینه	rel:etymology	fra: périnée
fas: پزشک	rel:etymology	pal: 𐭡𐭦𐭱𐭪
fas: پسته	rel:etymology	pal: 𐭯𐭮𐭲𐭪
fas: پسربچه	rel:etymology	fas: بچه
fas: پسربچه	rel:etymology	fas: پسر
fas: پسوند	rel:etymology	fas: وند
fas: پسوند	rel:etymology	fas: پس
fas: پل	rel:etymology	pal: 𐭯𐭥𐭧𐭫𐭩
fas: پلاستیک	rel:etymology	fra: plastique
fas: پلاک	rel:etymology	fra: plaque
fas: پمپ	rel:etymology	fra: pompe
fas: پناه	rel:etymology	pal: 𐭯𐭭𐭠𐭧
fas: پندار نیک، گفتار نیک، کردار نیک	rel:etymology	ave: 𐬵𐬎𐬨𐬀𐬙𐬀 𐬵𐬏𐬑𐬙𐬀 𐬵𐬬𐬀𐬭𐬱𐬙𐬀
fas: پنیر	rel:etymology	pal: 𐭯𐭭𐭩𐭫
fas: پوزیترون	rel:etymology	fra: positron
fas: پونز	rel:etymology	fra: punaise
fas: پیاده	rel:etymology	pal: 𐭯𐭣𐭠𐭲𐭪
fas: پیاز	rel:etymology	pal: 𐭯𐭩𐭠𐭦
fas: پیاله	rel:etymology	pal: 𐭯𐭩𐭢𐭠𐭫
fas: پیامبر	rel:etymology	fas: بر
fas: پیامبر	rel:etymology	fas: پیام
fas: پیر	rel:etymology	fas: پدر
fas: پیر	rel:etymology	pal: 𐭯𐭩𐭥
fas: پیرزن	rel:etymology	fas: زن
fas: پیرزن	rel:etymology	fas: پیر
fas: پیرمرد	rel:etymology	fas: مرد
fas: پیرمرد	rel:etymology	fas: پیر
fas: پیروز	rel:etymology	pal: 𐭯𐭩𐭫𐭥𐭰
fas: پیروزی	rel:etymology	pal: 𐭯𐭩𐭫𐭥𐭰𐭩𐭧
fas: پیشوند	rel:etymology	fas: وند
fas: پیشوند	rel:etymology	fas: پیش
fas: پیغمبر	rel:etymology	fas: بر
fas: پیغمبر	rel:etymology	fas: پیغام
fas: پیوستن	rel:etymology	pal: 𐭯𐭲𐭥𐭮𐭲𐭭
fas: پیک	rel:etymology	pal: 𐭬𐭣𐭪
fas: چابک	rel:etymology	pal: 𐭰𐭠𐭯𐭪
fas: چادر	rel:etymology	san: छत्त्र
fas: چاشت	rel:etymology	pal: 𐭰𐭠𐭱𐭲
fas: چامه‌سرایی	rel:etymology	fas: سرا
fas: چامه‌سرایی	rel:etymology	fas: چامه
fas: چامه‌سرایی	rel:etymology	fas: ی
fas: چای‌خانه	rel:etymology	fas: خانه
fas: چای‌خانه	rel:etymology	fas: چای
fas: چراغ	rel:etymology	pal: 𐭰𐭫𐭠𐭢
fas: چزمه	rel:etymology	tur: çizme
fas: چشم	rel:etymology	pal: 𐭰𐭱𐭬
fas: چقدر	rel:etymology	fas: قدر
fas: چقدر	rel:etymology	fas: چه
fas: چمن	rel:etymology	tur: çimen
fas: چند	rel:etymology	pal: 𐭰𐭭𐭣
fas: چندضلعی	rel:etymology	fas: ضلع
fas: چندضلعی	rel:etymology	fas: چند
fas: چندضلعی	rel:etymology	fas: ی
fas: چنگ	rel:etymology	pal: 𐭰𐭭𐭢
fas: چه	rel:etymology	pal: 𐭰𐭩
fas: چهارصد	rel:etymology	fas: صد
fas: چهارصد	rel:etymology	fas: چهار
fas: چهره	rel:etymology	pal: 𐭰𐭧𐭫𐭪𐭩
fas: چوگان	rel:etymology	pal: 𐭰𐭥𐭯𐭢𐭠𐭭
fas: چک	rel:etymology	fas: شاه
fas: چی	rel:etymology	pal: 𐭬𐭤
fas: چیزبرگر	rel:etymology	eng: cheeseburger
fas: ژئودزی	rel:etymology	fra: géodésie
fas: ژامبون	rel:etymology	fra: jambon
fas: ژاندرم	rel:etymology	fra: gendarme
fas: ژانویه	rel:etymology	fra: janvier
fas: ژاپن	rel:etymology	fra: Japon
fas: ژست	rel:etymology	fra: geste
fas: ژله	rel:etymology	fra: gelée
fas: ژن	rel:etymology	fra: gène
fas: ژنرال	rel:etymology	fra: général
fas: ژوئن	rel:etymology	fra: juin
fas: ژوئیه	rel:etymology	fra: juillet
fas: ژیمناستیک	rel:etymology	fra: gymnastique
fas: ک	rel:etymology	pal: 𐭪
fas: کائنات	rel:etymology	ara: كائنات
fas: کابوس	rel:etymology	ara: كابوس
fas: کابینه	rel:etymology	fra: cabinet
fas: کاتولیک	rel:etymology	fra: catholique
fas: کاذب	rel:etymology	ara: كاذب
fas: کار	rel:etymology	pal: 𐭪𐭠𐭫
fas: کارآگاه	rel:etymology	fas: آگاه
fas: کارآگاه	rel:etymology	fas: کار
fas: کاراته	rel:etymology	jpn: 空手
fas: کارت	rel:etymology	fra: carte
fas: کارت پستال	rel:etymology	fra: carte postale
fas: کارتون	rel:etymology	eng: cartoon
fas: کاروان	rel:etymology	pal: 𐭪𐭠𐭫𐭥𐭠𐭭
fas: کاروانسرای	rel:etymology	fas: سرای
fas: کاروانسرای	rel:etymology	fas: کاروان
fas: کاروان‌سرا	rel:etymology	fas: سرا
fas: کاروان‌سرا	rel:etymology	fas: کاروان
fas: کارگیر	rel:etymology	xcl: քարուկիր
fas: کاشف	rel:etymology	ara: كاشِف
fas: کافر	rel:etymology	ara: كافر
fas: کافه	rel:etymology	fra: café
fas: کاما سوترا	rel:etymology	san: कामसूत्र
fas: کامل	rel:etymology	ara: كامل
fas: کاپوت	rel:etymology	fra: capote
fas: کایوت	rel:etymology	fra: coyote
fas: کایوتی	rel:etymology	eng: coyote
fas: کباب	rel:etymology	ara: كباب
fas: کبریت	rel:etymology	ara: كبريت
fas: کتاب	rel:etymology	ara: كتاب
fas: کتف	rel:etymology	ara: كتف
fas: کتلت	rel:etymology	fra: côtelette
fas: کثیف	rel:etymology	ara: كثيف
fas: کراوات	rel:etymology	fra: cravate
fas: کراک	rel:etymology	eng: crack
fas: کرس	rel:etymology	akk: 𒌋𒀜
fas: کرست	rel:etymology	fra: corset
fas: کرم	rel:etymology	ara: كرم
fas: کرم	rel:etymology	fra: crème
fas: کرمست	rel:etymology	san: कृमिज
fas: کریستوفر	rel:etymology	eng: Christopher
fas: کشف	rel:etymology	ara: كشف
fas: کشور	rel:etymology	pal: 𐭪𐭱𐭥𐭥
fas: کلاس	rel:etymology	fra: classe
fas: کلاسیک	rel:etymology	fra: classique
fas: کلمه	rel:etymology	ara: كلمة
fas: کلید	rel:etymology	grc: κλείς
fas: کلیسا	rel:etymology	ell: εκκλησία
fas: کلیشه	rel:etymology	fra: cliché
fas: کم	rel:etymology	pal: 𐭪𐭬
fas: کمان	rel:etymology	pal: 𐭪𐭬𐭠𐭭
fas: کمزور	rel:etymology	fas: زور
fas: کمزور	rel:etymology	fas: کم
fas: کمپوت	rel:etymology	fra: compote
fas: کمیته	rel:etymology	fra: comité
fas: کنجد	rel:etymology	pal: 𐭪𐭥𐭭𐭰𐭲
fas: کنسرت	rel:etymology	fra: concert
fas: کنعان	rel:etymology	ara: كنعان
fas: کنفرانس	rel:etymology	fra: conférence
fas: کنکور	rel:etymology	fra: concours
fas: کهربا	rel:etymology	pal: 𐭪𐭧𐭫𐭯𐭠𐭣
fas: کوالالامپور	rel:etymology	msa: Kuala Lumpur
fas: کودتا	rel:etymology	fra: coup d’état
fas: کور	rel:etymology	hbs: -av
fas: کور	rel:etymology	hbs: -ав
fas: کور	rel:etymology	pal: 𐭪𐭥𐭥
fas: کوره	rel:etymology	ara: كورة
fas: کوسن	rel:etymology	fra: coussin
fas: کوشک	rel:etymology	pal: 𐭪𐭥𐭱𐭪
fas: کوفته	rel:etymology	fas: کوفتن
fas: کولر	rel:etymology	eng: cooler
fas: کون	rel:etymology	ara: كون
fas: کوکب	rel:etymology	ara: كوكب
fas: کپی	rel:etymology	fra: copie
fas: کژدم	rel:etymology	fas: دم
fas: کژدم	rel:etymology	fas: کژ
fas: کیش	rel:etymology	pal: 𐭪𐭩𐭱
fas: کیف	rel:etymology	fas: كيف
fas: کیلومتر	rel:etymology	fra: kilomètre
fas: کیمیاگر	rel:etymology	fas: کیمیا
fas: کیمیاگر	rel:etymology	fas: گر
fas: کین	rel:etymology	pal: 𐭪𐭩𐭭
fas: کیهان	rel:etymology	pal: 𐭢𐭩𐭤𐭠𐭭
fas: کیوان	rel:etymology	pal: 𐭪𐭩𐭥𐭠𐭭
fas: کیوسک	rel:etymology	fra: kiosque
fas: گاراژ	rel:etymology	fra: garage
fas: گالری	rel:etymology	fra: galerie
fas: گاه	rel:etymology	pal: 𐭢𐭠𐭮
fas: گاومیش	rel:etymology	pal: 𐭲𐭥𐭥𐭠𐭬𐭩𐭱
fas: گربه‌ماهی	rel:etymology	fas: ماهی
fas: گربه‌ماهی	rel:etymology	fas: گربه
fas: گرمابه	rel:etymology	fas: آب
fas: گرمابه	rel:etymology	fas: ه
fas: گرمابه	rel:etymology	fas: گرم
fas: گریدر	rel:etymology	eng: grader
fas: گریزان	rel:etymology	fas: گریختن
fas: گزیدن	rel:etymology	pal: 𐭢𐭰𐭩𐭲𐭭𐭩
fas: گزیدن	rel:etymology	pal: 𐭥𐭰𐭩𐭲𐭭𐭩
fas: گمارا	rel:etymology	hye: գոմ
fas: گنج	rel:etymology	pal: 𐭢𐭭𐭰
fas: گوریل	rel:etymology	fra: gorille
fas: گوگل	rel:etymology	eng: Google
fas: گیس	rel:etymology	pal: 𐭢𐭩𐭮
fas: گیشه	rel:etymology	fra: guichet
fas: گیومه	rel:etymology	fra: guillemet
fas: گیک	rel:etymology	eng: geek
fas: یاسمین	rel:etymology	pal: 𐭩𐭠𐭮𐭬𐭭
fas: یاقوت	rel:etymology	ara: ياقوت
fas: یاکند	rel:etymology	pal: 𐭩𐭠𐭪𐭭𐭣
fas: یتیم	rel:etymology	ara: يتيم
fas: یخچال	rel:etymology	fas: چال
fas: یخچال	rel:etymology	fas: یخ
fas: یراق	rel:etymology	tur: yarak
fas: یزدان	rel:etymology	pal: 𐭩𐭦𐭲𐭠𐭭
fas: یعنی	rel:etymology	ara: يعني
fas: یقین	rel:etymology	ara: يقين
fas: ین	rel:etymology	pal: 𐭩𐭭
fas: یواش	rel:etymology	tur: yavaş
fas: یوم	rel:etymology	ara: يوم
fas: یکدیگر	rel:etymology	fas: دیگر
fas: یکدیگر	rel:etymology	fas: یک
fas: ﷼	rel:etymology	ara: ﷼
