rus: kulak	rel:etymology	rus: кулак
rus: pogrom	rel:etymology	rus: погром
rus: Абадан	rel:etymology	fas: آبادان
rus: Аббас	rel:etymology	ara: عباس
rus: Абдулла	rel:etymology	ara: عبد الله
rus: Абраамян	rel:etymology	hye: Աբրահամյան
rus: Авель	rel:etymology	grc: Ἅβελ
rus: Аллах	rel:etymology	ara: الله
rus: Аль-Джазира	rel:etymology	ara: جزيرة
rus: Аристотель	rel:etymology	grc: Ἀριστοτέλης
rus: Армения	rel:etymology	grc: Ἀρμενία
rus: Байкал	rel:etymology	bua: Байгал нуур
rus: Баку	rel:etymology	aze: Bakı
rus: Вадим	rel:etymology	orv: Вадимъ
rus: Валентин	rel:etymology	lat: Valentinus
rus: Василий	rel:etymology	grc: Βασίλειος
rus: Венгрия	rel:etymology	pol: Węgry
rus: Вера	rel:etymology	rus: вера
rus: Википедия	rel:etymology	eng: Wikipedia
rus: Виктория	rel:etymology	lat: Victoria
rus: Галина	rel:etymology	grc: γαλήνη
rus: Ганг	rel:etymology	san: गङ्गा
rus: Гильгамеш	rel:etymology	akk: 𒄑𒂆𒈦
rus: Глеб	rel:etymology	orv: Гълѣбъ
rus: Гоголь	rel:etymology	rus: гоголь
rus: Гордей	rel:etymology	grc: Γορδίας
rus: Дамиан	rel:etymology	grc: Δαμιανός
rus: Джомолунгма	rel:etymology	bod: ཇོ་མོ་གླང་མ
rus: Диккенс	rel:etymology	eng: Dickens
rus: Дмитрий	rel:etymology	lat: Demetrius
rus: Дорофей	rel:etymology	grc: Δωροθέος
rus: Евгения	rel:etymology	grc: Εὐγενία
rus: Евдокия	rel:etymology	grc: εὐδοκία
rus: Евровидение	rel:etymology	rus: видение
rus: Евровидение	rel:etymology	rus: евро-
rus: Евсей	rel:etymology	grc: Ευσέβιος
rus: Екатерина	rel:etymology	grc: Αἰκατερίνη
rus: Ермолай	rel:etymology	grc: Ἑρμόλαος
rus: Игорь	rel:etymology	non: Yngvarr
rus: Ингушетия	rel:etymology	kat: ინგუშეთი
rus: Йоркшир	rel:etymology	eng: Yorkshire
rus: Казвин	rel:etymology	fas: قزوین
rus: Каин	rel:etymology	grc: Κάϊν
rus: Камасутра	rel:etymology	san: कामसूत्र
rus: Киликия	rel:etymology	grc: Κιλικία
rus: Ким	rel:etymology	kor: 김
rus: Китай	rel:etymology	orv: Китай
rus: Клавдия	rel:etymology	lat: Claudia
rus: Конли	rel:etymology	eng: Conley
rus: Коннелли	rel:etymology	eng: Connelly
rus: Коран	rel:etymology	ara: القرآن
rus: Ксения	rel:etymology	grc: ξενία
rus: Ксеркс	rel:etymology	grc: Ξέρξης
rus: Куала-Лумпур	rel:etymology	msa: Kuala Lumpur
rus: Курган	rel:etymology	rus: курган
rus: Ладога	rel:etymology	orv: Ладога
rus: Леонид	rel:etymology	grc: Λεωνίδας
rus: Македония	rel:etymology	grc: Μακεδονία
rus: Мао	rel:etymology	cmn: 毛
rus: Медведев	rel:etymology	rus: медведь
rus: Медуза	rel:etymology	grc: Μέδουσα
rus: Михаил	rel:etymology	heb: מיכאל
rus: Нейпьидо	rel:etymology	mya: နေပြည်တော်
rus: Ника	rel:etymology	grc: Νίκη
rus: Ницца	rel:etymology	ita: Nizza
rus: Олег	rel:etymology	orv: Ольгъ
rus: Осетия	rel:etymology	kat: ოსეთი
rus: Пасха	rel:etymology	lat: pascha
rus: Персефона	rel:etymology	grc: Περσεφόνη
rus: Петросян	rel:etymology	hye: Պետրոսյան
rus: Попов	rel:etymology	rus: поп
rus: Приднестровье	rel:etymology	rus: -ье
rus: Приднестровье	rel:etymology	rus: Днестр
rus: Приднестровье	rel:etymology	rus: при-
rus: Путин	rel:etymology	rus: путь
rus: Пушкин	rel:etymology	rus: пушка
rus: Пятачок	rel:etymology	rus: пятачок
rus: Раздан	rel:etymology	hye: Հրազդան
rus: Родиния	rel:etymology	rus: родина
rus: Рождество	rel:etymology	chu: рождьство
rus: Россия	rel:etymology	grc: Ῥωσία
rus: Русь	rel:etymology	orv: Русь
rus: Рюрик	rel:etymology	orv: Рюрикъ
rus: Светлана	rel:etymology	rus: свет
rus: Святослав	rel:etymology	orv: Свѧтославъ
rus: Севан	rel:etymology	hye: Սևան
rus: Селена	rel:etymology	grc: Σελήνη
rus: Семирамида	rel:etymology	grc: Σεμίραμις
rus: Сергей	rel:etymology	lat: Sergius
rus: Симферополь	rel:etymology	ell: Συμφερόπολις
rus: Соня	rel:etymology	grc: σοφία
rus: Сусанна	rel:etymology	chu: Соусана
rus: Тамара	rel:etymology	heb: תמר
rus: Татьяна	rel:etymology	lat: Tatiana
rus: Тбилиси	rel:etymology	kat: თბილისი
rus: Фолкнер	rel:etymology	eng: Faulkner
rus: Хрущёв	rel:etymology	rus: хрущ
rus: Ху	rel:etymology	cmn: 胡
rus: Цхинвал	rel:etymology	kat: ცხინვალი
rus: Цхинвали	rel:etymology	kat: ცხინვალი
rus: Чернобыль	rel:etymology	rus: чернобыль
rus: Шайтан	rel:etymology	ara: شيطان
rus: Эстония	rel:etymology	lat: Estonia
rus: Юрий	rel:etymology	orv: Гюрги
rus: Яма	rel:etymology	rus: яма
rus: Яма	rel:etymology	san: यम
rus: абажур	rel:etymology	fra: abat-jour
rus: аббат	rel:etymology	ita: abbate
rus: абвер	rel:etymology	deu: Abwehr
rus: абдикация	rel:etymology	lat: abdicatio
rus: абдомен	rel:etymology	lat: abdomen
rus: абдукция	rel:etymology	lat: abductio
rus: аберрация	rel:etymology	lat: aberratio
rus: абзац	rel:etymology	deu: Absatz
rus: абиссаль	rel:etymology	grc: ἄβυσσος
rus: абитуриент	rel:etymology	deu: Abiturient
rus: аблатив	rel:etymology	lat: ablativus
rus: аблаут	rel:etymology	deu: Ablaut
rus: аблятив	rel:etymology	lat: ablativus
rus: абляция	rel:etymology	lat: ablatio
rus: аболиционизм	rel:etymology	eng: abolitionism
rus: абонемент	rel:etymology	lat: abonnement
rus: абордаж	rel:etymology	fra: abordage
rus: абориген	rel:etymology	lat: aborigines
rus: абрек	rel:etymology	oss: абрӕг
rus: абрикос	rel:etymology	nld: abrikoos
rus: абрис	rel:etymology	deu: Abriss
rus: аброгация	rel:etymology	lat: abrogare
rus: абсанс	rel:etymology	fra: absence
rus: абсент	rel:etymology	lat: absinthe
rus: абсида	rel:etymology	lat: ἁψίς
rus: абсолют	rel:etymology	lat: absolutus
rus: абсорбировать	rel:etymology	lat: absorbere
rus: абсорбция	rel:etymology	lat: absorbere
rus: абстракт	rel:etymology	lat: abstractus
rus: абулия	rel:etymology	grc: ἀβουλία
rus: аванпост	rel:etymology	fra: avant-poste
rus: авантюра	rel:etymology	fra: aventure
rus: авария	rel:etymology	ita: avaria
rus: аватар	rel:etymology	eng: avatar
rus: автор	rel:etymology	pol: autor
rus: агрегат	rel:etymology	fra: agrégat
rus: адрес	rel:etymology	pol: adres
rus: ажан	rel:etymology	fra: agent
rus: азарт	rel:etymology	fra: hasard
rus: айкидо	rel:etymology	jpn: 合気道
rus: айсберг	rel:etymology	deu: Eisberg
rus: аккаунт	rel:etymology	eng: account
rus: акростих	rel:etymology	ell: ακροστιχίς
rus: аксамит	rel:etymology	grc: ἑξάμιτος
rus: акула	rel:etymology	non: hákall
rus: алеуты	rel:etymology	ale: allíthuh
rus: алия	rel:etymology	heb: עלייה
rus: алкоголизм	rel:etymology	rus: -изм
rus: алкоголизм	rel:etymology	rus: алкоголь
rus: аллах	rel:etymology	tur: Allah
rus: аллонж	rel:etymology	fra: allonge
rus: анархический	rel:etymology	rus: анархия
rus: ангел	rel:etymology	grc: ἄγγελος
rus: аниец	rel:etymology	hye: Անի
rus: анкета	rel:etymology	fra: enquête
rus: аномалия	rel:etymology	grc: ἀνωμαλία
rus: аномальный	rel:etymology	rus: аномалия
rus: анонимность	rel:etymology	rus: -ость
rus: анонимность	rel:etymology	rus: анонимный
rus: анонс	rel:etymology	fra: annonce
rus: античастица	rel:etymology	rus: анти-
rus: античастица	rel:etymology	rus: частица
rus: анус	rel:etymology	lat: anus
rus: анчоус	rel:etymology	fra: anchois
rus: аншлюс	rel:etymology	deu: Anschluss
rus: аорист	rel:etymology	grc: ἀόριστος
rus: апартеид	rel:etymology	afr: apartheid
rus: апатия	rel:etymology	grc: ἀπάθεια
rus: апокалипсис	rel:etymology	grc: ἀποκάλυψις
rus: аппаратчик	rel:etymology	rus: -чик
rus: аппаратчик	rel:etymology	rus: аппарат
rus: апперкот	rel:etymology	eng: uppercut
rus: апсида	rel:etymology	lat: ἁψίς
rus: арба	rel:etymology	tur: araba
rus: аргентум	rel:etymology	lat: argentum
rus: арендатор	rel:etymology	lat: arrenda
rus: армянин	rel:etymology	chu: армѣнинъ
rus: арфа	rel:etymology	deu: Harfe
rus: архонт	rel:etymology	grc: ἄρχων
rus: асана	rel:etymology	san: आसन
rus: асексуальность	rel:etymology	rus: -ость
rus: асексуальность	rel:etymology	rus: асексуальный
rus: аспект	rel:etymology	lat: aspectus
rus: астрономический	rel:etymology	rus: -ческий
rus: астрономический	rel:etymology	rus: астрономия
rus: ателье	rel:etymology	fra: atelier
rus: атташе	rel:etymology	fra: attaché
rus: аутсайдер	rel:etymology	eng: outsider
rus: аутсорсинг	rel:etymology	eng: outsourcing
rus: афера	rel:etymology	fra: affaire
rus: афтершок	rel:etymology	eng: aftershock
rus: аятолла	rel:etymology	fas: آیت‌الله
rus: баг	rel:etymology	eng: bug
rus: багаж	rel:etymology	fra: bagage
rus: базар	rel:etymology	fas: بازار
rus: бай-бай	rel:etymology	eng: bye-bye
rus: байцзю	rel:etymology	cmn: 白酒
rus: бакенбарды	rel:etymology	deu: Backenbart
rus: баклава	rel:etymology	tur: baklava
rus: баклага	rel:etymology	tat: баклак
rus: балаболка	rel:etymology	rus: -ка
rus: балаболка	rel:etymology	rus: балаболить
rus: балл	rel:etymology	fra: balle
rus: бамбук	rel:etymology	eng: bamboo
rus: банан	rel:etymology	fra: banane
rus: банк	rel:etymology	deu: Bank
rus: банкир	rel:etymology	deu: Bankier
rus: барак	rel:etymology	fra: baraque
rus: барбекю	rel:etymology	eng: barbecue
rus: бархан	rel:etymology	kaz: бархан
rus: баста	rel:etymology	ita: basta
rus: бастурма	rel:etymology	hye: բաստուրմա
rus: батут	rel:etymology	fra: batoude
rus: башлык	rel:etymology	tur: başlık
rus: башмак	rel:etymology	tur: başmak
rus: башмачник	rel:etymology	rus: -ник
rus: башмачник	rel:etymology	rus: башмак
rus: бедность	rel:etymology	rus: -ость
rus: бедность	rel:etymology	rus: бедный
rus: бедуин	rel:etymology	ara: بدويون
rus: безграмотность	rel:etymology	rus: -ость
rus: безграмотность	rel:etymology	rus: безграмотный
rus: безнадёжность	rel:etymology	rus: -ость
rus: безнадёжность	rel:etymology	rus: безнадёжный
rus: безнравственность	rel:etymology	rus: -ость
rus: безнравственность	rel:etymology	rus: безнравственный
rus: безопасность	rel:etymology	rus: -ость
rus: безопасность	rel:etymology	rus: безопасный
rus: бек	rel:etymology	ota: بك
rus: беспокойство	rel:etymology	rus: -ость
rus: беспокойство	rel:etymology	rus: беспокойный
rus: беспомощность	rel:etymology	rus: -ость
rus: беспомощность	rel:etymology	rus: беспомощный
rus: бессмертие	rel:etymology	rus: -ие
rus: бессмертие	rel:etymology	rus: бес-
rus: бессмертие	rel:etymology	rus: смерть
rus: бессмыслица	rel:etymology	rus: бес-
rus: бессмыслица	rel:etymology	rus: смысл
rus: бестселлер	rel:etymology	eng: bestseller
rus: бетон	rel:etymology	fra: béton
rus: биг-мэк	rel:etymology	eng: Big Mac
rus: бигуди	rel:etymology	fra: bigoudi
rus: биде	rel:etymology	fra: bidet
rus: бисексуальность	rel:etymology	rus: -ость
rus: бисексуальность	rel:etymology	rus: бисексуальный
rus: бистро	rel:etymology	fra: bistro
rus: благостыня	rel:etymology	chu: благостынѧ
rus: бледность	rel:etymology	rus: -ость
rus: бледность	rel:etymology	rus: бледный
rus: блеф	rel:etymology	eng: bluff
rus: блог	rel:etymology	eng: blog
rus: блоггер	rel:etymology	eng: blogger
rus: блокада	rel:etymology	deu: Blockade
rus: блокбастер	rel:etymology	eng: blockbuster
rus: блузник	rel:etymology	rus: -ник
rus: блузник	rel:etymology	rus: блуза
rus: боекомплект	rel:etymology	rus: бое-
rus: боекомплект	rel:etymology	rus: комплект
rus: бойкот	rel:etymology	eng: boycott
rus: бойфренд	rel:etymology	eng: boyfriend
rus: болтун	rel:etymology	rus: -ун
rus: болтун	rel:etymology	rus: болтать
rus: большевик	rel:etymology	rus: большинство
rus: бомбоубежище	rel:etymology	rus: бомба
rus: бомбоубежище	rel:etymology	rus: убежище
rus: бонг	rel:etymology	tha: บ้อง
rus: бонсай	rel:etymology	jpn: 盆栽
rus: бордюр	rel:etymology	fra: bordure
rus: борец	rel:etymology	rus: бороться
rus: боржоми	rel:etymology	kat: ბორჯომი
rus: борзой	rel:etymology	rus: борзый
rus: бра	rel:etymology	fra: bras
rus: брак	rel:etymology	chu: бракъ
rus: браконьер	rel:etymology	fra: braconnier
rus: брандер	rel:etymology	deu: Brander
rus: брандмауэр	rel:etymology	deu: Brandmauer
rus: брелок	rel:etymology	fra: breloque
rus: бренд	rel:etymology	eng: brand
rus: бренди	rel:etymology	eng: brandy
rus: броня	rel:etymology	got: 𐌱𐍂𐌿𐌽𐌾𐍉
rus: брошюра	rel:etymology	fra: brochure
rus: брюки	rel:etymology	nld: broek
rus: букварь	rel:etymology	rus: -арь
rus: букварь	rel:etymology	rus: буква
rus: булавка	rel:etymology	rus: -ка
rus: булавка	rel:etymology	rus: булава
rus: бульвар	rel:etymology	fra: boulevard
rus: бульдог	rel:etymology	eng: bulldog
rus: бульдозер	rel:etymology	eng: bulldozer
rus: бум	rel:etymology	eng: boom
rus: бунт	rel:etymology	deu: Bund
rus: бутерброд	rel:etymology	deu: Butterbrot
rus: бутылка	rel:etymology	pol: butelka
rus: бухгалтер	rel:etymology	deu: Buchhalter
rus: бухло	rel:etymology	rus: -ло
rus: бухло	rel:etymology	rus: бухать
rus: бухта	rel:etymology	deu: Bucht
rus: бухта	rel:etymology	nld: bocht
rus: бушель	rel:etymology	eng: bushel
rus: бушприт	rel:etymology	nld: boegspriet
rus: бытность	rel:etymology	rus: -ность
rus: бытность	rel:etymology	rus: быт
rus: бюст	rel:etymology	fra: buste
rus: бюстгальтер	rel:etymology	deu: Büstenhalter
rus: вага	rel:etymology	pol: waga
rus: вагина	rel:etymology	lat: vagina
rus: вагинальный	rel:etymology	rus: вагина
rus: важность	rel:etymology	rus: -ость
rus: важность	rel:etymology	rus: важный
rus: вакансия	rel:etymology	fra: vacance
rus: вакса	rel:etymology	deu: Wachs
rus: вакуум	rel:etymology	lat: vacuum
rus: валторна	rel:etymology	pol: waltornia
rus: валькирия	rel:etymology	non: valkyrja
rus: вальс	rel:etymology	fra: valse
rus: валюта	rel:etymology	ita: valuta
rus: ванна	rel:etymology	deu: Wanne
rus: ванна	rel:etymology	goh: wanna
rus: варвар	rel:etymology	grc: βάρβαρος
rus: вариант	rel:etymology	fra: variante
rus: васаби	rel:etymology	jpn: 山葵
rus: вассал	rel:etymology	fra: vassal
rus: ватерпас	rel:etymology	nld: waterpas
rus: вафля	rel:etymology	deu: Waffel
rus: вахта	rel:etymology	deu: Wacht
rus: вахтёр	rel:etymology	deu: Wächter
rus: ведение	rel:etymology	rus: ведать
rus: ведение	rel:etymology	rus: вести
rus: ведро	rel:etymology	orv: вѣдро
rus: веер	rel:etymology	deu: Weher
rus: велосипед	rel:etymology	fra: vélocipède
rus: венгр	rel:etymology	pol: Węgier
rus: вено	rel:etymology	orv: вѣно
rus: вентерь	rel:etymology	lit: vénteris
rus: вермишель	rel:etymology	ita: vermicelli
rus: вермут	rel:etymology	deu: Wermut
rus: верфь	rel:etymology	nld: werf
rus: вестибюль	rel:etymology	fra: vestibule
rus: видеокассета	rel:etymology	eng: videocassette
rus: виджет	rel:etymology	eng: widget
rus: визирь	rel:etymology	tur: vezir
rus: виконт	rel:etymology	fra: vicomte
rus: винегрет	rel:etymology	fra: vinaigrette
rus: винительный	rel:etymology	rus: винить
rus: виски	rel:etymology	eng: whiskey
rus: воздухоплавание	rel:etymology	rus: воздух
rus: воздухоплавание	rel:etymology	rus: плавание
rus: волан	rel:etymology	fra: volant
rus: волонтёр	rel:etymology	fra: volontaire
rus: волосатый	rel:etymology	rus: волосы
rus: волох	rel:etymology	orv: волохъ
rus: вольфрам	rel:etymology	deu: Wolfram
rus: вона	rel:etymology	kor: 원
rus: вопросительный	rel:etymology	rus: вопрос
rus: воротник	rel:etymology	rus: -ник
rus: воротник	rel:etymology	rus: ворот
rus: восточноармянский	rel:etymology	rus: армянский
rus: восточноармянский	rel:etymology	rus: восточный
rus: вотум	rel:etymology	lat: votum
rus: впечатление	rel:etymology	rus: -ение
rus: впечатление	rel:etymology	rus: в-
rus: впечатление	rel:etymology	rus: печать
rus: вульгарный	rel:etymology	lat: vulgaris
rus: вундеркинд	rel:etymology	deu: Wunderkind
rus: вчера	rel:etymology	rus: вечер
rus: выебать	rel:etymology	rus: вы-
rus: выебать	rel:etymology	rus: ебать
rus: газ	rel:etymology	fas: گز
rus: газ	rel:etymology	fra: gaz
rus: газ	rel:etymology	fra: gaze
rus: газон	rel:etymology	fra: gazon
rus: гайдук	rel:etymology	hun: hajdúk
rus: галактический	rel:etymology	rus: -еский
rus: галактический	rel:etymology	rus: галактика
rus: галлицизм	rel:etymology	fra: gallicisme
rus: галстук	rel:etymology	deu: Halstuch
rus: гамелан	rel:etymology	msa: gamelan
rus: гараж	rel:etymology	fra: garage
rus: гардероб	rel:etymology	fra: garderobe
rus: гастарбайтер	rel:etymology	deu: Gastarbeiter
rus: гей	rel:etymology	eng: gay
rus: гейша	rel:etymology	jpn: 芸者
rus: генералиссимус	rel:etymology	lat: generalissimus
rus: герб	rel:etymology	pol: herb
rus: гербарий	rel:etymology	lat: herbarium
rus: геркулесовая каша	rel:etymology	rus: геркулесовый
rus: геркулесовая каша	rel:etymology	rus: каша
rus: герцог	rel:etymology	deu: Herzog
rus: гестапо	rel:etymology	deu: Gestapo
rus: гетеросексуальность	rel:etymology	rus: -ость
rus: гетеросексуальность	rel:etymology	rus: гетеросексуальный
rus: гидрофойл	rel:etymology	eng: hydrofoil
rus: гильза	rel:etymology	deu: Hülse
rus: гипермаркет	rel:etymology	eng: hypermarket
rus: главный лонжерон	rel:etymology	fra: longeron
rus: глазок	rel:etymology	rus: -ок
rus: глазок	rel:etymology	rus: глаз
rus: глазунья	rel:etymology	rus: глаз
rus: гланда	rel:etymology	fra: glande
rus: гланда	rel:etymology	xcl: glande
rus: гласность	rel:etymology	rus: -ость
rus: гласность	rel:etymology	rus: гласный
rus: глухарь	rel:etymology	rus: -арь
rus: глухарь	rel:etymology	rus: глухой
rus: гну	rel:etymology	eng: gnu
rus: го	rel:etymology	jpn: 碁
rus: гобой	rel:etymology	fra: hautbois
rus: год	rel:etymology	orv: годъ
rus: година	rel:etymology	orv: годъ
rus: гой	rel:etymology	yid: גוי
rus: гойка	rel:etymology	rus: -ка
rus: гойка	rel:etymology	rus: гой
rus: гол	rel:etymology	eng: goal
rus: гололёд	rel:etymology	rus: голый
rus: гололёд	rel:etymology	rus: лёд
rus: голубой	rel:etymology	rus: голубь
rus: гомо сапиенс	rel:etymology	lat: Homo sapiens
rus: гомосексуальность	rel:etymology	rus: -ость
rus: гомосексуальность	rel:etymology	rus: гомосексуальный
rus: гондон	rel:etymology	eng: condom
rus: горелка	rel:etymology	ukr: горілка
rus: горемыка	rel:etymology	rus: горе
rus: горемыка	rel:etymology	rus: мыкать
rus: горнило	rel:etymology	rus: -ило
rus: горнило	rel:etymology	rus: горн
rus: госпиталь	rel:etymology	fro: hospital
rus: государь	rel:etymology	rus: господарь
rus: грабар	rel:etymology	hye: գրաբար
rus: гравий	rel:etymology	fra: gravier
rus: град	rel:etymology	lat: gradus
rus: градус	rel:etymology	lat: gradus
rus: грамота	rel:etymology	grc: γράμματα
rus: граф	rel:etymology	deu: Graf
rus: граффити	rel:etymology	ita: graffiti
rus: грейпфрут	rel:etymology	eng: grapefruit
rus: гривенник	rel:etymology	rus: -ник
rus: гривенник	rel:etymology	rus: гривна
rus: гризли	rel:etymology	eng: grizzly
rus: грипп	rel:etymology	fra: grippe
rus: гроссмейстер	rel:etymology	deu: Großmeister
rus: грунт	rel:etymology	deu: Grund
rus: гуманизм	rel:etymology	lat: humanus
rus: гунфу	rel:etymology	cmn: 功夫
rus: гусар	rel:etymology	hbs: gusar
rus: гусёнок	rel:etymology	rus: -онок
rus: гусёнок	rel:etymology	rus: гусь
rus: гэта	rel:etymology	jpn: 下駄
rus: гюрза	rel:etymology	fas: گرزه
rus: гёрлфренд	rel:etymology	eng: girlfriend
rus: дама	rel:etymology	fra: dame
rus: дательный	rel:etymology	rus: дать
rus: дача	rel:etymology	rus: дать
rus: дебют	rel:etymology	fra: début
rus: дева	rel:etymology	chu: дѣва
rus: деванагари	rel:etymology	san: देवनागरी
rus: девиз	rel:etymology	fra: devise
rus: декольте	rel:etymology	fra: décolleté
rus: декоративный	rel:etymology	fra: décoratif
rus: дексель	rel:etymology	deu: Dechsel
rus: дельфин	rel:etymology	deu: Delphin
rus: демонический	rel:etymology	rus: -ческий
rus: демонический	rel:etymology	rus: демон
rus: денди	rel:etymology	eng: dandy
rus: денница	rel:etymology	rus: -ница
rus: денница	rel:etymology	rus: день
rus: дервиш	rel:etymology	tur: derviş
rus: держать	rel:etymology	orv: дръжѫ
rus: десант	rel:etymology	fra: descent
rus: десантник	rel:etymology	rus: -ник
rus: десантник	rel:etymology	rus: десант
rus: деталь	rel:etymology	fra: détail
rus: дефис	rel:etymology	deu: Divis
rus: дешевизна	rel:etymology	rus: -изна
rus: дешевизна	rel:etymology	rus: дешёвый
rus: дешёвка	rel:etymology	rus: -ка
rus: дешёвка	rel:etymology	rus: дешёвый
rus: джем	rel:etymology	eng: jam
rus: джин	rel:etymology	eng: gin
rus: джинн	rel:etymology	ara: جن
rus: джойстик	rel:etymology	eng: joystick
rus: джунгли	rel:etymology	eng: jungle
rus: дзюдо	rel:etymology	jpn: 柔道
rus: дизайн	rel:etymology	eng: design
rus: дилемма	rel:etymology	lat: dilemma
rus: директор	rel:etymology	deu: Direktor
rus: диск	rel:etymology	grc: δίσκος
rus: дисфория	rel:etymology	grc: δυσφορία
rus: дифирамб	rel:etymology	grc: διθύραμβος
rus: дичина	rel:etymology	rus: -ина
rus: дичина	rel:etymology	rus: дичь
rus: длинный	rel:etymology	rus: длина
rus: дог	rel:etymology	eng: dog
rus: дож	rel:etymology	fra: doge
rus: домкрат	rel:etymology	nld: dommekracht
rus: домой	rel:etymology	chu: домови
rus: донбури	rel:etymology	jpn: 丼
rus: досье	rel:etymology	fra: dossier
rus: дремать	rel:etymology	chu: дрѣмати
rus: дубляж	rel:etymology	fra: doublage
rus: дудук	rel:etymology	hye: դուդուկ
rus: дуриан	rel:etymology	eng: durian
rus: дуршлаг	rel:etymology	deu: Durchschlag
rus: душ	rel:etymology	fra: douche
rus: душа	rel:etymology	orv: дѹша
rus: душман	rel:etymology	ota: دشمان
rus: дюжина	rel:etymology	fra: douzaine
rus: дюйм	rel:etymology	nld: duim
rus: ебло	rel:etymology	rus: ебать
rus: еврей	rel:etymology	ell: Εβραίος
rus: епископ	rel:etymology	grc: ἐπίσκοπος
rus: ермолка	rel:etymology	yid: יאַרמלקע
rus: ефрейтор	rel:etymology	deu: Gefreiter
rus: её	rel:etymology	chu: ѭ
rus: жадность	rel:etymology	rus: -ость
rus: жадность	rel:etymology	rus: жадный
rus: жанр	rel:etymology	fra: genre
rus: жаргон	rel:etymology	fra: jargon
rus: железистый	rel:etymology	rus: железа
rus: железистый	rel:etymology	rus: железо
rus: женский	rel:etymology	rus: жена
rus: женственность	rel:etymology	rus: -ость
rus: женственность	rel:etymology	rus: женственный
rus: жестокость	rel:etymology	rus: -ость
rus: жестокость	rel:etymology	rus: жестокий
rus: живность	rel:etymology	rus: -ность
rus: живность	rel:etymology	rus: живой
rus: жидок	rel:etymology	rus: -ок
rus: жидок	rel:etymology	rus: жид
rus: жлоб	rel:etymology	yid: זשלאָב
rus: жокейский	rel:etymology	rus: жокей
rus: жонглёр	rel:etymology	fra: jongleur
rus: журнал	rel:etymology	fra: journal
rus: журналист	rel:etymology	fra: journaliste
rus: жюри	rel:etymology	fra: jury
rus: завоевать	rel:etymology	rus: воевать
rus: завоевать	rel:etymology	rus: за-
rus: завоёвывать	rel:etymology	rus: воевать
rus: завоёвывать	rel:etymology	rus: за-
rus: заглинизированность	rel:etymology	rus: -ость
rus: заглинизированность	rel:etymology	rus: заглинизированный
rus: задремать	rel:etymology	rus: дремать
rus: задремать	rel:etymology	rus: за-
rus: зазнобушка	rel:etymology	rus: -ушка
rus: зазнобушка	rel:etymology	rus: зазноба
rus: зал	rel:etymology	deu: Saal
rus: замок	rel:etymology	pol: zamek
rus: западноармянский	rel:etymology	rus: армянский
rus: западноармянский	rel:etymology	rus: западный
rus: запой	rel:etymology	rus: за-
rus: запой	rel:etymology	rus: петь
rus: запой	rel:etymology	rus: пить
rus: затрата	rel:etymology	rus: за-
rus: затрата	rel:etymology	rus: трата
rus: заход	rel:etymology	rus: заходить
rus: звёздочка	rel:etymology	rus: -очка
rus: звёздочка	rel:etymology	rus: звезда
rus: здравие	rel:etymology	rus: -ие
rus: здравие	rel:etymology	rus: здравый
rus: земство	rel:etymology	rus: земля
rus: злоупотреблять	rel:etymology	rus: зло
rus: злоупотреблять	rel:etymology	rus: употреблять
rus: знание	rel:etymology	rus: знать
rus: знать	rel:etymology	orv: знати
rus: зомби	rel:etymology	eng: zombie
rus: зонд	rel:etymology	fra: sonde
rus: зонтик	rel:etymology	nld: zonnedek
rus: зоохория	rel:etymology	rus: зоо-
rus: зурна	rel:etymology	tur: zurna
rus: иврит	rel:etymology	heb: עברית
rus: игумен	rel:etymology	grc: ἡγούμενος
rus: идти	rel:etymology	orv: ити
rus: иена	rel:etymology	jpn: 円
rus: изволение	rel:etymology	rus: -ение
rus: изволение	rel:etymology	rus: изволить
rus: изумруд	rel:etymology	fas: زمرد
rus: икебана	rel:etymology	jpn: 生け花
rus: икона	rel:etymology	ell: εικόνα
rus: икона	rel:etymology	grc: εἰκών
rus: икэбана	rel:etymology	jpn: 生け花
rus: имам	rel:etymology	ara: امام
rus: имейл	rel:etymology	eng: email
rus: именительный	rel:etymology	rus: имя
rus: имидж	rel:etymology	eng: image
rus: индивидуум	rel:etymology	lat: individuum
rus: индюк	rel:etymology	lat: indicus
rus: индюшонок	rel:etymology	rus: -онок
rus: индюшонок	rel:etymology	rus: индюк
rus: инкассатор	rel:etymology	ita: incassare
rus: иноверец	rel:etymology	rus: -ец
rus: иноверец	rel:etymology	rus: иноверный
rus: иноплеменник	rel:etymology	chu: иноплємєньникъ
rus: инородец	rel:etymology	rus: -ец
rus: инородец	rel:etymology	rus: инородный
rus: интеллигенция	rel:etymology	lat: intellegentia
rus: интернет	rel:etymology	eng: Internet
rus: иод	rel:etymology	fra: iode
rus: иронический	rel:etymology	rus: -ческий
rus: иронический	rel:etymology	rus: ирония
rus: ирредентизм	rel:etymology	ita: irredentismo
rus: исторический	rel:etymology	rus: -ческий
rus: исторический	rel:etymology	rus: история
rus: ишхан	rel:etymology	hye: իշխան
rus: йога	rel:etymology	san: योग
rus: йод	rel:etymology	fra: iode
rus: кабаре	rel:etymology	fra: cabaret
rus: кабуки	rel:etymology	jpn: 歌舞伎
rus: кавалер	rel:etymology	fra: cavalier
rus: кавказец	rel:etymology	rus: -ец
rus: кавказец	rel:etymology	rus: Кавказ
rus: казак	rel:etymology	tur: qazaq
rus: кайф	rel:etymology	ara: كيف
rus: кайфовать	rel:etymology	rus: кайф
rus: кактус	rel:etymology	ell: κάκτος
rus: калач	rel:etymology	rus: колач
rus: каллиграфия	rel:etymology	grc: καλλιγραφία
rus: кальмар	rel:etymology	fra: calmar
rus: кальсоны	rel:etymology	fra: caleçon
rus: камикадзе	rel:etymology	jpn: 神風
rus: кампания	rel:etymology	pol: kampania
rus: кана	rel:etymology	jpn: 仮名
rus: кандзи	rel:etymology	jpn: 漢字
rus: кандидат	rel:etymology	pol: kandydat
rus: кантон	rel:etymology	fra: canton
rus: капище	rel:etymology	chu: капиштє
rus: капот	rel:etymology	fra: capote
rus: каприз	rel:etymology	fra: caprice
rus: капут	rel:etymology	deu: kaputt
rus: кар	rel:etymology	eng: car
rus: карамель	rel:etymology	fra: caramel
rus: караоке	rel:etymology	jpn: カラオケ
rus: карате	rel:etymology	jpn: 空手
rus: каратэ	rel:etymology	jpn: 空手
rus: карета	rel:etymology	pol: kareta
rus: карлик	rel:etymology	pol: karlik
rus: карри	rel:etymology	tam: கறி
rus: карта	rel:etymology	pol: karta
rus: картофель	rel:etymology	deu: Kartoffel
rus: каскет	rel:etymology	fra: casquette
rus: каско	rel:etymology	spa: casco
rus: кастет	rel:etymology	fra: casse-tête
rus: катакана	rel:etymology	jpn: 片仮名
rus: каторга	rel:etymology	grc: κάτεργον
rus: качество	rel:etymology	chu: качьство
rus: кашалот	rel:etymology	fra: cachalot
rus: кашкет	rel:etymology	pol: kaszkiet
rus: кашне	rel:etymology	fra: cache-nez
rus: каштан	rel:etymology	pol: kasztan
rus: каюта	rel:etymology	deu: Kajüte
rus: квартал	rel:etymology	deu: Quartal
rus: квота	rel:etymology	lat: quota
rus: кекс	rel:etymology	deu: Keks
rus: келья	rel:etymology	grc: κελλία
rus: кенгуру	rel:etymology	eng: kangaroo
rus: керамика	rel:etymology	grc: κεραμικός
rus: кернер	rel:etymology	deu: Körner
rus: кефаль	rel:etymology	ell: κέφαλος
rus: кибератака	rel:etymology	rus: атака
rus: кибератака	rel:etymology	rus: кибер-
rus: кибитка	rel:etymology	ara: قبة
rus: киллер	rel:etymology	eng: killer
rus: кильватер	rel:etymology	nld: kielwater
rus: килька	rel:etymology	rus: Киль
rus: кимоно	rel:etymology	jpn: 着物
rus: кимчхи	rel:etymology	kor: 김치
rus: кинза	rel:etymology	kat: ქინძი
rus: кисмет	rel:etymology	tur: kısmet
rus: кит	rel:etymology	grc: κῆτος
rus: китель	rel:etymology	deu: Kittel
rus: клапан	rel:etymology	deu: Klappen
rus: клепсидра	rel:etymology	grc: κλεψύδρα
rus: клиент	rel:etymology	deu: Klient
rus: клик	rel:etymology	eng: click
rus: клише	rel:etymology	fra: cliché
rus: клозет	rel:etymology	eng: water closet
rus: клубника	rel:etymology	rus: клубень
rus: клюся	rel:etymology	orv: клюсѩ
rus: кнехт	rel:etymology	deu: Knecht
rus: ковбой	rel:etymology	eng: cowboy
rus: ковчег	rel:etymology	chu: ковьчєгъ
rus: ковы	rel:etymology	rus: ковать
rus: козинаки	rel:etymology	kat: გოზინაყი
rus: козлёнок	rel:etymology	rus: -онок
rus: козлёнок	rel:etymology	rus: козёл
rus: кокос	rel:etymology	deu: Kokos
rus: кокс	rel:etymology	deu: Koks
rus: коктейль	rel:etymology	eng: cocktail
rus: колба	rel:etymology	deu: Kolben
rus: колесо	rel:etymology	chu: коло
rus: колибри	rel:etymology	fra: colibri
rus: коллаж	rel:etymology	fra: collage
rus: коллега	rel:etymology	lat: collega
rus: колледж	rel:etymology	eng: college
rus: коллоквиум	rel:etymology	lat: colloquium
rus: колокольня	rel:etymology	rus: -ня
rus: колокольня	rel:etymology	rus: колокол
rus: комбайн	rel:etymology	eng: combine
rus: комбинезон	rel:etymology	fra: combinaison
rus: комиссар	rel:etymology	deu: Kommissar
rus: коммюнике	rel:etymology	fra: communiqué
rus: компетенция	rel:etymology	lat: competentia
rus: композитор	rel:etymology	lat: compositor
rus: конвейер	rel:etymology	eng: conveyor
rus: конка	rel:etymology	rus: -ка
rus: конка	rel:etymology	rus: конь
rus: констебль	rel:etymology	eng: constable
rus: контейнер	rel:etymology	eng: container
rus: контрабанда	rel:etymology	ita: contrabbando
rus: контратака	rel:etymology	rus: атака
rus: контратака	rel:etymology	rus: контр-
rus: конунг	rel:etymology	non: konungr
rus: коньяк	rel:etymology	fra: cognac
rus: копейка	rel:etymology	rus: копьё
rus: коптильня	rel:etymology	rus: -льня
rus: коптильня	rel:etymology	rus: коптить
rus: коренизация	rel:etymology	rus: -ация
rus: коренизация	rel:etymology	rus: коренизировать
rus: корнишон	rel:etymology	fra: cornichon
rus: королёк	rel:etymology	rus: король
rus: коррумпированный	rel:etymology	lat: corrumpere
rus: коррупция	rel:etymology	lat: corruptio
rus: корсаж	rel:etymology	fra: corsage
rus: корсар	rel:etymology	ita: corsaro
rus: корт	rel:etymology	eng: court
rus: косплей	rel:etymology	jpn: コスプレ
rus: костыль	rel:etymology	rus: кость
rus: костёл	rel:etymology	pol: kościół
rus: котангенс	rel:etymology	lat: cotangens
rus: кофемолка	rel:etymology	rus: кофе
rus: кофемолка	rel:etymology	rus: молоть
rus: кошмар	rel:etymology	fra: cauchemar
rus: крамола	rel:etymology	chu: крамола
rus: крапула	rel:etymology	lat: crapula
rus: крахмал	rel:etymology	pol: krochmal
rus: креветка	rel:etymology	fra: crevette
rus: крик	rel:etymology	eng: creek
rus: крикет	rel:etymology	eng: cricket
rus: крин	rel:etymology	grc: κρίνον
rus: кровать	rel:etymology	grc: κράββατος
rus: кролик	rel:etymology	pol: królik
rus: кроссворд	rel:etymology	eng: crossword
rus: кротовина	rel:etymology	rus: крот
rus: ксива	rel:etymology	yid: כתיבה
rus: ксилофон	rel:etymology	fra: xylophone
rus: ксёндз	rel:etymology	pol: ksiądz
rus: кузен	rel:etymology	fra: cousin
rus: кузина	rel:etymology	fra: cousine
rus: кулиса	rel:etymology	fra: coulisse
rus: культура	rel:etymology	lat: cultura
rus: кумир	rel:etymology	chu: кѹмир
rus: кунштюк	rel:etymology	deu: Kunststück
rus: купе	rel:etymology	fra: coupé
rus: купец	rel:etymology	rus: -ец
rus: купец	rel:etymology	rus: купить
rus: купюра	rel:etymology	fra: coupure
rus: курорт	rel:etymology	deu: Kurort
rus: курсистка	rel:etymology	rus: -ка
rus: курсистка	rel:etymology	rus: курсист
rus: курсиха	rel:etymology	rus: -иха
rus: курсиха	rel:etymology	rus: курс
rus: курятник	rel:etymology	rus: -ятник
rus: курятник	rel:etymology	rus: кура
rus: кутак	rel:etymology	tat: кутак
rus: кутюрье	rel:etymology	fra: couturier
rus: кушетка	rel:etymology	fra: couchette
rus: кёрлинг	rel:etymology	eng: curling
rus: лавина	rel:etymology	deu: Lawine
rus: лазанья	rel:etymology	ita: lasagna
rus: ламантин	rel:etymology	fra: lamantin
rus: ламбада	rel:etymology	por: lambada
rus: ландграф	rel:etymology	deu: Landgraf
rus: ланита	rel:etymology	chu: ланита
rus: ланцуг	rel:etymology	pol: łańcuch
rus: латинист	rel:etymology	deu: Latinist
rus: ледник	rel:etymology	rus: -ник
rus: ледник	rel:etymology	rus: лёд
rus: ледокол	rel:etymology	rus: колоть
rus: ледокол	rel:etymology	rus: лёд
rus: лежать	rel:etymology	chu: лєжати
rus: лексикографический	rel:etymology	rus: -ческий
rus: лексикографический	rel:etymology	rus: лексикография
rus: ленивый	rel:etymology	chu: лѣнъ
rus: лесник	rel:etymology	rus: -ник
rus: лесник	rel:etymology	rus: лес
rus: лесовод	rel:etymology	rus: водить
rus: лесовод	rel:etymology	rus: лес
rus: лесовоз	rel:etymology	rus: возить
rus: лесовоз	rel:etymology	rus: лес
rus: лесовозвращение	rel:etymology	rus: возвращение
rus: лесовозвращение	rel:etymology	rus: лес
rus: лесовозобновление	rel:etymology	rus: возобновление
rus: лесовозобновление	rel:etymology	rus: лес
rus: лесозавод	rel:etymology	rus: завод
rus: лесозавод	rel:etymology	rus: лес
rus: лесозаготовка	rel:etymology	rus: заготовка
rus: лесозаготовка	rel:etymology	rus: лес
rus: лесозащита	rel:etymology	rus: защита
rus: лесозащита	rel:etymology	rus: лес
rus: лесок	rel:etymology	rus: -ок
rus: лесок	rel:etymology	rus: лес
rus: лесоматериал	rel:etymology	rus: лес
rus: лесоматериал	rel:etymology	rus: материал
rus: лесомелиорация	rel:etymology	rus: лес
rus: лесомелиорация	rel:etymology	rus: мелиорация
rus: лесонасаждение	rel:etymology	rus: лес
rus: лесонасаждение	rel:etymology	rus: насаждение
rus: лесоохранение	rel:etymology	rus: лес
rus: лесоохранение	rel:etymology	rus: охранение
rus: лесопарк	rel:etymology	rus: лес
rus: лесопарк	rel:etymology	rus: парк
rus: лесопилка	rel:etymology	rus: лес
rus: лесопилка	rel:etymology	rus: пилить
rus: лесопильня	rel:etymology	rus: лес
rus: лесопильня	rel:etymology	rus: пилить
rus: лесопитомник	rel:etymology	rus: лес
rus: лесопитомник	rel:etymology	rus: питомник
rus: лесопосадки	rel:etymology	rus: лес
rus: лесопосадки	rel:etymology	rus: посадка
rus: лесопромышленник	rel:etymology	rus: лес
rus: лесопромышленник	rel:etymology	rus: промышленник
rus: лесоразработка	rel:etymology	rus: лес
rus: лесоразработка	rel:etymology	rus: разработка
rus: лесоруб	rel:etymology	rus: лес
rus: лесоруб	rel:etymology	rus: рубить
rus: лесосека	rel:etymology	rus: лес
rus: лесосека	rel:etymology	rus: сечь
rus: лесосплав	rel:etymology	rus: лес
rus: лесосплав	rel:etymology	rus: сплав
rus: лесоспуск	rel:etymology	rus: лес
rus: лесоспуск	rel:etymology	rus: спуск
rus: лесостепь	rel:etymology	rus: лес
rus: лесостепь	rel:etymology	rus: степь
rus: лесосушилка	rel:etymology	rus: лес
rus: лесосушилка	rel:etymology	rus: сушилка
rus: лесотундра	rel:etymology	rus: лес
rus: лесотундра	rel:etymology	rus: тундра
rus: лесоэкспорт	rel:etymology	rus: лес
rus: лесоэкспорт	rel:etymology	rus: экспорт
rus: либеральничание	rel:etymology	rus: -ание
rus: либеральничание	rel:etymology	rus: либеральничать
rus: либидо	rel:etymology	lat: libido
rus: либрация	rel:etymology	lat: libratio
rus: лидер	rel:etymology	eng: leader
rus: лизоблюд	rel:etymology	rus: блюдо
rus: лизоблюд	rel:etymology	rus: лизать
rus: ликёр	rel:etymology	fra: liqueur
rus: лимит	rel:etymology	fra: limite
rus: листопад	rel:etymology	rus: лист
rus: листопад	rel:etymology	rus: падать
rus: лифт	rel:etymology	eng: lift
rus: лиходей	rel:etymology	chu: лиходѣй
rus: лиходейка	rel:etymology	rus: -ка
rus: лиходейка	rel:etymology	rus: лиходей
rus: лицедейство	rel:etymology	rus: -ство
rus: лицедейство	rel:etymology	rus: лицедей
rus: лицензиат	rel:etymology	lat: licentiatus
rus: лобби	rel:etymology	eng: lobby
rus: лобковый	rel:etymology	rus: лобок
rus: лоботряс	rel:etymology	rus: лоб
rus: лоботряс	rel:etymology	rus: трясти
rus: логос	rel:etymology	grc: λόγος
rus: ложа	rel:etymology	fra: loge
rus: лозунг	rel:etymology	deu: Losung
rus: локш	rel:etymology	rus: локша
rus: лонжерон	rel:etymology	fra: longeron
rus: лопатка	rel:etymology	rus: -ка
rus: лопатка	rel:etymology	rus: лопата
rus: лорд	rel:etymology	eng: lord
rus: лосьон	rel:etymology	fra: lotion
rus: лотарингец	rel:etymology	rus: -ец
rus: лотарингец	rel:etymology	rus: Лотарингия
rus: лотос	rel:etymology	grc: λωτός
rus: луна-парк	rel:etymology	eng: Luna Park
rus: лунный	rel:etymology	rus: -ный
rus: лунный	rel:etymology	rus: луна
rus: луноход	rel:etymology	rus: луна
rus: луноход	rel:etymology	rus: ход
rus: лучник	rel:etymology	rus: -ник
rus: лучник	rel:etymology	rus: лук
rus: лучница	rel:etymology	rus: -ица
rus: лучница	rel:etymology	rus: лучник
rus: лье	rel:etymology	fra: lieue
rus: любовь	rel:etymology	rus: любить
rus: люди	rel:etymology	chu: людиє
rus: майко	rel:etymology	jpn: 舞妓
rus: майор	rel:etymology	spa: mayor
rus: макголи	rel:etymology	kor: 막걸리
rus: макияж	rel:etymology	fra: maquillage
rus: макрель	rel:etymology	nld: makreel
rus: малайский	rel:etymology	eng: Malay
rus: манга	rel:etymology	jpn: 漫画
rus: манго	rel:etymology	eng: mango
rus: мангуст	rel:etymology	fra: mangouste
rus: манкировать	rel:etymology	fra: manquer
rus: марганец	rel:etymology	deu: Manganerz
rus: маркграф	rel:etymology	deu: Markgraf
rus: мармелад	rel:etymology	fra: marmelade
rus: марципан	rel:etymology	deu: Marzipan
rus: маршрут	rel:etymology	deu: Marschroute
rus: маршрутное такси	rel:etymology	rus: маршрут
rus: маршрутный	rel:etymology	rus: маршрут
rus: маскировка	rel:etymology	rus: маска
rus: массаж	rel:etymology	fra: massage
rus: мастер	rel:etymology	orv: мастеръ
rus: масштаб	rel:etymology	deu: Maßstab
rus: матрос	rel:etymology	nld: matroos
rus: мафиози	rel:etymology	ita: mafiosi
rus: мацони	rel:etymology	kat: მაწონი
rus: мачизм	rel:etymology	spa: machismo
rus: мачо	rel:etymology	spa: macho
rus: мейл	rel:etymology	eng: mail
rus: меню	rel:etymology	fra: menu
rus: местоименный	rel:etymology	rus: местоимение
rus: месячные	rel:etymology	rus: месячный
rus: месячный	rel:etymology	rus: месяц
rus: метафора	rel:etymology	ell: μεταφορά
rus: меха	rel:etymology	jpn: メカ
rus: мешанина	rel:etymology	rus: -ина
rus: мешанина	rel:etymology	rus: мешанный
rus: мещанин	rel:etymology	pol: mieszczanin
rus: мещанинишка	rel:etymology	rus: -ишка
rus: мещанинишка	rel:etymology	rus: мещанин
rus: мигрень	rel:etymology	fra: migraine
rus: мидия	rel:etymology	ell: μύδια
rus: микадо	rel:etymology	jpn: 帝
rus: миллионер	rel:etymology	deu: Millionär
rus: минералогический	rel:etymology	rus: -ческий
rus: минералогический	rel:etymology	rus: минералогия
rus: минет	rel:etymology	fra: minette
rus: минетчик	rel:etymology	rus: -чик
rus: минетчик	rel:etymology	rus: минет
rus: миномёт	rel:etymology	rus: метать
rus: миномёт	rel:etymology	rus: мина
rus: минута	rel:etymology	lat: minuta
rus: миньет	rel:etymology	fra: minette
rus: миньетчик	rel:etymology	rus: -чик
rus: миньетчик	rel:etymology	rus: миньет
rus: мираж	rel:etymology	fra: mirage
rus: миро	rel:etymology	grc: μύρον
rus: мировоззрение	rel:etymology	rus: -о-
rus: мировоззрение	rel:etymology	rus: воззрение
rus: мировоззрение	rel:etymology	rus: мир
rus: мировоззренческий	rel:etymology	rus: -ческий
rus: мировоззренческий	rel:etymology	rus: мировоззрение
rus: мисо	rel:etymology	jpn: 味噌
rus: мисс	rel:etymology	eng: Miss
rus: митинг	rel:etymology	eng: meeting
rus: млеко	rel:etymology	chu: млѣко
rus: мнение	rel:etymology	rus: -ение
rus: мнение	rel:etymology	rus: мнить
rus: мовешка	rel:etymology	fra: mauvaise
rus: модерато	rel:etymology	ita: moderato
rus: мол	rel:etymology	fra: môle
rus: мол	rel:etymology	rus: молвить
rus: молибден	rel:etymology	lat: molybdenum
rus: моллюск	rel:etymology	fra: mollusque
rus: молодость	rel:etymology	rus: -ость
rus: молодость	rel:etymology	rus: молодой
rus: молодчик	rel:etymology	rus: -чик
rus: молодчик	rel:etymology	rus: молодой
rus: момо	rel:etymology	bod: མོག་མོག་
rus: монолог	rel:etymology	fra: monologue
rus: монстр	rel:etymology	fra: monstre
rus: монтаж	rel:etymology	fra: montage
rus: мораторий	rel:etymology	lat: moratorium
rus: морж	rel:etymology	fin: mursu
rus: морфема	rel:etymology	fra: morphème
rus: морфологический	rel:etymology	rus: -ческий
rus: морфологический	rel:etymology	rus: морфология
rus: мрамор	rel:etymology	lat: marmor
rus: мужественность	rel:etymology	rus: -ость
rus: мужественность	rel:etymology	rus: мужественный
rus: мужик	rel:etymology	rus: муж
rus: мужской	rel:etymology	rus: муж
rus: музей	rel:etymology	fra: musée
rus: мулла	rel:etymology	ara: ملا
rus: мульча	rel:etymology	eng: mulch
rus: муссон	rel:etymology	fra: mousson
rus: муфтий	rel:etymology	ara: المفتي
rus: мухояр	rel:etymology	ara: مخير
rus: муэдзин	rel:etymology	tur: müezzin
rus: мэр	rel:etymology	fra: maire
rus: мэрия	rel:etymology	fra: mairie
rus: мягкость	rel:etymology	rus: -ость
rus: мягкость	rel:etymology	rus: мягкий
rus: набожность	rel:etymology	rus: -ость
rus: набожность	rel:etymology	rus: набожный
rus: навигация	rel:etymology	pol: nawigacja
rus: нагорный	rel:etymology	rus: горный
rus: нагорный	rel:etymology	rus: на-
rus: надоедание	rel:etymology	rus: -ание
rus: надоедание	rel:etymology	rus: надоедать
rus: надпись	rel:etymology	rus: над-
rus: надпись	rel:etymology	rus: писать
rus: намаз	rel:etymology	tur: namaz
rus: нанотехнология	rel:etymology	rus: нано-
rus: нанотехнология	rel:etymology	rus: технология
rus: нарды	rel:etymology	fas: نرد
rus: нарзан	rel:etymology	kbd: нартсанэ
rus: народник	rel:etymology	rus: -ник
rus: народник	rel:etymology	rus: народ
rus: насекомое	rel:etymology	rus: насекать
rus: насилователь	rel:etymology	rus: -ель
rus: насилователь	rel:etymology	rus: насиловать
rus: наслажденческий	rel:etymology	rus: -ческий
rus: наслажденческий	rel:etymology	rus: наслаждение
rus: наци	rel:etymology	deu: Nazi
rus: начальник	rel:etymology	rus: -ник
rus: начальник	rel:etymology	rus: начало
rus: небо	rel:etymology	chu: небо
rus: небоскрёб	rel:etymology	rus: небо
rus: небоскрёб	rel:etymology	rus: скрести
rus: небрежение	rel:etymology	rus: -ение
rus: небрежение	rel:etymology	rus: небречь
rus: неглиже	rel:etymology	fra: négligé
rus: недостижимый	rel:etymology	rus: достижимый
rus: недостижимый	rel:etymology	rus: не-
rus: нежный	rel:etymology	rus: -ный
rus: нежный	rel:etymology	rus: нега
rus: неплохо	rel:etymology	rus: не
rus: неплохо	rel:etymology	rus: плохо
rus: неразумие	rel:etymology	rus: -ие
rus: неразумие	rel:etymology	rus: неразумный
rus: неуспех	rel:etymology	rus: не-
rus: неуспех	rel:etymology	rus: успех
rus: неуч	rel:etymology	rus: не-
rus: нефть	rel:etymology	tur: neft
rus: ниндзя	rel:etymology	jpn: 忍者
rus: ничто	rel:etymology	rus: ни
rus: ничто	rel:etymology	rus: что
rus: ниша	rel:etymology	fra: niche
rus: но	rel:etymology	jpn: 能
rus: нокаут	rel:etymology	eng: knockout
rus: номенклатура	rel:etymology	lat: nomenclatura
rus: носорог	rel:etymology	rus: нос
rus: носорог	rel:etymology	rus: рог
rus: ноу-хау	rel:etymology	eng: know-how
rus: ноутбук	rel:etymology	eng: notebook
rus: ночь	rel:etymology	orv: ночь
rus: оазис	rel:etymology	lat: oasis
rus: оби	rel:etymology	jpn: 帯
rus: обитатель	rel:etymology	rus: -ель
rus: обитатель	rel:etymology	rus: обитать
rus: обсуждение	rel:etymology	rus: -ение
rus: обсуждение	rel:etymology	rus: обсуждать
rus: обшикать	rel:etymology	rus: об-
rus: обшикать	rel:etymology	rus: шикать
rus: огонь	rel:etymology	orv: огнь
rus: одеколон	rel:etymology	fra: eau de Cologne
rus: одеяние	rel:etymology	chu: одѣѩіѥ
rus: озверин	rel:etymology	rus: -ин
rus: озверин	rel:etymology	rus: озвереть
rus: океан	rel:etymology	grc: ὠκεανός
rus: окей	rel:etymology	eng: okay
rus: окономияки	rel:etymology	jpn: お好み焼き
rus: октябрь	rel:etymology	chu: октоврь
rus: оленёнок	rel:etymology	rus: -онок
rus: оленёнок	rel:etymology	rus: олень
rus: оливье	rel:etymology	fra: olivier
rus: олигархия	rel:etymology	grc: ὀλιγαρχία
rus: омар	rel:etymology	fra: homard
rus: омофон	rel:etymology	grc: ὁμόφωνος
rus: он	rel:etymology	chu: онъ
rus: ондатра	rel:etymology	eng: ondatra
rus: они	rel:etymology	chu: они
rus: онсэн	rel:etymology	jpn: 温泉
rus: опалубка	rel:etymology	rus: -ка
rus: опалубка	rel:etymology	rus: опалубить
rus: опера	rel:etymology	ita: opera
rus: опиум	rel:etymology	lat: opium
rus: оппозиция	rel:etymology	fra: opposition
rus: оргазм	rel:etymology	grc: οργασμός
rus: оргазмический	rel:etymology	rus: оргазм
rus: орган	rel:etymology	grc: ὄργανον
rus: организм	rel:etymology	fra: organisme
rus: оргия	rel:etymology	grc: ὄργια
rus: оригами	rel:etymology	jpn: 折り紙
rus: ория	rel:etymology	ori: ଓଡ଼ିଆ
rus: орфографический	rel:etymology	rus: -ческий
rus: орфографический	rel:etymology	rus: орфография
rus: орфография	rel:etymology	grc: ὀρθογραφία
rus: орхидея	rel:etymology	grc: ὄρχις
rus: оседлать	rel:etymology	rus: о-
rus: оседлать	rel:etymology	rus: седлать
rus: осетин	rel:etymology	rus: -ин
rus: осетин	rel:etymology	rus: Осетия
rus: особливо	rel:etymology	rus: -о
rus: особливо	rel:etymology	rus: особливый
rus: ост	rel:etymology	nld: oost
rus: островок	rel:etymology	rus: остров
rus: осьминог	rel:etymology	orv: осьм
rus: отель	rel:etymology	fra: hôtel
rus: отряд	rel:etymology	rus: отрядить
rus: отрядить	rel:etymology	rus: от-
rus: отрядить	rel:etymology	rus: ряд
rus: отъезд	rel:etymology	rus: езда
rus: отъезд	rel:etymology	rus: от-
rus: охлопать	rel:etymology	rus: о-
rus: охлопать	rel:etymology	rus: хлопать
rus: ошикать	rel:etymology	rus: о-
rus: ошикать	rel:etymology	rus: шикать
rus: п	rel:etymology	grc: Π
rus: па	rel:etymology	fra: pas
rus: пазл	rel:etymology	eng: puzzle
rus: паланкин	rel:etymology	por: palanquim
rus: пальто	rel:etymology	fra: paletot
rus: панихида	rel:etymology	grc: παννυχίδα
rus: панк	rel:etymology	eng: punk
rus: пансексуальность	rel:etymology	rus: -ость
rus: пансексуальность	rel:etymology	rus: пансексуальный
rus: папарацци	rel:etymology	ita: paparazzi
rus: папироса	rel:etymology	pol: papieros
rus: пара	rel:etymology	lat: par
rus: паразит	rel:etymology	fra: parasite
rus: парашют	rel:etymology	fra: parachute
rus: пари	rel:etymology	fra: pari
rus: парик	rel:etymology	fra: perruque
rus: парикмахер	rel:etymology	deu: Perückenmacher
rus: паровоз	rel:etymology	rus: возить
rus: паровоз	rel:etymology	rus: пар
rus: пароход	rel:etymology	rus: пар
rus: пароход	rel:etymology	rus: ходить
rus: пасьянс	rel:etymology	fra: patience
rus: пат	rel:etymology	fra: pat
rus: патикус	rel:etymology	grc: παθικός
rus: паук	rel:etymology	orv: паукъ
rus: пахлава	rel:etymology	tur: baklava
rus: паша	rel:etymology	tur: paşa
rus: паштет	rel:etymology	deu: Pastete
rus: педагогика	rel:etymology	grc: παιδαγωγική
rus: педагогический	rel:etymology	rus: -еский
rus: педагогический	rel:etymology	rus: педагогика
rus: педерастия	rel:etymology	grc: παιδεραστία
rus: пейджер	rel:etymology	eng: pager
rus: пейзаж	rel:etymology	fra: paysage
rus: пенис	rel:etymology	lat: penis
rus: пенсионер	rel:etymology	fra: pensionnaire
rus: пенсне	rel:etymology	fra: pince-nez
rus: пепси	rel:etymology	eng: Pepsi
rus: переводчик	rel:etymology	rus: -чик
rus: переводчик	rel:etymology	rus: перевод
rus: пестик	rel:etymology	rus: -ик
rus: пестик	rel:etymology	rus: пест
rus: печальник	rel:etymology	rus: -ник
rus: печальник	rel:etymology	rus: печалиться
rus: печенег	rel:etymology	orv: печенѣгъ
rus: пиала	rel:etymology	fas: پیاله
rus: пиджак	rel:etymology	eng: pea jacket
rus: пиздатый	rel:etymology	rus: пизда
rus: пиздеть	rel:etymology	rus: пизда
rus: пиздец	rel:etymology	rus: -ец
rus: пиздец	rel:etymology	rus: пизда
rus: пиздёж	rel:etymology	rus: пиздеть
rus: пике	rel:etymology	fra: piqué
rus: пикет	rel:etymology	deu: Pikett
rus: пилорама	rel:etymology	rus: пила
rus: пилорама	rel:etymology	rus: рама
rus: пиранья	rel:etymology	por: piranha
rus: пират	rel:etymology	deu: Pirat
rus: пирсинг	rel:etymology	eng: piercing
rus: пируэт	rel:etymology	fra: pirouette
rus: писака	rel:etymology	rus: -ака
rus: писака	rel:etymology	rus: писать
rus: писать	rel:etymology	deu: pissen
rus: пицца	rel:etymology	ita: pizza
rus: плавник	rel:etymology	rus: -ник
rus: плавник	rel:etymology	rus: плавать
rus: планетарный	rel:etymology	rus: планета
rus: плато	rel:etymology	fra: plateau
rus: плафон	rel:etymology	fra: plafond
rus: плац	rel:etymology	deu: Platz
rus: плацкарта	rel:etymology	deu: Platzkarte
rus: плерома	rel:etymology	grc: πλήρωμα
rus: плоскогубцы	rel:etymology	rus: губа
rus: плоскогубцы	rel:etymology	rus: плоский
rus: пляж	rel:etymology	fra: plage
rus: поборник	rel:etymology	chu: поборьникъ
rus: поведенческий	rel:etymology	rus: -ческий
rus: поведенческий	rel:etymology	rus: поведение
rus: поганый	rel:etymology	orv: поганъ
rus: погрешность	rel:etymology	rus: -ность
rus: погрешность	rel:etymology	rus: погрешить
rus: погром	rel:etymology	rus: громить
rus: погром	rel:etymology	rus: по-
rus: подлец	rel:etymology	rus: -ец
rus: подлец	rel:etymology	rus: подлый
rus: поднесь	rel:etymology	rus: днесь
rus: поднесь	rel:etymology	rus: по-
rus: подоконник	rel:etymology	rus: -ник
rus: подоконник	rel:etymology	rus: окно
rus: подоконник	rel:etymology	rus: под-
rus: подслушивать	rel:etymology	rus: под-
rus: подслушивать	rel:etymology	rus: слышать
rus: подсматривать	rel:etymology	rus: под-
rus: подсматривать	rel:etymology	rus: смотреть
rus: подстаканник	rel:etymology	rus: -ник
rus: подстаканник	rel:etymology	rus: под-
rus: подстаканник	rel:etymology	rus: стакан
rus: подтверждение	rel:etymology	rus: -ение
rus: подтверждение	rel:etymology	rus: подтверждать
rus: подшипник	rel:etymology	rus: -ник
rus: подшипник	rel:etymology	rus: под-
rus: подшипник	rel:etymology	rus: шип
rus: подъюбник	rel:etymology	rus: -ник
rus: подъюбник	rel:etymology	rus: под-
rus: подъюбник	rel:etymology	rus: юбка
rus: позёрство	rel:etymology	rus: -ство
rus: позёрство	rel:etymology	rus: позёр
rus: покер	rel:etymology	eng: poker
rus: полицай	rel:etymology	deu: Polizei
rus: полосатый	rel:etymology	rus: полоса
rus: полтергейст	rel:etymology	deu: Poltergeist
rus: полуостров	rel:etymology	rus: остров
rus: полуостров	rel:etymology	rus: полу-
rus: получатель	rel:etymology	rus: -тель
rus: получатель	rel:etymology	rus: получать
rus: полынья	rel:etymology	rus: полый
rus: полячить	rel:etymology	rus: поляк
rus: помада	rel:etymology	fra: pommade
rus: поп	rel:etymology	chu: попъ
rus: поп	rel:etymology	eng: pop
rus: порнографический	rel:etymology	rus: -ческий
rus: порнографический	rel:etymology	rus: порнография
rus: портмоне	rel:etymology	fra: porte-monnaie
rus: портье	rel:etymology	fra: portier
rus: посредственность	rel:etymology	rus: -ость
rus: посредственность	rel:etymology	rus: посредственный
rus: пост	rel:etymology	eng: post
rus: потир	rel:etymology	grc: ποτήριον
rus: поц	rel:etymology	yid: פּוץ
rus: почта	rel:etymology	pol: poczta
rus: почтмейстер	rel:etymology	deu: Postmeister
rus: православие	rel:etymology	rus: -ие
rus: православие	rel:etymology	rus: православный
rus: праца	rel:etymology	pol: praca
rus: предвидеть	rel:etymology	rus: видеть
rus: предвидеть	rel:etymology	rus: пред
rus: предложный	rel:etymology	rus: предлог
rus: предчувствие	rel:etymology	rus: -ие
rus: предчувствие	rel:etymology	rus: пред-
rus: предчувствие	rel:etymology	rus: чувство
rus: президиум	rel:etymology	lat: praesidium
rus: преклонить	rel:etymology	rus: клонить
rus: преклонить	rel:etymology	rus: пре-
rus: препуций	rel:etymology	lat: praeputium
rus: прерогатива	rel:etymology	lat: praerogativa
rus: пресс-папье	rel:etymology	fra: presse-papier
rus: пресса	rel:etymology	fra: presse
rus: престиж	rel:etymology	fra: prestige
rus: престолонаследник	rel:etymology	rus: наследник
rus: престолонаследник	rel:etymology	rus: престол
rus: пригород	rel:etymology	rus: город
rus: пригород	rel:etymology	rus: при-
rus: приказчик	rel:etymology	rus: -чик
rus: приказчик	rel:etymology	rus: приказывать
rus: принадлежность	rel:etymology	rus: -ность
rus: принадлежность	rel:etymology	rus: принадлежать
rus: принтер	rel:etymology	eng: printer
rus: принц	rel:etymology	deu: Prinz
rus: присяжный	rel:etymology	rus: присяга
rus: приятельство	rel:etymology	rus: -ство
rus: приятельство	rel:etymology	rus: приятель
rus: проблема	rel:etymology	lat: problema
rus: пробовать	rel:etymology	rus: проба
rus: провайдер	rel:etymology	eng: provider
rus: проведение	rel:etymology	rus: проводить
rus: провинность	rel:etymology	rus: -ность
rus: провинность	rel:etymology	rus: провиниться
rus: проект	rel:etymology	deu: Projekt
rus: прописка	rel:etymology	rus: прописывать
rus: пропуск	rel:etymology	rus: про-
rus: пропуск	rel:etymology	rus: пуск
rus: просвещенческий	rel:etymology	rus: -ческий
rus: просвещенческий	rel:etymology	rus: просвещение
rus: проспект	rel:etymology	lat: prospectus
rus: простец	rel:etymology	rus: -ец
rus: простец	rel:etymology	rus: простой
rus: протеже	rel:etymology	fra: protégé
rus: профан	rel:etymology	lat: la
rus: профсоюзник	rel:etymology	rus: -ник
rus: профсоюзник	rel:etymology	rus: профсоюз
rus: профсоюзница	rel:etymology	rus: -ница
rus: профсоюзница	rel:etymology	rus: профсоюз
rus: психологический	rel:etymology	rus: -ческий
rus: психологический	rel:etymology	rus: психология
rus: пудинг	rel:etymology	eng: pudding
rus: пузырь	rel:etymology	rus: пузо
rus: пулемёт	rel:etymology	rus: метать
rus: пулемёт	rel:etymology	rus: пуля
rus: пулькоги	rel:etymology	kor: 불고기
rus: пустоцвет	rel:etymology	rus: пустой
rus: пустоцвет	rel:etymology	rus: цвет
rus: пустынник	rel:etymology	rus: пустыня
rus: путана	rel:etymology	ita: puttana
rus: путанка	rel:etymology	rus: -ка
rus: путанка	rel:etymology	rus: путана
rus: путч	rel:etymology	deu: Putsch
rus: пьеса	rel:etymology	fra: pièce
rus: пюре	rel:etymology	fra: purée
rus: пятница	rel:etymology	rus: -ница
rus: пятница	rel:etymology	rus: пять
rus: пять	rel:etymology	orv: пѩть
rus: рагу	rel:etymology	fra: ragoût
rus: радио	rel:etymology	deu: Radio
rus: разговорник	rel:etymology	rus: -ник
rus: разговорник	rel:etymology	rus: разговор
rus: разговорчивый	rel:etymology	rus: -чивый
rus: разговорчивый	rel:etymology	rus: разговор
rus: разноплемённый	rel:etymology	rus: племя
rus: разноплемённый	rel:etymology	rus: разный
rus: рамадан	rel:etymology	ara: رمضان
rus: рамазан	rel:etymology	tur: ramazan
rus: рамэн	rel:etymology	jpn: ラーメン
rus: расплести	rel:etymology	rus: плести
rus: расплести	rel:etymology	rus: раз-
rus: расшатывать	rel:etymology	rus: раз-
rus: расшатывать	rel:etymology	rus: шатать
rus: рацея	rel:etymology	pol: oracja
rus: рашпиль	rel:etymology	deu: Raspel
rus: реалити-шоу	rel:etymology	eng: reality show
rus: реванш	rel:etymology	fra: revanche
rus: режиссёр	rel:etymology	fra: regisseur
rus: резонанс	rel:etymology	fra: résonance
rus: резюме	rel:etymology	fra: résumé
rus: рейс	rel:etymology	nld: reis
rus: реклама	rel:etymology	lat: reclamare
rus: рекогносцировка	rel:etymology	deu: Rekognoszierung
rus: ремонт	rel:etymology	fra: remonte
rus: репортаж	rel:etymology	fra: reportage
rus: ресурс	rel:etymology	fra: ressource
rus: решётка	rel:etymology	rus: решето
rus: рисунок	rel:etymology	pol: rysunek
rus: родительный	rel:etymology	rus: -ный
rus: родительный	rel:etymology	rus: родитель
rus: рок	rel:etymology	eng: rock
rus: рокировка	rel:etymology	rus: -ка
rus: рокировка	rel:etymology	rus: рокировать
rus: ром	rel:etymology	eng: rum
rus: ромадзи	rel:etymology	jpn: ローマ字
rus: роман	rel:etymology	fra: roman
rus: ронин	rel:etymology	jpn: 浪人
rus: рубрика	rel:etymology	pol: rubryka
rus: рудник	rel:etymology	rus: -ник
rus: рудник	rel:etymology	rus: руда
rus: рукоблудие	rel:etymology	rus: блуд
rus: рукоблудие	rel:etymology	rus: рука
rus: рупия	rel:etymology	hin: रुपया
rus: русак	rel:etymology	rus: русый
rus: рутина	rel:etymology	fra: routine
rus: рыцарь	rel:etymology	pol: rycerz
rus: ряд	rel:etymology	orv: рядъ
rus: саван	rel:etymology	grc: σάβανον
rus: саго	rel:etymology	eng: sago
rus: саквояж	rel:etymology	fra: sac de voyage
rus: саке	rel:etymology	jpn: 酒
rus: сакля	rel:etymology	kat: სახლი
rus: сакэ	rel:etymology	jpn: 酒
rus: саламандра	rel:etymology	lat: salamandra
rus: салят	rel:etymology	ara: صلاة
rus: самба	rel:etymology	por: samba
rus: саммит	rel:etymology	eng: summit
rus: самозванец	rel:etymology	rus: званец
rus: самозванец	rel:etymology	rus: само-
rus: самолёт	rel:etymology	rus: летать
rus: самолёт	rel:etymology	rus: сам
rus: самурай	rel:etymology	jpn: 侍
rus: сари	rel:etymology	hin: साड़ी
rus: сасими	rel:etymology	jpn: 刺身
rus: сауна	rel:etymology	fin: sauna
rus: сафари	rel:etymology	swa: safari
rus: сацебели	rel:etymology	kat: საწებელი
rus: сациви	rel:etymology	kat: საცივი
rus: сашими	rel:etymology	jpn: 刺身
rus: свастика	rel:etymology	san: स्वस्तिक
rus: светофор	rel:etymology	rus: -о-
rus: светофор	rel:etymology	rus: свет
rus: свободный	rel:etymology	rus: -ный
rus: свободный	rel:etymology	rus: свобода
rus: свёкор	rel:etymology	chu: свекръ
rus: секретарша	rel:etymology	rus: -ша
rus: секретарша	rel:etymology	rus: секретарь
rus: сексуальный	rel:etymology	lat: sexualis
rus: сектор	rel:etymology	lat: seco
rus: селенология	rel:etymology	rus: -логия
rus: селенология	rel:etymology	rus: селено-
rus: семья	rel:etymology	orv: сѣмиɪа
rus: семяизвержение	rel:etymology	rus: извержение
rus: семяизвержение	rel:etymology	rus: семя
rus: сентябрь	rel:etymology	rus: сентябрь
rus: сингл	rel:etymology	eng: single
rus: синекура	rel:etymology	deu: Sinekure
rus: ситуация	rel:etymology	pol: sytuacja
rus: сквер	rel:etymology	eng: square
rus: склера	rel:etymology	grc: σκληρός
rus: скорпион	rel:etymology	grc: σκορπίος
rus: скумбрия	rel:etymology	ell: σκουμπριά
rus: сладкий	rel:etymology	chu: сладъкъ
rus: словарь	rel:etymology	rus: -арь
rus: словарь	rel:etymology	rus: слово
rus: словесный	rel:etymology	rus: слово
rus: словник	rel:etymology	rus: -ник
rus: словник	rel:etymology	rus: слово
rus: словопрение	rel:etymology	rus: прение
rus: словопрение	rel:etymology	rus: слово
rus: словосочетание	rel:etymology	rus: слово
rus: словосочетание	rel:etymology	rus: сочетание
rus: слюнный	rel:etymology	rus: слюна
rus: смелость	rel:etymology	rus: -ость
rus: смелость	rel:etymology	rus: смелый
rus: смог	rel:etymology	eng: smog
rus: снайпер	rel:etymology	eng: sniper
rus: совет	rel:etymology	chu: съвѣтъ
rus: соджу	rel:etymology	kor: 소주
rus: содомия	rel:etymology	fra: sodomie
rus: сожитие	rel:etymology	rus: житие
rus: сожитие	rel:etymology	rus: со-
rus: соль	rel:etymology	spa: sol
rus: сольфеджио	rel:etymology	ita: solfeggio
rus: сомнамбулизм	rel:etymology	lat: somnus
rus: сонет	rel:etymology	ita: sonetto
rus: сосиска	rel:etymology	fra: saucisse
rus: сострадание	rel:etymology	rus: со-
rus: сострадание	rel:etymology	rus: страдание
rus: сочувствие	rel:etymology	rus: -ие
rus: сочувствие	rel:etymology	rus: со-
rus: сочувствие	rel:etymology	rus: чувство
rus: спагетти	rel:etymology	ita: spaghetti
rus: спать	rel:etymology	chu: съпати
rus: спеть	rel:etymology	orv: спѣти
rus: спецхран	rel:etymology	rus: отдел
rus: спецхран	rel:etymology	rus: специальный
rus: спецхран	rel:etymology	rus: хранение
rus: спидометр	rel:etymology	eng: en
rus: спикер	rel:etymology	eng: speaker
rus: спорт	rel:etymology	eng: sport
rus: спринтер	rel:etymology	eng: sprinter
rus: спутник	rel:etymology	rus: путник
rus: спутник	rel:etymology	rus: с-
rus: срачица	rel:etymology	chu: срачица
rus: стаж	rel:etymology	fra: stage
rus: стакан	rel:etymology	orc: достаканъ
rus: сталь	rel:etymology	deu: Stahl
rus: стекать	rel:etymology	rus: с-
rus: стекать	rel:etymology	rus: течь
rus: степлер	rel:etymology	eng: stapler
rus: стерлядь	rel:etymology	deu: Störling
rus: стоп	rel:etymology	eng: stop
rus: стража	rel:etymology	chu: стража
rus: стресс	rel:etymology	arg: stress
rus: стриптиз	rel:etymology	eng: striptease
rus: стяг	rel:etymology	non: stǫng
rus: стяг	rel:etymology	orv: стѧгъ
rus: суахили	rel:etymology	swa: swahili
rus: суббота	rel:etymology	orv: субота
rus: судоку	rel:etymology	jpn: 数独
rus: сукка	rel:etymology	heb: סוכה
rus: сумо	rel:etymology	jpn: 相撲
rus: сундук	rel:etymology	tur: صندوق
rus: суп	rel:etymology	fra: soupe
rus: супер	rel:etymology	eng: super
rus: сура	rel:etymology	ara: سورة
rus: суси	rel:etymology	jpn: 寿司
rus: сутенёр	rel:etymology	fra: souteneur
rus: сутра	rel:etymology	san: सूत्र
rus: суши	rel:etymology	jpn: 寿司
rus: сходка	rel:etymology	rus: -ка
rus: сходка	rel:etymology	rus: сходиться
rus: сэппуку	rel:etymology	jpn: 切腹
rus: сюрикен	rel:etymology	jpn: 手裏剣
rus: сюрприз	rel:etymology	fra: surprise
rus: сямисэн	rel:etymology	jpn: 三味線
rus: сянци	rel:etymology	cmn: 象棋
rus: сёги	rel:etymology	jpn: 将棋
rus: сёрфинг	rel:etymology	eng: surfing
rus: табурет	rel:etymology	fra: tabouret
rus: так	rel:etymology	orv: тако
rus: такелаж	rel:etymology	nld: takelage
rus: тамплиер	rel:etymology	fra: templier
rus: тангенс	rel:etymology	lat: tangens
rus: танго	rel:etymology	spa: tango
rus: танец	rel:etymology	pol: taniec
rus: танк	rel:etymology	eng: tank
rus: танцевальный	rel:etymology	rus: -альный
rus: танцевальный	rel:etymology	rus: танцевать
rus: татами	rel:etymology	jpn: 畳
rus: тахта	rel:etymology	fas: تخته
rus: творение	rel:etymology	rus: творить
rus: творительный	rel:etymology	rus: творить
rus: тег	rel:etymology	eng: tag
rus: текила	rel:etymology	spa: tequila
rus: телевизор	rel:etymology	fra: téléviseur
rus: телетайп	rel:etymology	eng: teletype
rus: тема	rel:etymology	deu: Thema
rus: тент	rel:etymology	eng: tent
rus: теологический	rel:etymology	rus: -ческий
rus: теологический	rel:etymology	rus: теология
rus: теософия	rel:etymology	grc: θεοσοφία
rus: терияки	rel:etymology	jpn: 照り焼き
rus: терменвокс	rel:etymology	rus: vox
rus: терменвокс	rel:etymology	rus: Термен
rus: тест	rel:etymology	eng: test
rus: тетрадь	rel:etymology	grc: τετράδιον
rus: техника	rel:etymology	deu: Technik
rus: технологический	rel:etymology	rus: -ческий
rus: технологический	rel:etymology	rus: технология
rus: технопарк	rel:etymology	rus: техно-
rus: тигель	rel:etymology	deu: Tiegel
rus: тинг	rel:etymology	non: þing
rus: тип	rel:etymology	grc: τύπος
rus: тираж	rel:etymology	fra: tirage
rus: тирамису	rel:etymology	ita: tiramisù
rus: тиран	rel:etymology	deu: Tyrann
rus: тире	rel:etymology	fra: tiret
rus: ток	rel:etymology	fra: toque
rus: толь	rel:etymology	fra: taule
rus: топ	rel:etymology	eng: top
rus: торт	rel:etymology	ita: torta
rus: торшер	rel:etymology	fra: torchère
rus: тот	rel:etymology	chu: тъ
rus: точило	rel:etymology	rus: -ло
rus: точило	rel:etymology	rus: точить
rus: точно	rel:etymology	rus: точный
rus: точный	rel:etymology	chu: тъчьнъ
rus: традиция	rel:etymology	lat: traditio
rus: трактор	rel:etymology	rus: tractor
rus: трамвай	rel:etymology	eng: tramway
rus: треволнение	rel:etymology	chu: трьволнъниѥ
rus: треклист	rel:etymology	eng: tracklist
rus: тренд	rel:etymology	eng: trend
rus: тренинг	rel:etymology	eng: training
rus: триктрак	rel:etymology	fra: trictrac
rus: тройка	rel:etymology	rus: три
rus: троллейбус	rel:etymology	eng: trolley bus
rus: тромбон	rel:etymology	ita: trombone
rus: тротуар	rel:etymology	fra: trottoir
rus: троцкизм	rel:etymology	rus: -изм
rus: троцкизм	rel:etymology	rus: Троцкий
rus: трубкозуб	rel:etymology	rus: зуб
rus: трубкозуб	rel:etymology	rus: трубка
rus: трубочист	rel:etymology	rus: труба
rus: трубочист	rel:etymology	rus: чистить
rus: туба	rel:etymology	rus: tuba
rus: туз	rel:etymology	pol: tuz
rus: туманность	rel:etymology	rus: -ость
rus: туманность	rel:etymology	rus: туманный
rus: туника	rel:etymology	lat: tunica
rus: тура	rel:etymology	fra: tour
rus: туризм	rel:etymology	fra: tourisme
rus: турнепс	rel:etymology	eng: turnip
rus: турникет	rel:etymology	fra: tourniquet
rus: тут	rel:etymology	ota: طوت
rus: тута	rel:etymology	ota: طوت
rus: тхэквондо	rel:etymology	kor: 태권도
rus: тэрияки	rel:etymology	jpn: 照り焼き
rus: углерод	rel:etymology	rus: родить
rus: углерод	rel:etymology	rus: уголь
rus: уголь	rel:etymology	orv: ѹгль
rus: удон	rel:etymology	jpn: 饂飩
rus: уж	rel:etymology	orv: ужь
rus: узкий	rel:etymology	chu: ѫзъкъ
rus: уик-энд	rel:etymology	eng: weekend
rus: указ	rel:etymology	orv: указъ
rus: уксус	rel:etymology	grc: ὄξος
rus: умереть	rel:etymology	rus: мереть
rus: умереть	rel:etymology	rus: у-
rus: умоисступление	rel:etymology	rus: исступление
rus: умоисступление	rel:etymology	rus: ум
rus: ураган	rel:etymology	fra: ouragan
rus: урод	rel:etymology	orv: уродъ
rus: утконос	rel:etymology	rus: нос
rus: утконос	rel:etymology	rus: утка
rus: утренний	rel:etymology	rus: утро
rus: учебный	rel:etymology	rus: -ный
rus: учебный	rel:etymology	rus: учёба
rus: учитель	rel:etymology	rus: -тель
rus: учитель	rel:etymology	rus: учить
rus: ушанка	rel:etymology	rus: у́ши
rus: фабрика	rel:etymology	lat: fabrica
rus: фагот	rel:etymology	ita: fagotto
rus: файл	rel:etymology	eng: file
rus: файрволл	rel:etymology	eng: firewall
rus: фак	rel:etymology	eng: fuck
rus: факел	rel:etymology	deu: Fackel
rus: факс	rel:etymology	eng: fax
rus: фаланга	rel:etymology	grc: φάλαγξ
rus: фантом	rel:etymology	fra: fantôme
rus: фартук	rel:etymology	deu: Fahrtuch
rus: фасад	rel:etymology	fra: façade
rus: фашизм	rel:etymology	ita: fascismo
rus: фашист	rel:etymology	ita: fascista
rus: фаянс	rel:etymology	fra: faïence
rus: фейерверк	rel:etymology	deu: Feuerwerk
rus: феникс	rel:etymology	grc: φοῖνιξ
rus: феодал	rel:etymology	fra: féodal
rus: ферзь	rel:etymology	fas: فرز
rus: фехтовать	rel:etymology	deu: fechten
rus: физика	rel:etymology	grc: φυσικός
rus: филе	rel:etymology	fra: filet
rus: фильм	rel:etymology	eng: film
rus: финн	rel:etymology	swe: finne
rus: фиолетовый	rel:etymology	deu: violett
rus: фланец	rel:etymology	deu: Flansch
rus: фланёр	rel:etymology	fra: flâneur
rus: флейта	rel:etymology	deu: Flöte
rus: флешка	rel:etymology	eng: flash
rus: флэшмоб	rel:etymology	eng: flash mob
rus: фляга	rel:etymology	deu: Flachmann
rus: фойе	rel:etymology	fra: foyer
rus: фольга	rel:etymology	deu: Folie
rus: фон	rel:etymology	fra: fond
rus: фонд	rel:etymology	fra: fonds
rus: фондю	rel:etymology	fra: fondue
rus: форвард	rel:etymology	eng: forward
rus: форель	rel:etymology	swe: forell
rus: форсажный	rel:etymology	fra: forçage
rus: форум	rel:etymology	lat: forum
rus: фосфор	rel:etymology	grc: φωσφόρος
rus: франчайзинг	rel:etymology	eng: franchising
rus: фриц	rel:etymology	deu: Fritz
rus: фтор	rel:etymology	grc: φθορά
rus: фунт	rel:etymology	deu: Pfund
rus: фусха	rel:etymology	ara: فصحى
rus: футбол	rel:etymology	eng: football
rus: футболист	rel:etymology	rus: -ист
rus: футболист	rel:etymology	rus: футбол
rus: футон	rel:etymology	jpn: 布団
rus: фюзеляж	rel:etymology	fra: fuselage
rus: фюрер	rel:etymology	deu: Führer
rus: хадж	rel:etymology	tur: hac
rus: хадис	rel:etymology	ara: حديث
rus: хайку	rel:etymology	jpn: 俳句
rus: хакер	rel:etymology	eng: hacker
rus: халва	rel:etymology	yid: חלבה
rus: халявный	rel:etymology	rus: халява
rus: хангыль	rel:etymology	kor: 한글
rus: хаос	rel:etymology	grc: χάος
rus: харакири	rel:etymology	jpn: 腹切り
rus: харчо	rel:etymology	kat: ხარჩო
rus: хачапури	rel:etymology	kat: ხაჭაპური
rus: хачкар	rel:etymology	hye: խաչքար
rus: хентай	rel:etymology	jpn: 変態
rus: херес	rel:etymology	spa: jerez
rus: херувим	rel:etymology	heb: כרבים
rus: хибакуся	rel:etymology	jpn: 被爆者
rus: хибру	rel:etymology	eng: Hebrew
rus: хирагана	rel:etymology	jpn: 平仮名
rus: хмели-сунели	rel:etymology	kat: ხმელი-სუნელი
rus: хобби	rel:etymology	eng: hobby
rus: хоббит	rel:etymology	eng: hobbit
rus: ховеркрафт	rel:etymology	eng: hovercraft
rus: хоккеист	rel:etymology	rus: -ист
rus: хоккеист	rel:etymology	rus: хоккей
rus: холл	rel:etymology	eng: hall
rus: хор	rel:etymology	ell: χορός
rus: хотеть	rel:etymology	orv: хотѣти
rus: храм	rel:etymology	chu: храмъ
rus: хранитель	rel:etymology	rus: -ель
rus: хранитель	rel:etymology	rus: хранить
rus: хуеть	rel:etymology	rus: хуй
rus: хулиган	rel:etymology	eng: hooligan
rus: хунта	rel:etymology	spa: junta
rus: хурма	rel:etymology	ota: خرما
rus: хуёвый	rel:etymology	rus: хуй
rus: царепоклонство	rel:etymology	rus: поклоняться
rus: царепоклонство	rel:etymology	rus: царь
rus: царица	rel:etymology	rus: -ица
rus: царица	rel:etymology	rus: царь
rus: царь	rel:etymology	chu: цѣсарь
rus: царь	rel:etymology	lat: Caesar
rus: царь	rel:etymology	orv: цьсарь
rus: цацка	rel:etymology	rus: -ка
rus: цацка	rel:etymology	rus: цаца
rus: центнер	rel:etymology	deu: Zentner
rus: церковь	rel:etymology	chu: црькꙑ
rus: цех	rel:etymology	deu: Zeche
rus: цинизм	rel:etymology	fra: cynisme
rus: циник	rel:etymology	deu: Zyniker
rus: цинк	rel:etymology	deu: Zink
rus: ципао	rel:etymology	cmn: 旗袍
rus: цугцванг	rel:etymology	deu: Zugzwang
rus: цуккини	rel:etymology	ita: zucchini
rus: цунами	rel:etymology	jpn: 津波
rus: чадо	rel:etymology	chu: чѧдо
rus: чалма	rel:etymology	tur: çalma
rus: чародей	rel:etymology	chu: чародѣй
rus: чатни	rel:etymology	hin: चटनी
rus: чахохбили	rel:etymology	kat: ჩახოხბილი
rus: челнок	rel:etymology	rus: чёлн
rus: челобитье	rel:etymology	rus: бить
rus: челобитье	rel:etymology	rus: чело
rus: челядин	rel:etymology	rus: -ин
rus: челядин	rel:etymology	rus: челядь
rus: чертёж	rel:etymology	rus: чертить
rus: чип	rel:etymology	eng: chip
rus: чипс	rel:etymology	eng: chips
rus: чмо	rel:etymology	yid: שמאָק
rus: чужебесие	rel:etymology	rus: -бесие
rus: чужебесие	rel:etymology	rus: чужой
rus: чучхе	rel:etymology	kor: 주체
rus: ш	rel:etymology	heb: ש
rus: шабаш	rel:etymology	grc: σάββατον
rus: шаблон	rel:etymology	deu: Schablone
rus: шайба	rel:etymology	deu: Scheibe
rus: шаман	rel:etymology	evn: шаман
rus: шантаж	rel:etymology	fra: chantage
rus: шарж	rel:etymology	fra: charge
rus: шарлатан	rel:etymology	fra: charlatan
rus: шарлатанство	rel:etymology	rus: -ство
rus: шарлатанство	rel:etymology	rus: шарлатан
rus: шарманка	rel:etymology	fra: charmant
rus: шарнир	rel:etymology	deu: Scharnier
rus: шаттл	rel:etymology	eng: shuttle
rus: шаурма	rel:etymology	ara: شاورما
rus: шафран	rel:etymology	tur: şafran
rus: шах	rel:etymology	fas: شاه
rus: шахта	rel:etymology	deu: Schacht
rus: шашлык	rel:etymology	tur: şişlik
rus: шваб	rel:etymology	deu: Schwabe
rus: шедевр	rel:etymology	fra: chef-d'œuvre
rus: шезлонг	rel:etymology	fra: chaise longue
rus: шейх	rel:etymology	ara: شيخ
rus: шербет	rel:etymology	ota: شربت
rus: шиацу	rel:etymology	jpn: 指圧
rus: шизофренический	rel:etymology	rus: -ческий
rus: шизофренический	rel:etymology	rus: шизофрения
rus: шик	rel:etymology	fra: chic
rus: шлагбаум	rel:etymology	deu: Schlagbaum
rus: шланг	rel:etymology	deu: Schlange
rus: шлягер	rel:etymology	deu: Schlager
rus: шмон	rel:etymology	heb: שמונה
rus: шоппинг	rel:etymology	eng: shopping
rus: шорты	rel:etymology	eng: shorts
rus: шоссе	rel:etymology	deu: Chaussée
rus: шофёр	rel:etymology	fra: chauffeur
rus: шпага	rel:etymology	pol: szpada
rus: шпиндель	rel:etymology	deu: Spindel
rus: шпион	rel:etymology	deu: Spion
rus: шприц	rel:etymology	deu: Spritze
rus: шредер	rel:etymology	eng: shredder
rus: шрифт	rel:etymology	deu: Schrift
rus: штаб	rel:etymology	deu: Stab
rus: штиль	rel:etymology	deu: Stil
rus: штиль	rel:etymology	deu: Stille
rus: штопор	rel:etymology	nld: stopper
rus: штрейкбрехер	rel:etymology	deu: Streikbrecher
rus: штурвал	rel:etymology	nld: stuurwiel
rus: штурман	rel:etymology	nld: stuurman
rus: штуф	rel:etymology	deu: Stufe
rus: шуруп	rel:etymology	deu: Schraube
rus: шхера	rel:etymology	swe: skär
rus: эдельвейс	rel:etymology	deu: Edelweiß
rus: эй	rel:etymology	eng: a
rus: эйч	rel:etymology	eng: aitch
rus: экипаж	rel:etymology	fra: équipage
rus: экономический	rel:etymology	rus: -ческий
rus: экономический	rel:etymology	rus: экономика
rus: экран	rel:etymology	fra: écran
rus: эксперимент	rel:etymology	lat: experimentum
rus: электрофон	rel:etymology	fra: électrophone
rus: эль	rel:etymology	eng: ale
rus: эндшпиль	rel:etymology	deu: Endspiel
rus: энергия	rel:etymology	deu: Energie
rus: эпилог	rel:etymology	fra: épilogue
rus: эпопея	rel:etymology	fra: épopée
rus: эрекция	rel:etymology	lat: erectio
rus: эрху	rel:etymology	cmn: 二胡
rus: эскадрилья	rel:etymology	spa: escuadrilla
rus: эскарго	rel:etymology	fra: escargot
rus: эстафета	rel:etymology	fra: estafette
rus: эстонец	rel:etymology	rus: -ец
rus: эстонец	rel:etymology	rus: Эстония
rus: эстрагон	rel:etymology	fra: estragon
rus: этаж	rel:etymology	fra: étage
rus: этап	rel:etymology	fra: étape
rus: этюд	rel:etymology	fra: étude
rus: эфир	rel:etymology	grc: αἰθήρ
rus: эшафот	rel:etymology	fra: échafaud
rus: юбилей	rel:etymology	deu: Jubiläum
rus: юбиляр	rel:etymology	rus: -яр
rus: юбиляр	rel:etymology	rus: юбилей
rus: ювелир	rel:etymology	deu: Juwelier
rus: южанин	rel:etymology	rus: юг
rus: юзверь	rel:etymology	rus: зверь
rus: юзверь	rel:etymology	rus: юзер
rus: юзер	rel:etymology	eng: user
rus: юката	rel:etymology	jpn: 浴衣
rus: ябеда	rel:etymology	non: embætti
rus: явиться	rel:etymology	rus: -ся
rus: явиться	rel:etymology	rus: явить
rus: являться	rel:etymology	rus: -ся
rus: являться	rel:etymology	rus: являть
rus: ягодица	rel:etymology	rus: -ица
rus: ягодица	rel:etymology	rus: ягода
rus: языковедческий	rel:etymology	rus: -ческий
rus: языковедческий	rel:etymology	rus: языковед
rus: яма	rel:etymology	san: यम
rus: ямча	rel:etymology	yue: 飲茶
rus: яой	rel:etymology	jpn: やおい
rus: ярл	rel:etymology	non: jarl
rus: ярмарка	rel:etymology	pol: jarmark
rus: ятаган	rel:etymology	tur: yatağan
rus: ёбаный	rel:etymology	rus: ебать
rus: ётун	rel:etymology	non: jǫtunn
rus: troyka	rel:etymology	rus: troye
rus: troye	rel:etymology	Hintavrupa Anadilinde: *trei-
rus: voda	rel:etymology	lat: unda
rus: upır	rel:etymology	Türkiye Türkçesi: obur
rus: borşç	rel:etymology	rus: borşçevik
rus: bol'şevik	rel:etymology	rus: bol'şiy
rus: bol'şiy	rel:etymology	rus: bol'şoy
rus: bol'şoy	rel:etymology	Eski Slavca: bolişi
rus: intelligentsiya	rel:etymology	lat: intelligentia
rus: agitprop	rel:etymology	rus: agitátsia
rus: agitátsia	rel:etymology	rus: propagánda
rus: kapusta	rel:etymology	Eski Yüksek Almanca: kabuz
rus: babuşka	rel:etymology	rus: baba
rus: çaynik	rel:etymology	rus: çay
rus: tsar	rel:etymology	lat: caesar
rus: stakan	rel:etymology	ERus: dostokán
rus: knyaz	rel:etymology	Germence: *kuningaz
rus: kefir	rel:etymology	eng: kefir
rus: kolbasá	rel:etymology	Türkiye Türkçesi: külbasa 
rus: boyar	rel:etymology	Kıpçakça: bay
rus: kopeyka	rel:etymology	rus: kopyo
rus: kolχóz	rel:etymology	rus: kolektivnóye χozyáistvo
rus: tundra	rel:etymology	Saami (Laponca): tun-tur
rus: kosmonávt	rel:etymology	grc: kósmos
rus: şamán	rel:etymology	mon: şaman
rus: sovyet	rel:etymology	rus: so-
rus: so-	rel:etymology	rus: vyet
rus: taiga	rel:etymology	mon: tayga
rus: troye,	rel:etymology	Avesta (Zend) dilinde: thri-,
