pol: kombinezon	rel:etymology	fra: combinaison
pol: cyrk	rel:etymology	lat: circus
pol: szkoła	rel:etymology	lat: schola
pol: przyszłość	rel:etymology	pol: -ość
pol: wiadomość	rel:etymology	pol: -ość
pol: księżycowy	rel:etymology	pol: księżyc
pol: porcelana	rel:etymology	lat: porcellana
pol: metal	rel:etymology	lat: metallum
pol: auto	rel:etymology	grc: αὐτός
pol: mango	rel:etymology	eng: mango
pol: drum and bass	rel:etymology	eng: drum and bass
pol: deszczowy	rel:etymology	pol: deszcz
pol: szarlotka	rel:etymology	fra: charlotte
pol: lniany	rel:etymology	pol: len
pol: kokos	rel:etymology	por: coco
pol: chciwość	rel:etymology	pol: chciwy
pol: embargo	rel:etymology	spa: embargo
pol: hamak	rel:etymology	spa: hamaca
pol: jarmark	rel:etymology	deu: Jahrmarkt
pol: kabała	rel:etymology	heb: קַבָּלָה
pol: jednomyślność	rel:etymology	pol: jednomyślny
pol: półmetal	rel:etymology	pol: metal
pol: szarość	rel:etymology	pol: szary
pol: radiologia	rel:etymology	pol: radio-
pol: samsara	rel:etymology	san: संसार
pol: hacham	rel:etymology	heb: חכם
pol: sygnał	rel:etymology	lat: singalis
pol: Bergamo	rel:etymology	ita: Bergamo
pol: żabojad	rel:etymology	pol: żaba
pol: polityka	rel:etymology	grc: πολιτική
pol: kreda	rel:etymology	lat: Creta
pol: samotność	rel:etymology	pol: samotny
pol: rodzynka	rel:etymology	deu: Rosine
pol: odpowiedzialność	rel:etymology	pol: -ość
pol: pastor	rel:etymology	lat: pastor
pol: Nowak	rel:etymology	pol: nowy
pol: stal	rel:etymology	deu: Stahl
pol: paleontologia	rel:etymology	pol: paleo-
pol: wielkość	rel:etymology	pol: -ość
pol: gęstość	rel:etymology	pol: -ość
pol: toaleta	rel:etymology	fra: toilette
pol: betonować	rel:etymology	pol: beton
pol: obecność	rel:etymology	pol: obecny
pol: papier	rel:etymology	grc: πάπυρος
pol: cukrowy	rel:etymology	pol: cukier
pol: dżem	rel:etymology	eng: jam
pol: majonez	rel:etymology	fra: mayonnaise
pol: Ryga	rel:etymology	lav: Rīga
pol: Adam	rel:etymology	heb: אדם
pol: obecność	rel:etymology	pol: -ość
pol: wysokość	rel:etymology	pol: -ość
pol: durian	rel:etymology	eng: durian
pol: własność	rel:etymology	pol: własny
pol: smak	rel:etymology	nds: smak
pol: lew	rel:etymology	bul: лев
pol: mapa	rel:etymology	lat: mappa
pol: przyjemność	rel:etymology	pol: przyjemny
pol: kondensator	rel:etymology	lat: condenso
pol: nafta	rel:etymology	grc: νάφθα
pol: hamować	rel:etymology	gmh: hamen
pol: Sebastian	rel:etymology	lat: Sebastianus
pol: banan	rel:etymology	por: banana
pol: seksualność	rel:etymology	pol: seksualny
pol: rzeczywistość	rel:etymology	pol: rzeczywisty
pol: wersja	rel:etymology	fra: version
pol: seppuku	rel:etymology	jpn: 切腹
pol: mit	rel:etymology	grc: μῦθος
pol: znajomość	rel:etymology	pol: -ość
pol: Chanuka	rel:etymology	heb: חנוכה
pol: ostrość	rel:etymology	pol: -ość
pol: ambi-	rel:etymology	lat: ambi-
pol: medal	rel:etymology	fra: médaille
pol: Esbjerg	rel:etymology	dan: Esbjerg
pol: niepotrzebny	rel:etymology	pol: nie-
pol: wątpliwość	rel:etymology	pol: wątpliwy
pol: sadownik	rel:etymology	pol: sad
pol: stypendium	rel:etymology	lat: stipendium
pol: keczup	rel:etymology	eng: ketchup
pol: podtytuł	rel:etymology	pol: pod-
pol: demokracja	rel:etymology	grc: δημοκράτια
pol: warcaby	rel:etymology	ces: vrhcáby
pol: flirt	rel:etymology	eng: flirt
pol: sos	rel:etymology	fra: sauce
pol: otyłość	rel:etymology	pol: -ość
pol: iguana	rel:etymology	spa: iguana
pol: policja	rel:etymology	deu: Polizei
pol: burka	rel:etymology	tur: bürük
pol: szczerość	rel:etymology	pol: -ość
pol: obsydian	rel:etymology	lat: Obsidius
pol: parasol	rel:etymology	ita: parasole
pol: hańba	rel:etymology	ces: hanba
pol: szabat	rel:etymology	heb: שבת
pol: księżycowy	rel:etymology	pol: -owy
pol: odchodzić	rel:etymology	pol: chodzić
pol: fristajlować	rel:etymology	pol: -ować
pol: podcast	rel:etymology	eng: podcast
pol: mrówkolew	rel:etymology	pol: mrówka
pol: hełm	rel:etymology	deu: Helm
pol: haszysz	rel:etymology	ara: حشيش
pol: ban	rel:etymology	hbs: ban
pol: żabojad	rel:etymology	pol: -o-
pol: wielkość	rel:etymology	pol: wielki
pol: burda	rel:etymology	fra: bourde
pol: rejs	rel:etymology	deu: Reise
pol: absyntowy	rel:etymology	pol: absynt
pol: Genk	rel:etymology	nld: Genk
pol: całość	rel:etymology	pol: -ość
pol: czasomierz	rel:etymology	pol: -mierz
pol: grejpfrut	rel:etymology	eng: grapefruit
pol: czynność	rel:etymology	pol: -ość
pol: szaniec	rel:etymology	deu: Schanze
pol: chaos	rel:etymology	grc: χάος
pol: reklama	rel:etymology	fra: réclame
pol: wartość	rel:etymology	pol: warty
pol: Korea	rel:etymology	kor: 고려
pol: czasomierz	rel:etymology	pol: czas
pol: wierzbowy	rel:etymology	pol: wierzba
pol: możliwość	rel:etymology	pol: -ość
pol: basen	rel:etymology	fra: bassin
pol: ostrość	rel:etymology	pol: ostry
pol: plac	rel:etymology	deu: Platz
pol: większość	rel:etymology	pol: większy
pol: gatunek	rel:etymology	deu: Gattung
pol: wątpliwość	rel:etymology	pol: -ość
pol: dżuma	rel:etymology	ron: ciumă
pol: skala	rel:etymology	lat: scala
pol: przedmówca	rel:etymology	pol: przed-
pol: sashimi	rel:etymology	jpn: 刺身
pol: klient	rel:etymology	lat: cliens
pol: ćwierćfinał	rel:etymology	pol: ćwierć
pol: hit	rel:etymology	eng: hit
pol: brokułowy	rel:etymology	pol: brokuł
pol: wilgotność	rel:etymology	pol: -ość
pol: bioróżnorodność	rel:etymology	pol: biologia
pol: dżudo	rel:etymology	jpn: 柔道
pol: szybkość	rel:etymology	pol: -ość
pol: energia	rel:etymology	grc: ἐνέργεια
pol: kryształ	rel:etymology	grc: κρύσταλλος
pol: Den Bosch	rel:etymology	nld: Den Bosch
pol: szczerość	rel:etymology	pol: szczery
pol: azuryt	rel:etymology	fro: azur
pol: popołudnie	rel:etymology	pol: po-
pol: turban	rel:etymology	tur: tülbent
pol: kanion	rel:etymology	spa: cañón
pol: burmistrz	rel:etymology	deu: Bürgermeister
pol: manga	rel:etymology	jpn: 漫画
pol: kaskader	rel:etymology	fra: cascadeur
pol: szantaż	rel:etymology	fra: chantage
pol: pedał	rel:etymology	ita: pedale
pol: wart	rel:etymology	deu: wert
pol: nirwana	rel:etymology	san: निर्वाण
pol: klasa	rel:etymology	lat: classis
pol: iMac	rel:etymology	eng: iMac
pol: toast	rel:etymology	eng: toast
pol: molekuła	rel:etymology	lat: molecula
pol: label	rel:etymology	eng: label
pol: emocja	rel:etymology	lat: emotio
pol: obczyzna	rel:etymology	pol: -czyzna
pol: tor	rel:etymology	lat: thorium
pol: nowość	rel:etymology	pol: nowy
pol: niepewność	rel:etymology	pol: -ość
pol: szaman	rel:etymology	rus: шаман
pol: tilaka	rel:etymology	san: तिलक
pol: boja	rel:etymology	deu: Boje
pol: bieługa	rel:etymology	rus: белуга
pol: bazar	rel:etymology	fas: بازار
pol: origami	rel:etymology	jpn: 折り紙
pol: chciwość	rel:etymology	pol: -ość
pol: surrealista	rel:etymology	fra: surréaliste
pol: sukces	rel:etymology	lat: successus
pol: anime	rel:etymology	jpn: アニメ
pol: brokułowy	rel:etymology	pol: -owy
pol: hurtownia	rel:etymology	pol: hurt
pol: delfin	rel:etymology	lat: delphinus
pol: inteligencja	rel:etymology	lat: intelligentia
pol: tlen	rel:etymology	pol: tlić się
pol: CAF	rel:etymology	eng: CAF
pol: finał	rel:etymology	ita: finale
pol: hipopotam	rel:etymology	grc: ἱπποπόταμος
pol: manicure	rel:etymology	fra: manicure
pol: bryg	rel:etymology	eng: brig
pol: garnitur	rel:etymology	fra: garniture
pol: nuta	rel:etymology	lat: nota
pol: jedwab	rel:etymology	ces: hedvábí
pol: młodość	rel:etymology	pol: -ość
pol: kultura	rel:etymology	lat: cultura
pol: kasztan	rel:etymology	lat: castanea
pol: ekstremum	rel:etymology	lat: extremus
pol: okaryna	rel:etymology	ita: ocarina
pol: iBook	rel:etymology	eng: iBook
pol: organizm	rel:etymology	grc: ὄργανον
pol: pisuar	rel:etymology	fra: pissoir
pol: rarytas	rel:etymology	lat: raritas
pol: sobota	rel:etymology	heb: שבת
pol: gęstość	rel:etymology	pol: gęsty
pol: ryż	rel:etymology	goh: ris
pol: pizza	rel:etymology	ita: pizza
pol: niezależność	rel:etymology	pol: -ość
pol: śródmózgowie	rel:etymology	pol: śród-
pol: łatwość	rel:etymology	pol: -ość
pol: surrealizm	rel:etymology	fra: surréalisme
pol: mulcz	rel:etymology	eng: mulch
pol: przeszłość	rel:etymology	pol: przeszły
pol: magazynier	rel:etymology	fra: magasinier
pol: rewolwer	rel:etymology	eng: revolver
pol: marynarz	rel:etymology	lat: marinarius
pol: odległość	rel:etymology	pol: -ość
pol: strajk	rel:etymology	eng: strike
pol: tajfun	rel:etymology	deu: Taifun
pol: lucerna	rel:etymology	deu: Luzerne
pol: enerdowski	rel:etymology	pol: -owski
pol: długość	rel:etymology	pol: -ość
pol: ketchup	rel:etymology	eng: ketchup
pol: podzielność	rel:etymology	pol: -ość
pol: szeryf	rel:etymology	eng: sheriff
pol: demonologia	rel:etymology	pol: demono-
pol: krem	rel:etymology	fra: crème
pol: pochyłość	rel:etymology	pol: -ość
pol: kangur	rel:etymology	fra: kangourou
pol: waltornia	rel:etymology	deu: Waldhorn
pol: kaktusowy	rel:etymology	pol: kaktus
pol: turniej	rel:etymology	gmh: turnei
pol: kostel	rel:etymology	goh: kastel
pol: niezależność	rel:etymology	pol: nie-
pol: rura	rel:etymology	deu: Rohr
pol: Roman	rel:etymology	lat: Romanus
pol: literatura	rel:etymology	lat: litteratura
pol: pas	rel:etymology	fra: passer
pol: Malaga	rel:etymology	dan: Málaga
pol: joypad	rel:etymology	eng: joypad
pol: wampir	rel:etymology	hbs: vampir
pol: nieśmiertelny	rel:etymology	pol: śmiertelny
pol: termit	rel:etymology	lat: termes
pol: sushi	rel:etymology	jpn: 鮨
pol: przyjemność	rel:etymology	pol: -ość
pol: genealogia	rel:etymology	lat: genealogia
pol: mankiet	rel:etymology	ita: manichetta
pol: pełnoletniość	rel:etymology	pol: pełnoletni
pol: dżihad	rel:etymology	ara: جهاد
pol: dżojstik	rel:etymology	eng: joystick
pol: winda	rel:etymology	deu: Winde
pol: szachy	rel:etymology	fas: شاه
pol: sweter	rel:etymology	eng: sweater
pol: klawesyn	rel:etymology	fra: clavecin
pol: kareta	rel:etymology	ita: carretta
pol: zaległość	rel:etymology	pol: zaległy
pol: halo	rel:etymology	grc: ἅλως
pol: żakiet	rel:etymology	fra: jaquette
pol: Tottenham	rel:etymology	eng: Tottenham
pol: szybkość	rel:etymology	pol: szybki
pol: większość	rel:etymology	pol: -ość
pol: użyszkodnik	rel:etymology	pol: użytkownik
pol: ciemność	rel:etymology	pol: ciemny
pol: enerdowski	rel:etymology	pol: NRD
pol: ułan	rel:etymology	tur: oğlan
pol: huragan	rel:etymology	fra: ouragan
pol: szlafrok	rel:etymology	deu: Schlafrock
pol: czako	rel:etymology	hun: csákó
pol: statua	rel:etymology	lat: statua
pol: kaktus	rel:etymology	grc: κάκτος
pol: punkt	rel:etymology	lat: punctum
pol: guru	rel:etymology	san: गुरु
pol: pseudohodowla	rel:etymology	pol: pseudo-
pol: szablon	rel:etymology	deu: Schablone
pol: głośność	rel:etymology	pol: -ość
pol: kawaler	rel:etymology	ita: cavaliere
pol: jen	rel:etymology	jpn: 円
pol: egzystencjalizm	rel:etymology	fra: existentialisme
pol: biceps	rel:etymology	lat: biceps
pol: Marian	rel:etymology	lat: Marianus
pol: kościół	rel:etymology	pol: kostel
pol: seksualność	rel:etymology	pol: -ość
pol: praca	rel:etymology	ces: práce
pol: złość	rel:etymology	pol: zły
pol: skłonność	rel:etymology	pol: -ość
pol: świetność	rel:etymology	pol: świetny
pol: stop	rel:etymology	eng: stop
pol: przedostatni	rel:etymology	pol: przed
pol: kontakt	rel:etymology	lat: contactus
pol: młodość	rel:etymology	pol: młody
pol: headshot	rel:etymology	eng: headshot
pol: zaległość	rel:etymology	pol: -ość
pol: żargon	rel:etymology	fra: jargon
pol: niepotrzebny	rel:etymology	pol: potrzebny
pol: własność	rel:etymology	pol: -ość
pol: techno	rel:etymology	eng: techno
pol: paragraf	rel:etymology	grc: παράγραφος
pol: kantor	rel:etymology	deu: Kontor
pol: tożsamość	rel:etymology	pol: -ość
pol: mądrość	rel:etymology	pol: mądry
pol: bekon	rel:etymology	eng: bacon
pol: czujność	rel:etymology	pol: -ość
pol: spodnie	rel:etymology	pol: spód
pol: szuler	rel:etymology	ces: šulíř
pol: niecierpliwy	rel:etymology	pol: cierpliwy
pol: litera	rel:etymology	lat: littera
pol: więcierz	rel:etymology	rus: вентерь
pol: republika	rel:etymology	fra: république
pol: tona	rel:etymology	fra: tonne
pol: hikikomori	rel:etymology	jpn: 引きこもり
pol: halo	rel:etymology	eng: hallo
pol: pal	rel:etymology	lat: palus
pol: szampan	rel:etymology	fra: champagne
pol: atmosferyczny	rel:etymology	pol: atmosfera
pol: dywan	rel:etymology	tur: divan
pol: farba	rel:etymology	deu: Farbe
pol: chór	rel:etymology	lat: chorus
pol: radiologia	rel:etymology	pol: -logia
pol: socjalizm	rel:etymology	lat: socialis
pol: chałwa	rel:etymology	tur: helva
pol: margaryna	rel:etymology	fra: margarine
pol: wilgotność	rel:etymology	pol: wilgotny
pol: poeta	rel:etymology	lat: poeta
pol: Internet	rel:etymology	eng: Internet
pol: house	rel:etymology	eng: house music
pol: sutanna	rel:etymology	fra: soutane
pol: ekran	rel:etymology	fra: écran
pol: chudość	rel:etymology	pol: chudy
pol: bonsai	rel:etymology	jpn: 盆栽
pol: pora roku	rel:etymology	pol: rok
pol: czasomierz	rel:etymology	pol: -o-
pol: syrop	rel:etymology	lat: sirupus
pol: mniejszość	rel:etymology	pol: mniejszy
pol: molo	rel:etymology	ita: molo
pol: komputer	rel:etymology	eng: computer
pol: trudność	rel:etymology	pol: trudny
pol: długość	rel:etymology	pol: długi
pol: koszmar	rel:etymology	fra: cauchemar
pol: rydwan	rel:etymology	gmh: Reitwagen
pol: chudość	rel:etymology	pol: -ość
pol: reżyser	rel:etymology	fra: régisseur
pol: knebel	rel:etymology	deu: Knebel
pol: geometria	rel:etymology	grc: γεωμετρία
pol: psi	rel:etymology	pol: pies
pol: natura	rel:etymology	lat: natura
pol: kartkówka	rel:etymology	pol: kartka
pol: psi	rel:etymology	grc: ψῖ
pol: kaktusowy	rel:etymology	pol: -owy
pol: delfin	rel:etymology	grc: δελφίν
pol: właściwość	rel:etymology	pol: właściwy
pol: cukrowy	rel:etymology	pol: -owy
pol: czytelność	rel:etymology	pol: czytelny
pol: samuraj	rel:etymology	jpn: 侍
pol: sfera	rel:etymology	lat: sphaera
pol: nagość	rel:etymology	pol: nagi
pol: plastyczność	rel:etymology	pol: -ość
pol: akcent	rel:etymology	lat: accentus
pol: pogadać	rel:etymology	pol: gadać
pol: niepełnosprawność	rel:etymology	pol: niepełnosprawny
pol: poza	rel:etymology	fra: pose
pol: globus	rel:etymology	lat: globus
pol: wdzięczność	rel:etymology	pol: wdzięczny
pol: Manchester	rel:etymology	eng: Manchester
pol: fetysz	rel:etymology	fra: fétiche
pol: komenda	rel:etymology	lat: commendo
pol: poezja	rel:etymology	grc: ποίησις
pol: pas	rel:etymology	fra: pas
pol: Zając	rel:etymology	pol: zając
pol: brydż	rel:etymology	eng: bridge
pol: wasabi	rel:etymology	jpn: 山葵
pol: dorosłość	rel:etymology	pol: -ość
pol: bezczelność	rel:etymology	pol: bezczelny
pol: beton	rel:etymology	fra: béton
pol: podświadomy	rel:etymology	pol: pod
pol: fristajlować	rel:etymology	pol: fristajl
pol: dyplom	rel:etymology	lat: diploma
pol: palindrom	rel:etymology	grc: παλίνδρομος
pol: deszczowy	rel:etymology	pol: -owy
pol: tłumaczenie	rel:etymology	pol: tłumaczyć
pol: oracja	rel:etymology	lat: oratio
pol: liberyjski	rel:etymology	pol: Liberia
pol: mrówkolew	rel:etymology	pol: lew
pol: konsekwencja	rel:etymology	lat: consequentia
pol: szpadel	rel:etymology	deu: Spatel
pol: kasyno	rel:etymology	ita: casino
pol: dwuznak	rel:etymology	pol: znak
pol: podświadomy	rel:etymology	pol: świadomy
pol: filiżanka	rel:etymology	ron: filigean
pol: podzielność	rel:etymology	pol: podzielny
pol: Facebook	rel:etymology	eng: Facebook
pol: sonet	rel:etymology	ita: sonetto
pol: papieros	rel:etymology	pol: papier
pol: apatia	rel:etymology	grc: ἀπάθεια
pol: spać	rel:etymology	chu: съпати
pol: aldehydowy	rel:etymology	pol: aldehyd
pol: wierzbowy	rel:etymology	pol: -owy
pol: dżinsy	rel:etymology	eng: jeans
pol: cynober	rel:etymology	deu: Zinnober
pol: spaghetti	rel:etymology	ita: spaghetti
pol: dentysta	rel:etymology	fra: dentiste
pol: Czech	rel:etymology	ces: Čech
pol: cadyk	rel:etymology	heb: צדיק
pol: biznesmen	rel:etymology	eng: businessman
pol: garderoba	rel:etymology	fra: garde-robe
pol: wieczność	rel:etymology	pol: -ość
pol: klaun	rel:etymology	eng: clown
pol: pogadać	rel:etymology	pol: po-
pol: marmolada	rel:etymology	fra: marmelade
pol: cierpliwość	rel:etymology	pol: cierpliwy
pol: nieśmiałość	rel:etymology	pol: nieśmiały
pol: dziękować	rel:etymology	goh: dankôn
pol: joga	rel:etymology	san: योग
pol: ortograficzny	rel:etymology	pol: -iczny
pol: popołudnie	rel:etymology	pol: południe
pol: niecierpliwy	rel:etymology	pol: nie-
pol: tuz	rel:etymology	gmh: tûz
pol: dybuk	rel:etymology	heb: דיבוק
pol: Arystoteles	rel:etymology	grc: Ἀριστοτέλης
pol: eurodance	rel:etymology	eng: Eurodance
pol: elektryczność	rel:etymology	pol: elektryczny
pol: Apple	rel:etymology	eng: Apple
pol: raport	rel:etymology	fra: rapport
pol: szeryf	rel:etymology	fra: chérif
pol: centrum	rel:etymology	lat: centrum
pol: brutto	rel:etymology	ita: brutto
pol: katar	rel:etymology	grc: καταρρέω
pol: trance	rel:etymology	eng: trance
pol: śródmózgowie	rel:etymology	pol: mózgowie
pol: abażur	rel:etymology	fra: abat-jour
pol: loch	rel:etymology	deu: Loch
pol: islam	rel:etymology	ara: اسلام
pol: MacBook	rel:etymology	eng: MacBook
pol: skamieniałość	rel:etymology	pol: skamieniały
pol: aldehydowy	rel:etymology	pol: -owy
pol: absyntowy	rel:etymology	pol: -owy
pol: rabin	rel:etymology	heb: רבי
pol: świetność	rel:etymology	pol: -ość
pol: bobslej	rel:etymology	eng: bobsleigh
pol: aikido	rel:etymology	jpn: 合気道
pol: kalafior	rel:etymology	ita: cavolfiore
pol: cel	rel:etymology	gmh: zil
pol: dyktator	rel:etymology	lat: dictator
pol: migrena	rel:etymology	fra: migraine
pol: waga	rel:etymology	deu: Waage
pol: kord	rel:etymology	hun: kard
pol: prawda	rel:etymology	chu: правьда
pol: bezczelność	rel:etymology	pol: -ość
pol: cykl	rel:etymology	grc: κύκλος
pol: łatwość	rel:etymology	pol: łatwy
pol: starość	rel:etymology	pol: stary
pol: wafel	rel:etymology	deu: Waffel
pol: tenis	rel:etymology	eng: tennis
pol: Andrzej	rel:etymology	grc: Ἀνδρέας
pol: montaż	rel:etymology	fra: montage
pol: scenariusz	rel:etymology	lat: scaenarius
pol: moneta	rel:etymology	lat: moneta
pol: komputerowy	rel:etymology	pol: komputer
pol: Paulina	rel:etymology	lat: Paulina
pol: hokej	rel:etymology	eng: hockey
pol: kanał	rel:etymology	lat: canalis
pol: Marcin	rel:etymology	lat: Martinus
pol: ren	rel:etymology	lat: rhenium
pol: karma	rel:etymology	san: कर्मन्
pol: maszt	rel:etymology	deu: Mast
pol: kanibal	rel:etymology	spa: canibal
pol: tyłek	rel:etymology	pol: tył
pol: nowość	rel:etymology	pol: -ość
pol: mat	rel:etymology	nld: maat
pol: stres	rel:etymology	eng: stress
pol: szaszłyk	rel:etymology	rus: шашлык
pol: użyszkodnik	rel:etymology	pol: szkodnik
pol: epenteza	rel:etymology	grc: ἐπένθεσις
pol: lustro	rel:etymology	ita: lustro
pol: szabas	rel:etymology	heb: שבת
pol: pseudohodowla	rel:etymology	pol: hodowla
pol: demonologia	rel:etymology	pol: -logia
pol: debil	rel:etymology	lat: debillo
pol: szogun	rel:etymology	jpn: 将軍
pol: nieśmiertelny	rel:etymology	pol: nie-
pol: gryf	rel:etymology	lat: gryphus
pol: nit	rel:etymology	deu: Niete
pol: entuzjazm	rel:etymology	grc: ἐνθουσιασμός
pol: kondom	rel:etymology	eng: condom
pol: Aalborg	rel:etymology	dan: Aalborg
pol: akwedukt	rel:etymology	lat: aquaeductus
pol: poczta	rel:etymology	ita: posta
pol: bluza	rel:etymology	fra: blouse
pol: weekend	rel:etymology	eng: weekend
pol: narodowy	rel:etymology	pol: naród
pol: świadomość	rel:etymology	pol: świadomy
pol: Koran	rel:etymology	ara: القرآن
pol: Swansea	rel:etymology	eng: Swansea
pol: nieruchomość	rel:etymology	pol: nieruchomy
pol: komoda	rel:etymology	fra: commode
pol: koktajl	rel:etymology	eng: cocktail
pol: mrówkojad	rel:etymology	pol: mrówka
pol: refren	rel:etymology	fra: refrain
pol: reklamowy	rel:etymology	pol: -owy
pol: równość	rel:etymology	pol: równy
pol: egzystencja	rel:etymology	lat: ex(s)istentia
pol: bambus	rel:etymology	deu: Bambus
pol: rok	rel:etymology	chu: рокъ
pol: pomidor	rel:etymology	ita: pomidori
pol: Almería	rel:etymology	spa: Almería
pol: fałsz	rel:etymology	lat: falsus
pol: świadomość	rel:etymology	pol: -ość
pol: ortograficzny	rel:etymology	pol: ortografia
pol: czaprak	rel:etymology	tur: çaprak
pol: teatr	rel:etymology	grc: θέατρον
pol: otyłość	rel:etymology	pol: otyły
pol: pech	rel:etymology	deu: Pech
pol: forint	rel:etymology	hun: forint
pol: dżokej	rel:etymology	eng: jockey
pol: żyrafa	rel:etymology	fra: girafe
pol: wściekłość	rel:etymology	pol: -ość
pol: szafir	rel:etymology	grc: σάπφειρος
pol: Lier	rel:etymology	nld: Lier
pol: waluta	rel:etymology	ita: valuta
pol: obczyzna	rel:etymology	pol: obcy
pol: szeryf	rel:etymology	eng: serif
pol: platanowy	rel:etymology	pol: platan
pol: menu	rel:etymology	fra: menu
pol: eufuizm	rel:etymology	eng: euphuism
pol: gol	rel:etymology	eng: goal
pol: kawa	rel:etymology	tur: kahve
pol: Pandora	rel:etymology	grc: Πανδώρα
pol: lama	rel:etymology	bod: བླ་མ
pol: adwokat	rel:etymology	lat: advocatus
pol: korona	rel:etymology	lat: corona
pol: starość	rel:etymology	pol: -ość
pol: czardasz	rel:etymology	hun: csárdás
pol: mat	rel:etymology	deu: matt
pol: wezyr	rel:etymology	tur: vezir
pol: sura	rel:etymology	ara: سورة
pol: kompost	rel:etymology	lat: compositus
pol: szablodziób	rel:etymology	pol: szabla
pol: igloo	rel:etymology	eng: igloo
pol: kontusz	rel:etymology	hun: köntös
pol: lama	rel:etymology	fra: lame
pol: proces	rel:etymology	lat: processus
pol: superkomputer	rel:etymology	eng: supercomputer
pol: wigwam	rel:etymology	eng: wigwam
pol: post	rel:etymology	eng: post
pol: 's-Hertogenbosch	rel:etymology	nld: 's-Hertogenbosch
pol: przepiękny	rel:etymology	pol: piękny
pol: sejf	rel:etymology	eng: safe
pol: trudność	rel:etymology	pol: -ość
pol: anatomia	rel:etymology	grc: ἀνατομία
pol: homoseksualność	rel:etymology	pol: homoseksualny
pol: czarnawy	rel:etymology	pol: -awy
pol: kelner	rel:etymology	deu: Kellner
pol: biskup	rel:etymology	chu: бискѹпъ
pol: kapitan	rel:etymology	lat: capitaneus
pol: Wimbledon	rel:etymology	eng: Wimbledon
pol: galeon	rel:etymology	spa: galeón
pol: cierpliwość	rel:etymology	pol: -ość
pol: ban	rel:etymology	eng: ban
pol: torba	rel:etymology	tur: torba
pol: pełnoletniość	rel:etymology	pol: -ość
pol: Xbox	rel:etymology	eng: Xbox
pol: pochyłość	rel:etymology	pol: pochyły
pol: dżezmen	rel:etymology	eng: jazzman
pol: pałac	rel:etymology	ita: palazzo
pol: laptop	rel:etymology	eng: laptop
pol: kwadrat	rel:etymology	lat: quadratus
pol: korek	rel:etymology	deu: Kork
pol: Big Mac	rel:etymology	eng: Big Mac
pol: kwazar	rel:etymology	eng: quasar
pol: elektryczność	rel:etymology	pol: -ość
pol: barka	rel:etymology	lat: barca
pol: równość	rel:etymology	pol: -ość
pol: iPhone	rel:etymology	eng: iPhone
pol: prędkość	rel:etymology	pol: -ość
pol: cebula	rel:etymology	lat: cepulla
pol: szyna	rel:etymology	deu: Schiene
pol: samba	rel:etymology	por: samba
pol: niezależność	rel:etymology	pol: zależny
pol: argot	rel:etymology	fra: argot
pol: tenisowy	rel:etymology	pol: tenis
pol: szałamaja	rel:etymology	deu: Schalmei
pol: reklamowy	rel:etymology	pol: reklama
pol: jogurt	rel:etymology	tur: yoğurt
pol: szerokość	rel:etymology	pol: -ość
pol: dubstep	rel:etymology	eng: dubstep
pol: komputerowy	rel:etymology	pol: -owy
pol: solidarność	rel:etymology	pol: solidarny
pol: niepełnosprawność	rel:etymology	pol: -ość
pol: brosza	rel:etymology	fra: broche
pol: niepełnosprawny	rel:etymology	pol: nie-
pol: fontanna	rel:etymology	ita: fontana
pol: gdyby	rel:etymology	pol: by
pol: nagość	rel:etymology	pol: -ość
pol: karnawałowy	rel:etymology	pol: karnawał
pol: pludry	rel:etymology	deu: Pluderhose
pol: szpital	rel:etymology	deu: Spital
pol: pseudonauka	rel:etymology	pol: pseudo-
pol: kaszkiet	rel:etymology	fra: casquette
pol: barman	rel:etymology	eng: barman
pol: szwa	rel:etymology	heb: שְׁוָא
pol: uczciwość	rel:etymology	pol: uczciwy
pol: homoseksualność	rel:etymology	pol: -ość
pol: marihuana	rel:etymology	spa: marihuana
pol: umiejętność	rel:etymology	pol: umiejętny
pol: przyszłość	rel:etymology	pol: przyszły
pol: historia	rel:etymology	lat: historia
pol: tatuaż	rel:etymology	fra: tatouage
pol: granat	rel:etymology	ita: granata
pol: pieriestrojka	rel:etymology	rus: перестройка
pol: mądrość	rel:etymology	pol: -ość
pol: mleczarz	rel:etymology	pol: mleko
pol: zoogeografia	rel:etymology	pol: zoo-
pol: UEFA	rel:etymology	eng: UEFA
pol: podcasting	rel:etymology	eng: podcasting
pol: go	rel:etymology	jpn: 碁
pol: mrówkojad	rel:etymology	pol: -jad
pol: reportaż	rel:etymology	fra: reportage
pol: obfitość	rel:etymology	pol: obfity
pol: wyszukiwarka	rel:etymology	pol: wyszukiwać
pol: przepiękny	rel:etymology	pol: prze-
pol: ludzkość	rel:etymology	pol: ludzki
pol: dwuznak	rel:etymology	pol: dwu-
pol: fok	rel:etymology	nld: fok
pol: przeszłość	rel:etymology	pol: -ość
pol: królik	rel:etymology	pol: król
pol: folder	rel:etymology	eng: folder
pol: gilotyna	rel:etymology	fra: guillotine
pol: szal	rel:etymology	fra: châle
pol: bandaż	rel:etymology	fra: bandage
pol: Aarhus	rel:etymology	dan: Aarhus
pol: Cagliari	rel:etymology	ita: Cagliari
pol: heroina	rel:etymology	deu: Heroin
pol: kakao	rel:etymology	spa: cacao
pol: Coventry	rel:etymology	eng: Coventry
pol: zegar	rel:etymology	deu: Seiger
pol: malaria	rel:etymology	ita: malaria
pol: dekalog	rel:etymology	lat: decalogus
pol: żabojad	rel:etymology	pol: -jad
pol: impreza	rel:etymology	ita: impresa
pol: klown	rel:etymology	eng: clown
pol: taras	rel:etymology	fra: terrasse
pol: całość	rel:etymology	pol: cały
pol: opinia	rel:etymology	lat: opinio
pol: aksamit	rel:etymology	grc: ἑξάμιτος
pol: autor	rel:etymology	lat: auctor
pol: iPod	rel:etymology	eng: iPod
pol: soul	rel:etymology	eng: soul
pol: penis	rel:etymology	lat: penis
pol: rubryka	rel:etymology	lat: rubrica
pol: prostokąt	rel:etymology	pol: kąt
pol: wartość	rel:etymology	pol: -ość
pol: cytryna	rel:etymology	lat: citrus
pol: szerokość	rel:etymology	pol: szeroki
pol: dojo	rel:etymology	jpn: 道場
pol: sauna	rel:etymology	fin: sauna
pol: rzeczywistość	rel:etymology	pol: -ość
pol: półwysep	rel:etymology	pol: pół
pol: półprzewodnik	rel:etymology	pol: przewodnik
pol: fura	rel:etymology	deu: Fuhre
pol: alleluja	rel:etymology	heb: הללויה
pol: Persefona	rel:etymology	grc: Περσεφόνη
pol: karnawałowy	rel:etymology	pol: -owy
pol: fasola	rel:etymology	lat: faseolus
pol: hiragana	rel:etymology	jpn: 平仮名
pol: ćwierćfinał	rel:etymology	pol: finał
pol: ciemność	rel:etymology	pol: -ość
pol: półwysep	rel:etymology	pol: wyspa
pol: wieczność	rel:etymology	pol: wieczny
pol: wysokość	rel:etymology	pol: wysoki
pol: wolność	rel:etymology	pol: -ość
pol: zero	rel:etymology	ita: zero
pol: ludzkość	rel:etymology	pol: -ość
pol: karate	rel:etymology	jpn: 空手
pol: fobia	rel:etymology	grc: φόβος
pol: sen	rel:etymology	chu: сънъ
pol: dżez	rel:etymology	eng: jazz
pol: lider	rel:etymology	eng: leader
pol: wiolonczela	rel:etymology	ita: violoncello
pol: godność	rel:etymology	pol: godny
pol: hamulec	rel:etymology	deu: Hemmholz
pol: apokalipsa	rel:etymology	grc: ἀποκάλυψις
pol: garaż	rel:etymology	fra: garage
pol: borsuk	rel:etymology	tur: porsuk
pol: klaka	rel:etymology	fra: claque
pol: Hypnos	rel:etymology	grc: Ὕπνος
pol: odejść	rel:etymology	pol: od-
pol: anioł	rel:etymology	grc: ἄγγελος
pol: biznes	rel:etymology	eng: business
pol: bunt	rel:etymology	deu: Bund
pol: butelka	rel:etymology	fra: bouteille
pol: filar	rel:etymology	lat: pilare
pol: kojot	rel:etymology	spa: coyote
pol: dżudoka	rel:etymology	jpn: 柔道家
pol: felieton	rel:etymology	fra: feuilleton
pol: papuga	rel:etymology	tur: papağan
pol: szablodziób	rel:etymology	pol: dziób
pol: głośność	rel:etymology	pol: głośny
pol: wanilia	rel:etymology	spa: vainilla
pol: aresztować	rel:etymology	lat: arresto
pol: wolność	rel:etymology	pol: wolny
pol: humus	rel:etymology	lat: humus
pol: fosa	rel:etymology	lat: fossa
pol: jednomyślność	rel:etymology	pol: -ość
pol: gejsza	rel:etymology	jpn: 芸者
pol: dżelada	rel:etymology	amh: ጭላዳ
pol: sport	rel:etymology	eng: sport
pol: harem	rel:etymology	tur: harem
pol: krucjata	rel:etymology	lat: cruciata
pol: niepodległość	rel:etymology	pol: niepodległy
pol: mebel	rel:etymology	fra: meuble
pol: plastyczność	rel:etymology	pol: plastyczny
pol: magia	rel:etymology	lat: magia
pol: cukier	rel:etymology	deu: Zucker
pol: elektryczny	rel:etymology	grc: ἤλεκτρον
pol: mandolina	rel:etymology	ita: mandolino
pol: wściekłość	rel:etymology	pol: wściekły
pol: metr	rel:etymology	fra: mètre
pol: Macintosh	rel:etymology	eng: Macintosh
pol: konto	rel:etymology	ita: conto
pol: podtytuł	rel:etymology	pol: tytuł
pol: półprzewodnik	rel:etymology	pol: pół
pol: Newcastle	rel:etymology	eng: Newcastle
pol: trolejbus	rel:etymology	eng: trolleybus
pol: przedmówca	rel:etymology	pol: mówca
pol: sprawiedliwość	rel:etymology	pol: sprawiedliwy
pol: nieśmiałość	rel:etymology	pol: -ość
pol: harakiri	rel:etymology	jpn: 腹切り
pol: menora	rel:etymology	heb: מנורה
pol: przedwczoraj	rel:etymology	pol: przed
pol: gamepad	rel:etymology	eng: gamepad
pol: kiosk	rel:etymology	fra: kiosque
pol: kolega	rel:etymology	lat: collega
pol: dżinn	rel:etymology	ara: جن
pol: szpinak	rel:etymology	ces: špinák
pol: niecierpliwość	rel:etymology	pol: niecierpliwy
pol: niepewny	rel:etymology	pol: pewny
pol: komunizm	rel:etymology	lat: communis
pol: cesarz	rel:etymology	lat: Caesar
pol: siogun	rel:etymology	jpn: 将軍
pol: premiera	rel:etymology	fra: première
pol: wielokulturowość	rel:etymology	pol: wielokulturowy
pol: dres	rel:etymology	eng: dress
pol: dżin	rel:etymology	ara: جن
pol: tenisowy	rel:etymology	pol: -owy
pol: rajtuzy	rel:etymology	deu: Reithosen
pol: fotel	rel:etymology	fra: fauteuil
pol: mecz	rel:etymology	eng: match
pol: dadaizm	rel:etymology	fra: dadaïsme
pol: czytelność	rel:etymology	pol: -ość
pol: bioróżnorodność	rel:etymology	pol: różnorodność
pol: taniec	rel:etymology	gmh: tanz
pol: koniak	rel:etymology	fra: cognac
pol: ikebana	rel:etymology	jpn: 生け花
pol: żel	rel:etymology	fra: gelée
pol: aria	rel:etymology	ita: aria
pol: trwać	rel:etymology	ces: trvat
pol: prędkość	rel:etymology	pol: prędki
pol: pierestrojka	rel:etymology	rus: перестройка
pol: makaron	rel:etymology	ita: maccheroni
pol: przedwczoraj	rel:etymology	pol: wczoraj
pol: pleonazm	rel:etymology	grc: πλεονασμός
pol: gazeta	rel:etymology	fra: gazette
pol: mieszczanin	rel:etymology	pol: miasto
pol: nieśmiertelność	rel:etymology	pol: -ość
pol: kukurydza	rel:etymology	ota: قوقوروز
pol: odejść	rel:etymology	pol: iść
pol: lonża	rel:etymology	fra: longe
pol: narodowość	rel:etymology	pol: -ość
pol: cygaro	rel:etymology	spa: cigarro
pol: półfinał	rel:etymology	pol: pół
pol: karczoch	rel:etymology	ita: carciofo
pol: komin	rel:etymology	deu: Kamin
pol: niepewny	rel:etymology	pol: nie-
pol: solidarność	rel:etymology	pol: -ość
pol: ster	rel:etymology	deu: Steuer
pol: umiejętność	rel:etymology	pol: -ość
pol: bushido	rel:etymology	jpn: 武士道
pol: uczciwość	rel:etymology	pol: -ość
pol: wdzięczność	rel:etymology	pol: -ość
pol: dorosłość	rel:etymology	pol: dorosły
pol: feminizm	rel:etymology	lat: femina
pol: możliwość	rel:etymology	pol: możliwy
pol: fartuch	rel:etymology	deu: Vortuch
pol: królik	rel:etymology	pol: -ik
pol: samotność	rel:etymology	pol: -ość
pol: przedostatni	rel:etymology	pol: ostatni
pol: sake	rel:etymology	jpn: 酒
pol: czujność	rel:etymology	pol: czujny
pol: sód	rel:etymology	lat: soda
pol: akwarium	rel:etymology	lat: aquarius
pol: handel	rel:etymology	deu: Handel
pol: perfumy	rel:etymology	fra: parfum
pol: termit	rel:etymology	grc: θέρμη
pol: aborcja	rel:etymology	lat: abortio
pol: platanowy	rel:etymology	pol: -owy
pol: kameleon	rel:etymology	grc: χαμαιλέων
pol: bliskość	rel:etymology	pol: bliski
pol: bilard	rel:etymology	fra: billard
pol: wielokulturowość	rel:etymology	pol: -ość
pol: mozaika	rel:etymology	ita: mosaico
pol: horoskop	rel:etymology	grc: ὡροσκόπος
pol: toga	rel:etymology	lat: toga
pol: kanapa	rel:etymology	fra: canapé
pol: faza	rel:etymology	grc: φάσις
pol: kartkówka	rel:etymology	pol: -ówka
pol: Oleg	rel:etymology	rus: Олег
pol: kokaina	rel:etymology	spa: coca
pol: rubel	rel:etymology	rus: рубль
pol: makijaż	rel:etymology	fra: maquillage
pol: CONCACAF	rel:etymology	eng: CONCACAF
pol: budżet	rel:etymology	eng: budget
pol: mutra	rel:etymology	deu: Mutter
pol: katakana	rel:etymology	jpn: 片仮名
pol: eufemizm	rel:etymology	grc: εὐφημισμός
pol: rysunek	rel:etymology	pol: rysować
pol: kobra	rel:etymology	por: cobra
pol: bloger	rel:etymology	eng: blogger
pol: kakaowy	rel:etymology	pol: kakao
pol: zakrystia	rel:etymology	lat: sacristia
pol: ląd	rel:etymology	deu: Land
pol: nieśmiertelność	rel:etymology	pol: nieśmiertelny
pol: odchodzić	rel:etymology	pol: od-
pol: tapeta	rel:etymology	deu: Tapete
pol: dyskusja	rel:etymology	lat: discussio
pol: bestia	rel:etymology	lat: bestia
pol: mniejszość	rel:etymology	pol: -ość
pol: bliskość	rel:etymology	pol: -ość
pol: deser	rel:etymology	fra: dessert
pol: dżersej	rel:etymology	eng: jersey
pol: kartofel	rel:etymology	deu: Kartoffel
pol: półmetal	rel:etymology	pol: pół
pol: sabotaż	rel:etymology	fra: sabotage
pol: biuro	rel:etymology	fra: bureau
pol: niecierpliwość	rel:etymology	pol: -ość
pol: temblak	rel:etymology	tur: temlik
pol: gimnazjum	rel:etymology	grc: γυμνάσιον
pol: mamut	rel:etymology	rus: мамонт
pol: paleontologia	rel:etymology	pol: ontologia
pol: brezent	rel:etymology	nld: presenning
pol: herbata	rel:etymology	lat: ''[[herba]] [[thea]]''
pol: bukiet	rel:etymology	fra: bouquet
pol: faszyzm	rel:etymology	ita: fascismo
pol: Teksas	rel:etymology	eng: Texas
pol: szakal	rel:etymology	fra: chacal
pol: torf	rel:etymology	deu: Torf
pol: AFC	rel:etymology	eng: AFC
pol: kakaowy	rel:etymology	pol: -owy
pol: tunel	rel:etymology	eng: tunnel
pol: kantar	rel:etymology	hun: kantár
pol: witraż	rel:etymology	fra: vitrage
pol: pseudonauka	rel:etymology	pol: nauka
pol: premier	rel:etymology	fra: premier
pol: tożsamość	rel:etymology	pol: tożsamy
pol: fabryka	rel:etymology	lat: fabrica
pol: niepodległość	rel:etymology	pol: -ość
pol: czekolada	rel:etymology	ita: cioccolata
pol: gdyby	rel:etymology	pol: gdy
pol: felga	rel:etymology	deu: Felge
pol: ikona	rel:etymology	grc: εἰκών
pol: odległość	rel:etymology	pol: odległy
pol: portret	rel:etymology	fra: portrait
pol: złość	rel:etymology	pol: -ość
pol: kontrabas	rel:etymology	ita: contrabbasso
pol: medycyna	rel:etymology	lat: medicina
pol: supermarket	rel:etymology	eng: supermarket
pol: krokodyl	rel:etymology	grc: κροκόδειλος
pol: czajnik	rel:etymology	rus: чайник
pol: obfitość	rel:etymology	pol: -ość
pol: rabarbar	rel:etymology	lat: rhabarbarum
pol: dżentelmen	rel:etymology	eng: gentleman
pol: rekord	rel:etymology	eng: record
pol: szarość	rel:etymology	pol: -ość
pol: prostokąt	rel:etymology	pol: prosty
pol: robot	rel:etymology	ces: robot
pol: skamieniałość	rel:etymology	pol: -ość
pol: skłonność	rel:etymology	pol: skłonny
pol: zoogeografia	rel:etymology	pol: geografia
pol: cyfra	rel:etymology	ara: صفر
pol: narodowość	rel:etymology	pol: narodowy
pol: znajomość	rel:etymology	pol: znajomy
pol: farma	rel:etymology	eng: farm
pol: Microsoft	rel:etymology	eng: Microsoft
pol: ratusz	rel:etymology	deu: Rathaus
pol: makia	rel:etymology	ita: macchia
pol: stewardessa	rel:etymology	eng: stewardess
pol: film	rel:etymology	eng: film
pol: szprot	rel:etymology	deu: Sprotte
pol: sprawiedliwość	rel:etymology	pol: -ość
pol: niepewność	rel:etymology	pol: niepewny
pol: właściwość	rel:etymology	pol: -ość
pol: likier	rel:etymology	fra: liqueur
pol: godność	rel:etymology	pol: -ość
pol: półfinał	rel:etymology	pol: finał
pol: geografia	rel:etymology	lat: geographia
pol: butik	rel:etymology	fra: boutique
pol: cerkiew	rel:etymology	chu: црькꙑ
pol: bumerang	rel:etymology	eng: boomerang
pol: mina	rel:etymology	fra: mine
pol: fakt	rel:etymology	lat: factum
pol: karmel	rel:etymology	fra: caramel
pol: alkohol	rel:etymology	ara: كحل
pol: sakrament	rel:etymology	lat: sacramentum
pol: radio	rel:etymology	lat: radius
pol: krewetka	rel:etymology	fra: crevette
pol: Lier	rel:etymology	nor: Lier
pol: gitara	rel:etymology	spa: guitarra
pol: scena	rel:etymology	grc: σκηνή
pol: odpowiedzialność	rel:etymology	pol: odpowiedzialny
pol: forum	rel:etymology	lat: forum
pol: granat	rel:etymology	lat: granatum
pol: smalec	rel:etymology	deu: Schmalz
pol: fotografia	rel:etymology	fra: photographie
pol: honor	rel:etymology	lat: honor
pol: standard	rel:etymology	eng: standard
pol: nieruchomość	rel:etymology	pol: -ość
pol: sandhi	rel:etymology	san: संधि
pol: debiut	rel:etymology	fra: début
pol: czynność	rel:etymology	pol: czyn
pol: kimono	rel:etymology	jpn: 着物
pol: sułtan	rel:etymology	tur: sultan
pol: Brescia	rel:etymology	lmo: Brèsa
pol: folklor	rel:etymology	eng: folklore
pol: delirium	rel:etymology	lat: delirium
pol: pora roku	rel:etymology	pol: pora
pol: czarnawy	rel:etymology	pol: czarny
pol: shogun	rel:etymology	jpn: 将軍
pol: dżungla	rel:etymology	hin: जंगल
pol: kryterium	rel:etymology	grc: κριτήριον
pol: sojusz	rel:etymology	rus: союз
pol: FIFA	rel:etymology	eng: FIFA
pol: liceum	rel:etymology	lat: Lyceum
pol: wiadomość	rel:etymology	pol: wiadomy
pol: mistrz	rel:etymology	ces: mistr
pol: pumeks	rel:etymology	lat: pumex
